{
	"__comment": "Designed by JTK222 with Cubik Studio - https://cubik.studio",
	"textures": {
		"particle": "#texture",
		"texture": "#texture"
	},
	"elements": [ 	 
		{
			"__comment": "Box1",
			"from": [ 6, 0, 6.5 ],
			"to": [ 10, 0.5, 9.5 ],
			"faces": {
				"down": { "uv": [ 6, 6.5, 10, 9.5 ], "texture": "#texture" },
				"up": { "uv": [ 6, 6.5, 10, 9.5 ], "texture": "#texture" },
				"north": { "uv": [ 6, 15.5, 10, 16 ], "texture": "#texture" },
				"south": { "uv": [ 6, 15.5, 10, 16 ], "texture": "#texture" },
				"west": { "uv": [ 6.5, 15.5, 9.5, 16 ], "texture": "#texture" },
				"east": { "uv": [ 6.5, 15.5, 9.5, 16 ], "texture": "#texture" }
			}
		},
		{
			"__comment": "Box2",
			"from": [ 6.5, 0, 6 ],
			"to": [ 9.5, 0.5, 6.5 ],
			"faces": {
				"down": { "uv": [ 6.5, 9.5, 9.5, 10 ], "texture": "#texture" },
				"up": { "uv": [ 6.5, 6, 9.5, 6.5 ], "texture": "#texture" },
				"north": { "uv": [ 6.5, 15.5, 9.5, 16 ], "texture": "#texture" },
				"south": { "uv": [ 6.5, 15.5, 9.5, 16 ], "texture": "#texture" },
				"west": { "uv": [ 6, 15.5, 6.5, 16 ], "texture": "#texture" },
				"east": { "uv": [ 9.5, 15.5, 10, 16 ], "texture": "#texture" }
			}
		},
		{
			"__comment": "Box3",
			"from": [ 6.5, 0, 9.5 ],
			"to": [ 9.5, 0.5, 10 ],
			"faces": {
				"down": { "uv": [ 6.5, 6, 9.5, 6.5 ], "texture": "#texture" },
				"up": { "uv": [ 6.5, 9.5, 9.5, 10 ], "texture": "#texture" },
				"north": { "uv": [ 6.5, 15.5, 9.5, 16 ], "texture": "#texture" },
				"south": { "uv": [ 6.5, 15.5, 9.5, 16 ], "texture": "#texture" },
				"west": { "uv": [ 9.5, 15.5, 10, 16 ], "texture": "#texture" },
				"east": { "uv": [ 6, 15.5, 6.5, 16 ], "texture": "#texture" }
			}
		},
		{
			"__comment": "Box4",
			"from": [ 6.5, 9, 5.5 ],
			"to": [ 9.5, 9.5, 6 ],
			"faces": {
				"down": { "uv": [ 6.5, 10, 9.5, 10.5 ], "texture": "#texture" },
				"up": { "uv": [ 6.5, 5.5, 9.5, 6 ], "texture": "#texture" },
				"north": { "uv": [ 6.5, 6.5, 9.5, 7 ], "texture": "#texture" },
				"south": { "uv": [ 6.5, 6.5, 9.5, 7 ], "texture": "#texture" },
				"west": { "uv": [ 5.5, 6.5, 6, 7 ], "texture": "#texture" },
				"east": { "uv": [ 10, 6.5, 10.5, 7 ], "texture": "#texture" }
			}
		},
		{
			"__comment": "Box5",
			"from": [ 6.5, 9, 10 ],
			"to": [ 9.5, 9.5, 10.5 ],
			"faces": {
				"down": { "uv": [ 6.5, 5.5, 9.5, 6 ], "texture": "#texture" },
				"up": { "uv": [ 6.5, 10, 9.5, 10.5 ], "texture": "#texture" },
				"north": { "uv": [ 6.5, 6.5, 9.5, 7 ], "texture": "#texture" },
				"south": { "uv": [ 6.5, 6.5, 9.5, 7 ], "texture": "#texture" },
				"west": { "uv": [ 10, 6.5, 10.5, 7 ], "texture": "#texture" },
				"east": { "uv": [ 5.5, 6.5, 6, 7 ], "texture": "#texture" }
			}
		},
		{
			"__comment": "Box6",
			"from": [ 6, 9, 6 ],
			"to": [ 6.5, 9.5, 6.5 ],
			"faces": {
				"down": { "uv": [ 6, 9.5, 6.5, 10 ], "texture": "#texture" },
				"up": { "uv": [ 6, 6, 6.5, 6.5 ], "texture": "#texture" },
				"north": { "uv": [ 9.5, 6.5, 10, 7 ], "texture": "#texture" },
				"south": { "uv": [ 6, 6.5, 6.5, 7 ], "texture": "#texture" },
				"west": { "uv": [ 6, 6.5, 6.5, 7 ], "texture": "#texture" },
				"east": { "uv": [ 9.5, 6.5, 10, 7 ], "texture": "#texture" }
			}
		},
		{
			"__comment": "Box7",
			"from": [ 9.5, 9, 6 ],
			"to": [ 10, 9.5, 6.5 ],
			"faces": {
				"down": { "uv": [ 9.5, 9.5, 10, 10 ], "texture": "#texture" },
				"up": { "uv": [ 9.5, 6, 10, 6.5 ], "texture": "#texture" },
				"north": { "uv": [ 6, 6.5, 6.5, 7 ], "texture": "#texture" },
				"south": { "uv": [ 9.5, 6.5, 10, 7 ], "texture": "#texture" },
				"west": { "uv": [ 6, 6.5, 6.5, 7 ], "texture": "#texture" },
				"east": { "uv": [ 9.5, 6.5, 10, 7 ], "texture": "#texture" }
			}
		},
		{
			"__comment": "Box8",
			"from": [ 5.5, 9, 6.5 ],
			"to": [ 6, 9.5, 9.5 ],
			"faces": {
				"down": { "uv": [ 5.5, 6.5, 6, 9.5 ], "texture": "#texture" },
				"up": { "uv": [ 5.5, 6.5, 6, 9.5 ], "texture": "#texture" },
				"north": { "uv": [ 10, 6.5, 10.5, 7 ], "texture": "#texture" },
				"south": { "uv": [ 5.5, 6.5, 6, 7 ], "texture": "#texture" },
				"west": { "uv": [ 6.5, 6.5, 9.5, 7 ], "texture": "#texture" },
				"east": { "uv": [ 6.5, 6.5, 9.5, 7 ], "texture": "#texture" }
			}
		},
		{
			"__comment": "Box9",
			"from": [ 10, 9, 6.5 ],
			"to": [ 10.5, 9.5, 9.5 ],
			"faces": {
				"down": { "uv": [ 10, 6.5, 10.5, 9.5 ], "texture": "#texture" },
				"up": { "uv": [ 10, 6.5, 10.5, 9.5 ], "texture": "#texture" },
				"north": { "uv": [ 5.5, 6.5, 6, 7 ], "texture": "#texture" },
				"south": { "uv": [ 10, 6.5, 10.5, 7 ], "texture": "#texture" },
				"west": { "uv": [ 6.5, 6.5, 9.5, 7 ], "texture": "#texture" },
				"east": { "uv": [ 6.5, 6.5, 9.5, 7 ], "texture": "#texture" }
			}
		},
		{
			"__comment": "Box10",
			"from": [ 6, 9, 9.5 ],
			"to": [ 6.5, 9.5, 10 ],
			"faces": {
				"down": { "uv": [ 6, 6, 6.5, 6.5 ], "texture": "#texture" },
				"up": { "uv": [ 6, 9.5, 6.5, 10 ], "texture": "#texture" },
				"north": { "uv": [ 9.5, 6.5, 10, 7 ], "texture": "#texture" },
				"south": { "uv": [ 6, 6.5, 6.5, 7 ], "texture": "#texture" },
				"west": { "uv": [ 9.5, 6.5, 10, 7 ], "texture": "#texture" },
				"east": { "uv": [ 6, 6.5, 6.5, 7 ], "texture": "#texture" }
			}
		},
		{
			"__comment": "Box11",
			"from": [ 9.5, 9, 9.5 ],
			"to": [ 10, 9.5, 10 ],
			"faces": {
				"down": { "uv": [ 9.5, 6, 10, 6.5 ], "texture": "#texture" },
				"up": { "uv": [ 9.5, 9.5, 10, 10 ], "texture": "#texture" },
				"north": { "uv": [ 6, 6.5, 6.5, 7 ], "texture": "#texture" },
				"south": { "uv": [ 9.5, 6.5, 10, 7 ], "texture": "#texture" },
				"west": { "uv": [ 9.5, 6.5, 10, 7 ], "texture": "#texture" },
				"east": { "uv": [ 6, 6.5, 6.5, 7 ], "texture": "#texture" }
			}
		},
		{
			"__comment": "Box4",
			"from": [ 6.5, 0.5, 5.5 ],
			"to": [ 9.5, 2, 6 ],
			"faces": {
				"down": { "uv": [ 6.5, 10, 9.5, 10.5 ], "texture": "#texture" },
				"up": { "uv": [ 6.5, 5.5, 9.5, 6 ], "texture": "#texture" },
				"north": { "uv": [ 6.5, 14, 9.5, 15.5 ], "texture": "#texture" },
				"south": { "uv": [ 6.5, 14, 9.5, 15.5 ], "texture": "#texture" },
				"west": { "uv": [ 5.5, 14, 6, 15.5 ], "texture": "#texture" },
				"east": { "uv": [ 10, 14, 10.5, 15.5 ], "texture": "#texture" }
			}
		},
		{
			"__comment": "Box7",
			"from": [ 9.5, 0.5, 6 ],
			"to": [ 10, 2, 6.5 ],
			"faces": {
				"down": { "uv": [ 9.5, 9.5, 10, 10 ], "texture": "#texture" },
				"up": { "uv": [ 9.5, 6, 10, 6.5 ], "texture": "#texture" },
				"north": { "uv": [ 6, 14, 6.5, 15.5 ], "texture": "#texture" },
				"south": { "uv": [ 9.5, 14, 10, 15.5 ], "texture": "#texture" },
				"west": { "uv": [ 6, 14, 6.5, 15.5 ], "texture": "#texture" },
				"east": { "uv": [ 9.5, 14, 10, 15.5 ], "texture": "#texture" }
			}
		},
		{
			"__comment": "Box9",
			"from": [ 10, 0.5, 6.5 ],
			"to": [ 10.5, 2, 9.5 ],
			"faces": {
				"down": { "uv": [ 10, 6.5, 10.5, 9.5 ], "texture": "#texture" },
				"up": { "uv": [ 10, 6.5, 10.5, 9.5 ], "texture": "#texture" },
				"north": { "uv": [ 5.5, 14, 6, 15.5 ], "texture": "#texture" },
				"south": { "uv": [ 10, 14, 10.5, 15.5 ], "texture": "#texture" },
				"west": { "uv": [ 6.5, 14, 9.5, 15.5 ], "texture": "#texture" },
				"east": { "uv": [ 6.5, 14, 9.5, 15.5 ], "texture": "#texture" }
			}
		},
		{
			"__comment": "Box11",
			"from": [ 9.5, 0.5, 9.5 ],
			"to": [ 10, 2, 10 ],
			"faces": {
				"down": { "uv": [ 9.5, 6, 10, 6.5 ], "texture": "#texture" },
				"up": { "uv": [ 9.5, 9.5, 10, 10 ], "texture": "#texture" },
				"north": { "uv": [ 6, 14, 6.5, 15.5 ], "texture": "#texture" },
				"south": { "uv": [ 9.5, 14, 10, 15.5 ], "texture": "#texture" },
				"west": { "uv": [ 9.5, 14, 10, 15.5 ], "texture": "#texture" },
				"east": { "uv": [ 6, 14, 6.5, 15.5 ], "texture": "#texture" }
			}
		},
		{
			"__comment": "Box5",
			"from": [ 6.5, 0.5, 10 ],
			"to": [ 9.5, 2, 10.5 ],
			"faces": {
				"down": { "uv": [ 6.5, 5.5, 9.5, 6 ], "texture": "#texture" },
				"up": { "uv": [ 6.5, 10, 9.5, 10.5 ], "texture": "#texture" },
				"north": { "uv": [ 6.5, 14, 9.5, 15.5 ], "texture": "#texture" },
				"south": { "uv": [ 6.5, 14, 9.5, 15.5 ], "texture": "#texture" },
				"west": { "uv": [ 10, 14, 10.5, 15.5 ], "texture": "#texture" },
				"east": { "uv": [ 5.5, 14, 6, 15.5 ], "texture": "#texture" }
			}
		},
		{
			"__comment": "Box10",
			"from": [ 6, 0.5, 9.5 ],
			"to": [ 6.5, 2, 10 ],
			"faces": {
				"down": { "uv": [ 6, 6, 6.5, 6.5 ], "texture": "#texture" },
				"up": { "uv": [ 6, 9.5, 6.5, 10 ], "texture": "#texture" },
				"north": { "uv": [ 9.5, 14, 10, 15.5 ], "texture": "#texture" },
				"south": { "uv": [ 6, 14, 6.5, 15.5 ], "texture": "#texture" },
				"west": { "uv": [ 9.5, 14, 10, 15.5 ], "texture": "#texture" },
				"east": { "uv": [ 6, 14, 6.5, 15.5 ], "texture": "#texture" }
			}
		},
		{
			"__comment": "Box8",
			"from": [ 5.5, 0.5, 6.5 ],
			"to": [ 6, 2, 9.5 ],
			"faces": {
				"down": { "uv": [ 5.5, 6.5, 6, 9.5 ], "texture": "#texture" },
				"up": { "uv": [ 5.5, 6.5, 6, 9.5 ], "texture": "#texture" },
				"north": { "uv": [ 10, 14, 10.5, 15.5 ], "texture": "#texture" },
				"south": { "uv": [ 5.5, 14, 6, 15.5 ], "texture": "#texture" },
				"west": { "uv": [ 6.5, 14, 9.5, 15.5 ], "texture": "#texture" },
				"east": { "uv": [ 6.5, 14, 9.5, 15.5 ], "texture": "#texture" }
			}
		},
		{
			"__comment": "Box6",
			"from": [ 6, 0.5, 6 ],
			"to": [ 6.5, 2, 6.5 ],
			"faces": {
				"down": { "uv": [ 6, 9.5, 6.5, 10 ], "texture": "#texture" },
				"up": { "uv": [ 6, 6, 6.5, 6.5 ], "texture": "#texture" },
				"north": { "uv": [ 9.5, 14, 10, 15.5 ], "texture": "#texture" },
				"south": { "uv": [ 6, 14, 6.5, 15.5 ], "texture": "#texture" },
				"west": { "uv": [ 6, 14, 6.5, 15.5 ], "texture": "#texture" },
				"east": { "uv": [ 9.5, 14, 10, 15.5 ], "texture": "#texture" }
			}
		},
		{
			"__comment": "Box20",
			"from": [ 6, 2, 5 ],
			"to": [ 10, 7, 5.5 ],
			"faces": {
				"down": { "uv": [ 6, 10.5, 10, 11 ], "texture": "#texture" },
				"up": { "uv": [ 6, 5, 10, 5.5 ], "texture": "#texture" },
				"north": { "uv": [ 6, 9, 10, 14 ], "texture": "#texture" },
				"south": { "uv": [ 6, 9, 10, 14 ], "texture": "#texture" },
				"west": { "uv": [ 5, 9, 5.5, 14 ], "texture": "#texture" },
				"east": { "uv": [ 10.5, 9, 11, 14 ], "texture": "#texture" }
			}
		},
		{
			"__comment": "Box21",
			"from": [ 10.5, 2, 6 ],
			"to": [ 11, 7, 9.999001 ],
			"faces": {
				"down": { "uv": [ 10.5, 6.000999, 11, 10 ], "texture": "#texture" },
				"up": { "uv": [ 10.5, 6, 11, 9.999001 ], "texture": "#texture" },
				"north": { "uv": [ 5, 9, 5.5, 14 ], "texture": "#texture" },
				"south": { "uv": [ 10.5, 9, 11, 14 ], "texture": "#texture" },
				"west": { "uv": [ 6, 9, 9.999001, 14 ], "texture": "#texture" },
				"east": { "uv": [ 6.001, 9, 10, 14 ], "texture": "#texture" }
			}
		},
		{
			"__comment": "Box22",
			"from": [ 5, 2, 6 ],
			"to": [ 5.5, 7, 9.999001 ],
			"faces": {
				"down": { "uv": [ 5, 6.000999, 5.5, 10 ], "texture": "#texture" },
				"up": { "uv": [ 5, 6, 5.5, 9.999001 ], "texture": "#texture" },
				"north": { "uv": [ 10.5, 9, 11, 14 ], "texture": "#texture" },
				"south": { "uv": [ 5, 9, 5.5, 14 ], "texture": "#texture" },
				"west": { "uv": [ 6, 9, 9.999001, 14 ], "texture": "#texture" },
				"east": { "uv": [ 6.001, 9, 10, 14 ], "texture": "#texture" }
			}
		},
		{
			"__comment": "Box23",
			"from": [ 6, 2, 10.5 ],
			"to": [ 10, 7, 11 ],
			"faces": {
				"down": { "uv": [ 6, 5, 10, 5.5 ], "texture": "#texture" },
				"up": { "uv": [ 6, 10.5, 10, 11 ], "texture": "#texture" },
				"north": { "uv": [ 6, 9, 10, 14 ], "texture": "#texture" },
				"south": { "uv": [ 6, 9, 10, 14 ], "texture": "#texture" },
				"west": { "uv": [ 10.5, 9, 11, 14 ], "texture": "#texture" },
				"east": { "uv": [ 5, 9, 5.5, 14 ], "texture": "#texture" }
			}
		},
		{
			"__comment": "Box24",
			"from": [ 5.5, 2, 5.5 ],
			"to": [ 6.5, 7, 6.499 ],
			"faces": {
				"down": { "uv": [ 5.5, 9.500999, 6.5, 10.5 ], "texture": "#texture" },
				"up": { "uv": [ 5.5, 5.5, 6.5, 6.499001 ], "texture": "#texture" },
				"north": { "uv": [ 9.5, 9, 10.5, 14 ], "texture": "#texture" },
				"south": { "uv": [ 5.5, 9, 6.5, 14 ], "texture": "#texture" },
				"west": { "uv": [ 5.5, 9, 6.499, 14 ], "texture": "#texture" },
				"east": { "uv": [ 9.500999, 9, 10.5, 14 ], "texture": "#texture" }
			}
		},
		{
			"__comment": "Box25",
			"from": [ 9.5, 2, 5.5 ],
			"to": [ 10.5, 7, 6.499 ],
			"faces": {
				"down": { "uv": [ 9.5, 9.500999, 10.5, 10.5 ], "texture": "#texture" },
				"up": { "uv": [ 9.5, 5.5, 10.5, 6.499001 ], "texture": "#texture" },
				"north": { "uv": [ 5.5, 9, 6.5, 14 ], "texture": "#texture" },
				"south": { "uv": [ 9.5, 9, 10.5, 14 ], "texture": "#texture" },
				"west": { "uv": [ 5.5, 9, 6.499, 14 ], "texture": "#texture" },
				"east": { "uv": [ 9.500999, 9, 10.5, 14 ], "texture": "#texture" }
			}
		},
		{
			"__comment": "Box26",
			"from": [ 5.5, 2, 9.5 ],
			"to": [ 6.5, 7, 10.499 ],
			"faces": {
				"down": { "uv": [ 5.5, 5.500999, 6.5, 6.5 ], "texture": "#texture" },
				"up": { "uv": [ 5.5, 9.5, 6.5, 10.499 ], "texture": "#texture" },
				"north": { "uv": [ 9.5, 9, 10.5, 14 ], "texture": "#texture" },
				"south": { "uv": [ 5.5, 9, 6.5, 14 ], "texture": "#texture" },
				"west": { "uv": [ 9.5, 9, 10.499, 14 ], "texture": "#texture" },
				"east": { "uv": [ 5.501, 9, 6.5, 14 ], "texture": "#texture" }
			}
		},
		{
			"__comment": "Box27",
			"from": [ 9.5, 2, 9.5 ],
			"to": [ 10.5, 7, 10.499 ],
			"faces": {
				"down": { "uv": [ 9.5, 5.500999, 10.5, 6.5 ], "texture": "#texture" },
				"up": { "uv": [ 9.5, 9.5, 10.5, 10.499 ], "texture": "#texture" },
				"north": { "uv": [ 5.5, 9, 6.5, 14 ], "texture": "#texture" },
				"south": { "uv": [ 9.5, 9, 10.5, 14 ], "texture": "#texture" },
				"west": { "uv": [ 9.5, 9, 10.499, 14 ], "texture": "#texture" },
				"east": { "uv": [ 5.501, 9, 6.5, 14 ], "texture": "#texture" }
			}
		},
		{
			"__comment": "Box28",
			"from": [ 6.5, 8, 6 ],
			"to": [ 9.5, 9, 6.5 ],
			"faces": {
				"down": { "uv": [ 6.5, 9.5, 9.5, 10 ], "texture": "#texture" },
				"up": { "uv": [ 6.5, 6, 9.5, 6.5 ], "texture": "#texture" },
				"north": { "uv": [ 6.5, 7, 9.5, 8 ], "texture": "#texture" },
				"south": { "uv": [ 6.5, 7, 9.5, 8 ], "texture": "#texture" },
				"west": { "uv": [ 6, 7, 6.5, 8 ], "texture": "#texture" },
				"east": { "uv": [ 9.5, 7, 10, 8 ], "texture": "#texture" }
			}
		},
		{
			"__comment": "Box29",
			"from": [ 9.5, 8, 6.5 ],
			"to": [ 10, 9, 9.5 ],
			"faces": {
				"down": { "uv": [ 9.5, 6.5, 10, 9.5 ], "texture": "#texture" },
				"up": { "uv": [ 9.5, 6.5, 10, 9.5 ], "texture": "#texture" },
				"north": { "uv": [ 6, 7, 6.5, 8 ], "texture": "#texture" },
				"south": { "uv": [ 9.5, 7, 10, 8 ], "texture": "#texture" },
				"west": { "uv": [ 6.5, 7, 9.5, 8 ], "texture": "#texture" },
				"east": { "uv": [ 6.5, 7, 9.5, 8 ], "texture": "#texture" }
			}
		},
		{
			"__comment": "Box30",
			"from": [ 6.5, 8, 9.5 ],
			"to": [ 9.5, 9, 10 ],
			"faces": {
				"down": { "uv": [ 6.5, 6, 9.5, 6.5 ], "texture": "#texture" },
				"up": { "uv": [ 6.5, 9.5, 9.5, 10 ], "texture": "#texture" },
				"north": { "uv": [ 6.5, 7, 9.5, 8 ], "texture": "#texture" },
				"south": { "uv": [ 6.5, 7, 9.5, 8 ], "texture": "#texture" },
				"west": { "uv": [ 9.5, 7, 10, 8 ], "texture": "#texture" },
				"east": { "uv": [ 6, 7, 6.5, 8 ], "texture": "#texture" }
			}
		},
		{
			"__comment": "Box31",
			"from": [ 6, 8, 6.5 ],
			"to": [ 6.5, 9, 9.5 ],
			"faces": {
				"down": { "uv": [ 6, 6.5, 6.5, 9.5 ], "texture": "#texture" },
				"up": { "uv": [ 6, 6.5, 6.5, 9.5 ], "texture": "#texture" },
				"north": { "uv": [ 9.5, 7, 10, 8 ], "texture": "#texture" },
				"south": { "uv": [ 6, 7, 6.5, 8 ], "texture": "#texture" },
				"west": { "uv": [ 6.5, 7, 9.5, 8 ], "texture": "#texture" },
				"east": { "uv": [ 6.5, 7, 9.5, 8 ], "texture": "#texture" }
			}
		},
		{
			"__comment": "Box4",
			"from": [ 6.5, 7, 5.5 ],
			"to": [ 9.5, 8, 6 ],
			"faces": {
				"down": { "uv": [ 6.5, 10, 9.5, 10.5 ], "texture": "#texture" },
				"up": { "uv": [ 6.5, 5.5, 9.5, 6 ], "texture": "#texture" },
				"north": { "uv": [ 6.5, 8, 9.5, 9 ], "texture": "#texture" },
				"south": { "uv": [ 6.5, 8, 9.5, 9 ], "texture": "#texture" },
				"west": { "uv": [ 5.5, 8, 6, 9 ], "texture": "#texture" },
				"east": { "uv": [ 10, 8, 10.5, 9 ], "texture": "#texture" }
			}
		},
		{
			"__comment": "Box6",
			"from": [ 6, 7, 6 ],
			"to": [ 6.5, 8, 6.5 ],
			"faces": {
				"down": { "uv": [ 6, 9.5, 6.5, 10 ], "texture": "#texture" },
				"up": { "uv": [ 6, 6, 6.5, 6.5 ], "texture": "#texture" },
				"north": { "uv": [ 9.5, 8, 10, 9 ], "texture": "#texture" },
				"south": { "uv": [ 6, 8, 6.5, 9 ], "texture": "#texture" },
				"west": { "uv": [ 6, 8, 6.5, 9 ], "texture": "#texture" },
				"east": { "uv": [ 9.5, 8, 10, 9 ], "texture": "#texture" }
			}
		},
		{
			"__comment": "Box8",
			"from": [ 5.5, 7, 6.5 ],
			"to": [ 6, 8, 9.5 ],
			"faces": {
				"down": { "uv": [ 5.5, 6.5, 6, 9.5 ], "texture": "#texture" },
				"up": { "uv": [ 5.5, 6.5, 6, 9.5 ], "texture": "#texture" },
				"north": { "uv": [ 10, 8, 10.5, 9 ], "texture": "#texture" },
				"south": { "uv": [ 5.5, 8, 6, 9 ], "texture": "#texture" },
				"west": { "uv": [ 6.5, 8, 9.5, 9 ], "texture": "#texture" },
				"east": { "uv": [ 6.5, 8, 9.5, 9 ], "texture": "#texture" }
			}
		},
		{
			"__comment": "Box10",
			"from": [ 6, 7, 9.5 ],
			"to": [ 6.5, 8, 10 ],
			"faces": {
				"down": { "uv": [ 6, 6, 6.5, 6.5 ], "texture": "#texture" },
				"up": { "uv": [ 6, 9.5, 6.5, 10 ], "texture": "#texture" },
				"north": { "uv": [ 9.5, 8, 10, 9 ], "texture": "#texture" },
				"south": { "uv": [ 6, 8, 6.5, 9 ], "texture": "#texture" },
				"west": { "uv": [ 9.5, 8, 10, 9 ], "texture": "#texture" },
				"east": { "uv": [ 6, 8, 6.5, 9 ], "texture": "#texture" }
			}
		},
		{
			"__comment": "Box5",
			"from": [ 6.5, 7, 10 ],
			"to": [ 9.5, 8, 10.5 ],
			"faces": {
				"down": { "uv": [ 6.5, 5.5, 9.5, 6 ], "texture": "#texture" },
				"up": { "uv": [ 6.5, 10, 9.5, 10.5 ], "texture": "#texture" },
				"north": { "uv": [ 6.5, 8, 9.5, 9 ], "texture": "#texture" },
				"south": { "uv": [ 6.5, 8, 9.5, 9 ], "texture": "#texture" },
				"west": { "uv": [ 10, 8, 10.5, 9 ], "texture": "#texture" },
				"east": { "uv": [ 5.5, 8, 6, 9 ], "texture": "#texture" }
			}
		},
		{
			"__comment": "Box11",
			"from": [ 9.5, 7, 9.5 ],
			"to": [ 10, 8, 10 ],
			"faces": {
				"down": { "uv": [ 9.5, 6, 10, 6.5 ], "texture": "#texture" },
				"up": { "uv": [ 9.5, 9.5, 10, 10 ], "texture": "#texture" },
				"north": { "uv": [ 6, 8, 6.5, 9 ], "texture": "#texture" },
				"south": { "uv": [ 9.5, 8, 10, 9 ], "texture": "#texture" },
				"west": { "uv": [ 9.5, 8, 10, 9 ], "texture": "#texture" },
				"east": { "uv": [ 6, 8, 6.5, 9 ], "texture": "#texture" }
			}
		},
		{
			"__comment": "Box9",
			"from": [ 10, 7, 6.5 ],
			"to": [ 10.5, 8, 9.5 ],
			"faces": {
				"down": { "uv": [ 10, 6.5, 10.5, 9.5 ], "texture": "#texture" },
				"up": { "uv": [ 10, 6.5, 10.5, 9.5 ], "texture": "#texture" },
				"north": { "uv": [ 5.5, 8, 6, 9 ], "texture": "#texture" },
				"south": { "uv": [ 10, 8, 10.5, 9 ], "texture": "#texture" },
				"west": { "uv": [ 6.5, 8, 9.5, 9 ], "texture": "#texture" },
				"east": { "uv": [ 6.5, 8, 9.5, 9 ], "texture": "#texture" }
			}
		},
		{
			"__comment": "Box7",
			"from": [ 9.5, 7, 6 ],
			"to": [ 10, 8, 6.5 ],
			"faces": {
				"down": { "uv": [ 9.5, 9.5, 10, 10 ], "texture": "#texture" },
				"up": { "uv": [ 9.5, 6, 10, 6.5 ], "texture": "#texture" },
				"north": { "uv": [ 6, 8, 6.5, 9 ], "texture": "#texture" },
				"south": { "uv": [ 9.5, 8, 10, 9 ], "texture": "#texture" },
				"west": { "uv": [ 6, 8, 6.5, 9 ], "texture": "#texture" },
				"east": { "uv": [ 9.5, 8, 10, 9 ], "texture": "#texture" }
			}
		}
	],
	"display": {
		"firstperson_righthand": {
			"translation":  [ 0, 3, 0 ]
		},
		"firstperson_lefthand": {
			"translation":  [ 0, 3, 0 ]
		},
		"gui": {
			"rotation":  [ 35, 15, 0 ],
			"translation":  [ 0, 2, 0 ]
		},
		"head": {
			"translation":  [ 0, 23, 0 ],
			"scale":  [ 2, 2, 2 ]
		},
		"ground": {
			"translation":  [ 0, 6, 0 ]
		},
		"fixed": {
			"translation":  [ 0, 4, 0 ],
			"scale":  [ 1.5, 1.5, 1.5 ]
		}
	}
}