{
	"__comment": "Designed by JTK222 with Cubik Studio - https://cubik.studio",
	"textures": {
		"particle": "drpmedieval:blocks/butter_churn/butter_churn",
		"texture": "drpmedieval:blocks/butter_churn/butter_churn",
		"butter_stick": "drpmedieval:blocks/butter_churn/butter_stick"
	},
	"elements": [ 	 
		{
			"__comment": "ButterChum",
			"from": [ 8, 0, 5 ],
			"to": [ 12, 12.5, 5.5 ],
			"faces": {
				"down": { "uv": [ 8, 10.5, 12, 11 ], "texture": "#texture" },
				"up": { "uv": [ 8, 5, 12, 5.5 ], "texture": "#texture" },
				"north": { "uv": [ 4, 3.5, 8, 16 ], "texture": "#texture" },
				"south": { "uv": [ 8, 3.5, 12, 16 ], "texture": "#texture" },
				"west": { "uv": [ 5, 3.5, 5.5, 16 ], "texture": "#texture" },
				"east": { "uv": [ 10.5, 3.5, 11, 16 ], "texture": "#texture" }
			}
		},
		{
			"__comment": "ButterChum",
			"from": [ 12.5, 0, 6 ],
			"to": [ 13, 12.5, 10 ],
			"faces": {
				"down": { "uv": [ 10.5, 6, 11, 10 ], "texture": "#texture" },
				"up": { "uv": [ 10.5, 6, 11, 10 ], "texture": "#texture" },
				"north": { "uv": [ 5, 3.5, 5.5, 16 ], "texture": "#texture" },
				"south": { "uv": [ 10.5, 3.5, 11, 16 ], "texture": "#texture" },
				"west": { "uv": [ 6, 3.5, 10, 16 ], "texture": "#texture" },
				"east": { "uv": [ 6, 3.5, 10, 16 ], "texture": "#texture" }
			}
		},
		{
			"__comment": "ButterChum",
			"from": [ 8, 0, 10.5 ],
			"to": [ 12, 12.5, 11 ],
			"faces": {
				"down": { "uv": [ 6, 5, 10, 5.5 ], "texture": "#texture" },
				"up": { "uv": [ 6, 10.5, 10, 11 ], "texture": "#texture" },
				"north": { "uv": [ 6, 3.5, 10, 16 ], "texture": "#texture" },
				"south": { "uv": [ 6, 3.5, 10, 16 ], "texture": "#texture" },
				"west": { "uv": [ 10.5, 3.5, 11, 16 ], "texture": "#texture" },
				"east": { "uv": [ 5, 3.5, 5.5, 16 ], "texture": "#texture" }
			}
		},
		{
			"__comment": "ButterChum",
			"from": [ 7, 0, 6 ],
			"to": [ 7.5, 12.5, 10 ],
			"faces": {
				"down": { "uv": [ 5, 6, 5.5, 10 ], "texture": "#texture" },
				"up": { "uv": [ 5, 6, 5.5, 10 ], "texture": "#texture" },
				"north": { "uv": [ 10.5, 3.5, 11, 16 ], "texture": "#texture" },
				"south": { "uv": [ 5, 3.5, 5.5, 16 ], "texture": "#texture" },
				"west": { "uv": [ 6, 3.5, 10, 16 ], "texture": "#texture" },
				"east": { "uv": [ 6, 3.5, 10, 16 ], "texture": "#texture" }
			}
		},
		{
			"__comment": "ButterChum",
			"from": [ 7.5, 0, 5.5 ],
			"to": [ 8, 12.5, 6 ],
			"faces": {
				"down": { "uv": [ 5.5, 10, 6, 10.5 ], "texture": "#texture" },
				"up": { "uv": [ 5.5, 5.5, 6, 6 ], "texture": "#texture" },
				"north": { "uv": [ 10, 3.5, 10.5, 16 ], "texture": "#texture" },
				"south": { "uv": [ 5.5, 3.5, 6, 16 ], "texture": "#texture" },
				"west": { "uv": [ 5.5, 3.5, 6, 16 ], "texture": "#texture" },
				"east": { "uv": [ 10, 3.5, 10.5, 16 ], "texture": "#texture" }
			}
		},
		{
			"__comment": "ButterChum",
			"from": [ 12, 0, 5.5 ],
			"to": [ 12.5, 12.5, 6 ],
			"faces": {
				"down": { "uv": [ 10, 10, 10.5, 10.5 ], "texture": "#texture" },
				"up": { "uv": [ 10, 5.5, 10.5, 6 ], "texture": "#texture" },
				"north": { "uv": [ 5.5, 3.5, 6, 16 ], "texture": "#texture" },
				"south": { "uv": [ 10, 3.5, 10.5, 16 ], "texture": "#texture" },
				"west": { "uv": [ 5.5, 3.5, 6, 16 ], "texture": "#texture" },
				"east": { "uv": [ 10, 3.5, 10.5, 16 ], "texture": "#texture" }
			}
		},
		{
			"__comment": "ButterChum",
			"from": [ 7.5, 0, 10 ],
			"to": [ 8, 12.5, 10.5 ],
			"faces": {
				"down": { "uv": [ 5.5, 5.5, 6, 6 ], "texture": "#texture" },
				"up": { "uv": [ 5.5, 10, 6, 10.5 ], "texture": "#texture" },
				"north": { "uv": [ 10, 3.5, 10.5, 16 ], "texture": "#texture" },
				"south": { "uv": [ 5.5, 3.5, 6, 16 ], "texture": "#texture" },
				"west": { "uv": [ 10, 3.5, 10.5, 16 ], "texture": "#texture" },
				"east": { "uv": [ 5.5, 3.5, 6, 16 ], "texture": "#texture" }
			}
		},
		{
			"__comment": "ButterChum",
			"from": [ 12, 0, 10 ],
			"to": [ 12.5, 12.5, 10.5 ],
			"faces": {
				"down": { "uv": [ 10, 5.5, 10.5, 6 ], "texture": "#texture" },
				"up": { "uv": [ 10, 10, 10.5, 10.5 ], "texture": "#texture" },
				"north": { "uv": [ 5.5, 3.5, 6, 16 ], "texture": "#texture" },
				"south": { "uv": [ 10, 3.5, 10.5, 16 ], "texture": "#texture" },
				"west": { "uv": [ 10, 3.5, 10.5, 16 ], "texture": "#texture" },
				"east": { "uv": [ 5.5, 3.5, 6, 16 ], "texture": "#texture" }
			}
		},
		{
			"__comment": "ButterChum",
			"from": [ 7.5, 0.5, 5.5 ],
			"to": [ 12.5, 1, 10.5 ],
			"faces": {
				"down": { "uv": [ 5.5, 5.5, 10.5, 10.5 ], "texture": "#texture" },
				"up": { "uv": [ 5.5, 5.5, 10.5, 10.5 ], "texture": "#texture" }
			}
		},
		{
			"__comment": "ButterChum",
			"from": [ 10.5, 14, 5 ],
			"to": [ 11, 15, 5.5 ],
			"faces": {
				"down": { "uv": [ 8.5, 10.5, 9, 11 ], "texture": "#texture" },
				"up": { "uv": [ 8.5, 5, 9, 5.5 ], "texture": "#texture" },
				"north": { "uv": [ 7, 1, 7.5, 2 ], "texture": "#texture" },
				"south": { "uv": [ 8.5, 1, 9, 2 ], "texture": "#texture" },
				"west": { "uv": [ 5, 1, 5.5, 2 ], "texture": "#texture" },
				"east": { "uv": [ 10.5, 1, 11, 2 ], "texture": "#texture" }
			}
		},
		{
			"__comment": "ButterChum",
			"from": [ 9, 13, 5 ],
			"to": [ 11, 14, 5.5 ],
			"faces": {
				"down": { "uv": [ 7, 10.5, 9, 11 ], "texture": "#texture" },
				"up": { "uv": [ 7, 5, 9, 5.5 ], "texture": "#texture" },
				"north": { "uv": [ 7, 2, 9, 3 ], "texture": "#texture" },
				"south": { "uv": [ 7, 2, 9, 3 ], "texture": "#texture" },
				"west": { "uv": [ 5, 2, 5.5, 3 ], "texture": "#texture" },
				"east": { "uv": [ 10.5, 2, 11, 3 ], "texture": "#texture" }
			}
		},
		{
			"__comment": "ButterChum",
			"from": [ 9, 14, 5 ],
			"to": [ 9.5, 15, 5.5 ],
			"faces": {
				"down": { "uv": [ 7, 10.5, 7.5, 11 ], "texture": "#texture" },
				"up": { "uv": [ 7, 5, 7.5, 5.5 ], "texture": "#texture" },
				"north": { "uv": [ 8.5, 1, 9, 2 ], "texture": "#texture" },
				"south": { "uv": [ 7, 1, 7.5, 2 ], "texture": "#texture" },
				"west": { "uv": [ 5, 1, 5.5, 2 ], "texture": "#texture" },
				"east": { "uv": [ 10.5, 1, 11, 2 ], "texture": "#texture" }
			}
		},
		{
			"__comment": "ButterChum",
			"from": [ 8.5, 12.5, 5 ],
			"to": [ 11.5, 13, 5.5 ],
			"faces": {
				"down": { "uv": [ 6.5, 10.5, 9.5, 11 ], "texture": "#texture" },
				"up": { "uv": [ 6.5, 5, 9.5, 5.5 ], "texture": "#texture" },
				"north": { "uv": [ 6.5, 3, 9.5, 3.5 ], "texture": "#texture" },
				"south": { "uv": [ 6.5, 3, 9.5, 3.5 ], "texture": "#texture" },
				"west": { "uv": [ 5, 3, 5.5, 3.5 ], "texture": "#texture" },
				"east": { "uv": [ 10.5, 3, 11, 3.5 ], "texture": "#texture" }
			}
		},
		{
			"__comment": "ButterChum",
			"from": [ 9, 15, 5 ],
			"to": [ 11, 15.5, 5.5 ],
			"faces": {
				"down": { "uv": [ 7, 10.5, 9, 11 ], "texture": "#texture" },
				"up": { "uv": [ 7, 5, 9, 5.5 ], "texture": "#texture" },
				"north": { "uv": [ 7, 0.5, 9, 1 ], "texture": "#texture" },
				"south": { "uv": [ 7, 0.5, 9, 1 ], "texture": "#texture" },
				"west": { "uv": [ 5, 0.5, 5.5, 1 ], "texture": "#texture" },
				"east": { "uv": [ 10.5, 0.5, 11, 1 ], "texture": "#texture" }
			}
		},
		{
			"__comment": "ButterStick",
			"from": [ 5.25, 14, 6.75 ],
			"to": [ 5.75, 14.5, 11.75 ],
			"rotation": { "origin": [ 5.75, 14.5, 6.75 ], "axis": "z", "angle": -22.5 },
			"faces": {
				"down": { "uv": [ 3.09672, 4.250001, 3.59672, 9.250001 ], "texture": "#butter_stick" },
				"up": { "uv": [ 3.09672, 6.749999, 3.59672, 11.75 ], "texture": "#butter_stick" },
				"north": { "uv": [ 12.40328, 1.270598, 12.90328, 1.770598 ], "texture": "#butter_stick" },
				"south": { "uv": [ 3.09672, 1.270598, 3.59672, 1.770598 ], "texture": "#butter_stick" },
				"west": { "uv": [ 6.749999, 1.270598, 11.75, 1.770598 ], "texture": "#butter_stick" },
				"east": { "uv": [ 4.250001, 1.270598, 9.250001, 1.770598 ], "texture": "#butter_stick" }
			}
		},
		{
			"__comment": "ButterStick",
			"from": [ 9.25, 14, 7.25 ],
			"to": [ 9.75, 14.5, 11 ],
			"rotation": { "origin": [ 5.75, 14.5, 6.75 ], "axis": "z", "angle": -22.5 },
			"faces": {
				"down": { "uv": [ 6.792233, 5.000002, 7.292233, 8.750002 ], "texture": "#butter_stick" },
				"up": { "uv": [ 6.792233, 7.249998, 7.292233, 11 ], "texture": "#butter_stick" },
				"north": { "uv": [ 8.707767, 2.801361, 9.207767, 3.301361 ], "texture": "#butter_stick" },
				"south": { "uv": [ 6.792233, 2.801361, 7.292233, 3.301361 ], "texture": "#butter_stick" },
				"west": { "uv": [ 7.249998, 2.801361, 11, 3.301361 ], "texture": "#butter_stick" },
				"east": { "uv": [ 5.000002, 2.801361, 8.750002, 3.301361 ], "texture": "#butter_stick" }
			}
		},
		{
			"__comment": "ButterStick",
			"from": [ 4.75, 14, 7.25 ],
			"to": [ 5.25, 14.5, 11.25 ],
			"rotation": { "origin": [ 5.75, 14.5, 6.75 ], "axis": "z", "angle": -22.5 },
			"faces": {
				"down": { "uv": [ 2.63478, 4.750002, 3.13478, 8.750002 ], "texture": "#butter_stick" },
				"up": { "uv": [ 2.63478, 7.249998, 3.13478, 11.25 ], "texture": "#butter_stick" },
				"north": { "uv": [ 12.86522, 1.079258, 13.36522, 1.579258 ], "texture": "#butter_stick" },
				"south": { "uv": [ 2.63478, 1.079258, 3.13478, 1.579258 ], "texture": "#butter_stick" },
				"west": { "uv": [ 7.249998, 1.079258, 11.25, 1.579258 ], "texture": "#butter_stick" },
				"east": { "uv": [ 4.750002, 1.079258, 8.750002, 1.579258 ], "texture": "#butter_stick" }
			}
		},
		{
			"__comment": "ButterStick",
			"from": [ 7, 14, 10.75 ],
			"to": [ 7.5, 14.5, 11.75 ],
			"rotation": { "origin": [ 5.75, 14.5, 6.75 ], "axis": "z", "angle": -22.5 },
			"faces": {
				"down": { "uv": [ 4.713508, 4.250003, 5.213508, 5.250003 ], "texture": "#butter_stick" },
				"up": { "uv": [ 4.713508, 10.75, 5.213508, 11.75 ], "texture": "#butter_stick" },
				"north": { "uv": [ 10.78649, 1.940307, 11.28649, 2.440307 ], "texture": "#butter_stick" },
				"south": { "uv": [ 4.713508, 1.940307, 5.213508, 2.440307 ], "texture": "#butter_stick" },
				"west": { "uv": [ 10.75, 1.940307, 11.75, 2.440307 ], "texture": "#butter_stick" },
				"east": { "uv": [ 4.250003, 1.940307, 5.250003, 2.440307 ], "texture": "#butter_stick" }
			}
		},
		{
			"__comment": "ButterStick",
			"from": [ 5.75, 14, 9.5 ],
			"to": [ 6.25, 14.5, 11.75 ],
			"rotation": { "origin": [ 5.75, 14.5, 6.75 ], "axis": "z", "angle": -22.5 },
			"faces": {
				"down": { "uv": [ 3.558659, 4.250001, 4.058659, 6.500001 ], "texture": "#butter_stick" },
				"up": { "uv": [ 3.558659, 9.499999, 4.058659, 11.75 ], "texture": "#butter_stick" },
				"north": { "uv": [ 11.94134, 1.461942, 12.44134, 1.961942 ], "texture": "#butter_stick" },
				"south": { "uv": [ 3.558659, 1.461942, 4.058659, 1.961942 ], "texture": "#butter_stick" },
				"west": { "uv": [ 9.499999, 1.461942, 11.75, 1.961942 ], "texture": "#butter_stick" },
				"east": { "uv": [ 4.250001, 1.461942, 6.500001, 1.961942 ], "texture": "#butter_stick" }
			}
		},
		{
			"__comment": "ButterStick",
			"from": [ 6.25, 14, 6.75 ],
			"to": [ 7, 14.5, 11.75 ],
			"rotation": { "origin": [ 5.75, 14.5, 6.75 ], "axis": "z", "angle": -22.5 },
			"faces": {
				"down": { "uv": [ 4.020599, 4.250001, 4.770599, 9.250001 ], "texture": "#butter_stick" },
				"up": { "uv": [ 4.020599, 6.749999, 4.770599, 11.75 ], "texture": "#butter_stick" },
				"north": { "uv": [ 11.2294, 1.653291, 11.9794, 2.153291 ], "texture": "#butter_stick" },
				"south": { "uv": [ 4.020599, 1.653291, 4.770599, 2.153291 ], "texture": "#butter_stick" },
				"west": { "uv": [ 6.749999, 1.653291, 11.75, 2.153291 ], "texture": "#butter_stick" },
				"east": { "uv": [ 4.250001, 1.653291, 9.250001, 2.153291 ], "texture": "#butter_stick" }
			}
		},
		{
			"__comment": "ButterStick",
			"from": [ 8.75, 14, 6.75 ],
			"to": [ 9.25, 14.5, 11.75 ],
			"rotation": { "origin": [ 5.75, 14.5, 6.75 ], "axis": "z", "angle": -22.5 },
			"faces": {
				"down": { "uv": [ 6.330295, 4.250001, 6.830295, 9.250001 ], "texture": "#butter_stick" },
				"up": { "uv": [ 6.330295, 6.749999, 6.830295, 11.75 ], "texture": "#butter_stick" },
				"north": { "uv": [ 9.169705, 2.610014, 9.669705, 3.110014 ], "texture": "#butter_stick" },
				"south": { "uv": [ 6.330295, 2.610014, 6.830295, 3.110014 ], "texture": "#butter_stick" },
				"west": { "uv": [ 6.749999, 2.610014, 11.75, 3.110014 ], "texture": "#butter_stick" },
				"east": { "uv": [ 4.250001, 2.610014, 9.250001, 3.110014 ], "texture": "#butter_stick" }
			}
		},
		{
			"__comment": "ButterStick",
			"from": [ 7, -0.5, 8.75 ],
			"to": [ 7.5, 14, 9.75 ],
			"rotation": { "origin": [ 5.75, 14.5, 6.75 ], "axis": "z", "angle": -22.5 },
			"faces": {
				"down": { "uv": [ 15.1646, 6.25, 15.6646, 7.25 ], "texture": "#butter_stick" },
				"up": { "uv": [ 15.1646, 8.75, 15.6646, 9.75 ], "texture": "#butter_stick" },
				"north": { "uv": [ 0.3354034, 1.336558, 0.8354034, 15.83656 ], "texture": "#butter_stick" },
				"south": { "uv": [ 15.1646, 1.336558, 15.6646, 15.83656 ], "texture": "#butter_stick" },
				"west": { "uv": [ 8.75, 1.336558, 9.75, 15.83656 ], "texture": "#butter_stick" },
				"east": { "uv": [ 6.25, 1.336558, 7.25, 15.83656 ], "texture": "#butter_stick" }
			}
		},
		{
			"__comment": "ButterStick",
			"from": [ 6.75, -0.5, 9 ],
			"to": [ 7.75, 14, 9.5 ],
			"rotation": { "origin": [ 5.75, 14.5, 6.75 ], "axis": "z", "angle": -22.5 },
			"faces": {
				"down": { "uv": [ 14.93363, 6.5, 15.93363, 7 ], "texture": "#butter_stick" },
				"up": { "uv": [ 14.93363, 9, 15.93363, 9.5 ], "texture": "#butter_stick" },
				"north": { "uv": [ 0.06637001, 1.24089, 1.06637, 15.74089 ], "texture": "#butter_stick" },
				"south": { "uv": [ 14.93363, 1.24089, 15.93363, 15.74089 ], "texture": "#butter_stick" },
				"west": { "uv": [ 9, 1.24089, 9.5, 15.74089 ], "texture": "#butter_stick" },
				"east": { "uv": [ 6.5, 1.24089, 7, 15.74089 ], "texture": "#butter_stick" }
			}
		},
		{
			"__comment": "ButterStick",
			"from": [ 8.25, 14, 6.75 ],
			"to": [ 8.75, 14.5, 9 ],
			"rotation": { "origin": [ 5.75, 14.5, 6.75 ], "axis": "z", "angle": -22.5 },
			"faces": {
				"down": { "uv": [ 5.868356, 7.000001, 6.368356, 9.250001 ], "texture": "#butter_stick" },
				"up": { "uv": [ 5.868356, 6.749999, 6.368356, 8.999999 ], "texture": "#butter_stick" },
				"north": { "uv": [ 9.631644, 2.418664, 10.13164, 2.918664 ], "texture": "#butter_stick" },
				"south": { "uv": [ 5.868356, 2.418664, 6.368356, 2.918664 ], "texture": "#butter_stick" },
				"west": { "uv": [ 6.749999, 2.418664, 8.999999, 2.918664 ], "texture": "#butter_stick" },
				"east": { "uv": [ 7.000001, 2.418664, 9.250001, 2.918664 ], "texture": "#butter_stick" }
			}
		},
		{
			"__comment": "ButterStick",
			"from": [ 8.25, 14, 9.5 ],
			"to": [ 8.75, 14.5, 11.75 ],
			"rotation": { "origin": [ 5.75, 14.5, 6.75 ], "axis": "z", "angle": -22.5 },
			"faces": {
				"down": { "uv": [ 5.868356, 4.250002, 6.368356, 6.500002 ], "texture": "#butter_stick" },
				"up": { "uv": [ 5.868356, 9.499998, 6.368356, 11.75 ], "texture": "#butter_stick" },
				"north": { "uv": [ 9.631644, 2.418664, 10.13164, 2.918664 ], "texture": "#butter_stick" },
				"south": { "uv": [ 5.868356, 2.418664, 6.368356, 2.918664 ], "texture": "#butter_stick" },
				"west": { "uv": [ 9.499998, 2.418664, 11.75, 2.918664 ], "texture": "#butter_stick" },
				"east": { "uv": [ 4.250002, 2.418664, 6.500002, 2.918664 ], "texture": "#butter_stick" }
			}
		},
		{
			"__comment": "ButterStick",
			"from": [ 5.75, 14, 6.75 ],
			"to": [ 6.25, 14.5, 9 ],
			"rotation": { "origin": [ 5.75, 14.5, 6.75 ], "axis": "z", "angle": -22.5 },
			"faces": {
				"down": { "uv": [ 3.558658, 7.000001, 4.058658, 9.250001 ], "texture": "#butter_stick" },
				"up": { "uv": [ 3.558658, 6.749999, 4.058658, 8.999999 ], "texture": "#butter_stick" },
				"north": { "uv": [ 11.94134, 1.461942, 12.44134, 1.961942 ], "texture": "#butter_stick" },
				"south": { "uv": [ 3.558658, 1.461942, 4.058658, 1.961942 ], "texture": "#butter_stick" },
				"west": { "uv": [ 6.749999, 1.461942, 8.999999, 1.961942 ], "texture": "#butter_stick" },
				"east": { "uv": [ 7.000001, 1.461942, 9.250001, 1.961942 ], "texture": "#butter_stick" }
			}
		},
		{
			"__comment": "ButterStick",
			"from": [ 7.5, 14, 6.75 ],
			"to": [ 8.25, 14.5, 11.75 ],
			"rotation": { "origin": [ 5.75, 14.5, 6.75 ], "axis": "z", "angle": -22.5 },
			"faces": {
				"down": { "uv": [ 5.175447, 4.250001, 5.925447, 9.250001 ], "texture": "#butter_stick" },
				"up": { "uv": [ 5.175447, 6.749999, 5.925447, 11.75 ], "texture": "#butter_stick" },
				"north": { "uv": [ 10.07455, 2.131654, 10.82455, 2.631654 ], "texture": "#butter_stick" },
				"south": { "uv": [ 5.175447, 2.131654, 5.925447, 2.631654 ], "texture": "#butter_stick" },
				"west": { "uv": [ 6.749999, 2.131654, 11.75, 2.631654 ], "texture": "#butter_stick" },
				"east": { "uv": [ 4.250001, 2.131654, 9.250001, 2.631654 ], "texture": "#butter_stick" }
			}
		},
		{
			"__comment": "ButterStick",
			"from": [ 7, 14, 8.25 ],
			"to": [ 7.5, 14.5, 10.25 ],
			"rotation": { "origin": [ 5.75, 14.5, 6.75 ], "axis": "z", "angle": -22.5 },
			"faces": {
				"down": { "uv": [ 4.713508, 5.750002, 5.213508, 7.750002 ], "texture": "#butter_stick" },
				"up": { "uv": [ 4.713508, 8.249998, 5.213508, 10.25 ], "texture": "#butter_stick" },
				"north": { "uv": [ 10.78649, 1.940307, 11.28649, 2.440307 ], "texture": "#butter_stick" },
				"south": { "uv": [ 4.713508, 1.940307, 5.213508, 2.440307 ], "texture": "#butter_stick" },
				"west": { "uv": [ 8.249998, 1.940307, 10.25, 2.440307 ], "texture": "#butter_stick" },
				"east": { "uv": [ 5.750002, 1.940307, 7.750002, 2.440307 ], "texture": "#butter_stick" }
			}
		},
		{
			"__comment": "ButterStick",
			"from": [ 7, 14, 6.75 ],
			"to": [ 7.5, 14.5, 7.75 ],
			"rotation": { "origin": [ 5.75, 14.5, 6.75 ], "axis": "z", "angle": -22.5 },
			"faces": {
				"down": { "uv": [ 4.713508, 8.250001, 5.213508, 9.250001 ], "texture": "#butter_stick" },
				"up": { "uv": [ 4.713508, 6.749999, 5.213508, 7.749999 ], "texture": "#butter_stick" },
				"north": { "uv": [ 10.78649, 1.940307, 11.28649, 2.440307 ], "texture": "#butter_stick" },
				"south": { "uv": [ 4.713508, 1.940307, 5.213508, 2.440307 ], "texture": "#butter_stick" },
				"west": { "uv": [ 6.749999, 1.940307, 7.749999, 2.440307 ], "texture": "#butter_stick" },
				"east": { "uv": [ 8.250001, 1.940307, 9.250001, 2.440307 ], "texture": "#butter_stick" }
			}
		}
	],
    "display": {
        "thirdperson_righthand": {
            "rotation":  [ 75, 45, 0 ],
            "translation":  [ 0, 2.5, 0 ],
            "scale":  [ 0.375, 0.375, 0.375 ]
        },
        "thirdperson_lefthand": {
            "rotation":  [ 75, 45, 0 ],
            "translation":  [ 0, 2.5, 0 ],
            "scale":  [ 0.375, 0.375, 0.375 ]
        },
        "firstperson_righthand": {
            "rotation":  [ 0, -90, 25 ],
            "translation":  [ 1.13, 3.2, 1.13 ],
            "scale":  [ 0.68, 0.68, 0.68 ]
        },
        "firstperson_lefthand": {
            "rotation":  [ 0, 90, -25 ],
            "translation":  [ 1.13, 3.2, 1.13 ],
            "scale":  [ 0.68, 0.68, 0.68 ]
        },
        "gui": {
            "rotation":  [ 30, 225, 0 ],
            "translation":  [ -0.5, 1, 0 ],
            "scale":  [ 0.8, 0.8, 0.8 ]
        },
        "head": {
            "translation":  [ 0, 15, 0 ]
        },
        "ground": {
            "translation":  [ 0, 3, 0 ],
            "scale":  [ 0.25, 0.25, 0.25 ]
        }
    }
}