{
	"required_textures":[
		"drpmedieval:argh/textures/overlays/barrel_side.png",
		"drpmedieval:argh/textures/overlays/barrel_top.png"
	],
	"textures":[
		{
			"base":"plank",
			"manipulations":[
				{
					"type":"rotate",
					"angle":"90"
				},
				{
					"type":"overlay",
					"texture":"0"
				}
			],
			"output":"drpmedieval:textures/blocks/barrels/%wood%_barrel_side"
		},
		{
			"base":"plank",
			"manipulations":[
				{
					"type":"rotate",
					"angle":"90"
				},
				{
					"type":"overlay",
					"texture":"1"
				}
			],
			"output":"drpmedieval:textures/blocks/barrels/%wood%_barrel_top"
		}
	]
}