{
	"required_textures":[
		"drpmedieval:argh/textures/masks/log_bench_side.png",
		"drpmedieval:argh/textures/masks/log_bench_top.png"
	],
	"textures":[
		{
			"base":"bark",
			"manipulations":[
				{
					"type":"rotate",
					"amount":"90"
				}
			],
			"output":"drpmedieval:textures/blocks/log_bench/%wood%_log_bench_bark"
		},
		{
			"base":"bark",
			"manipulations":[
				{
					"type":"mask",
					"texture":"0"
				}
			],
			"cache":"log_bench_%wood%_overlay"
		},{
			"base":"bark",
			"manipulations":[
				{
					"type":"mask",
					"texture":"1"
				}
			],
			"cache":"log_bench_%wood%_overlay_2"
		},
		{
			"base":"log_top",
			"manipulations":[
				{
					"type":"overlay",
					"cached_texture":"log_bench_%wood%_overlay"
				},
				{
					"type":"rotate",
					"amount":"90"
				}
			],
			"output":"drpmedieval:textures/blocks/log_bench/%wood%_log_bench_side"
		},
		{
			"base":"clean_plank",
			"manipulations":[
				{
					"type":"overlay",
					"cached_texture":"log_bench_%wood%_overlay_2"
				}
			],
			"output":"drpmedieval:textures/blocks/log_bench/%wood%_log_bench_top"
		}
	]
}