{
	"required_textures":[
		"drpmedieval:argh/textures/masks/simple_chest_side.png",
		"drpmedieval:argh/textures/masks/simple_chest_top.png"
	],
	"textures":[
		{
			"base":"bark",
			"manipulations":[
				{
					"type":"mask",
					"texture":"0"
				}
			],
			"cache":"%wood%_side"
		},
		{
			"base":"bark",
			"manipulations":[
				{
					"type":"mask",
					"texture":"1"
				}
			],
			"cache":"%wood%_top"
		},
		{
			"base":"plank",
			"manipulations":[
				{
					"type":"overlay",
					"cached_texture":"%wood%_side"
				}
			],
			"output":"drpmedieval:textures/blocks/chests/simple_%wood%_chest_side"
		},
		{
			"base":"plank",
			"manipulations":[
				{
					"type":"overlay",
					"cached_texture":"%wood%_top"
				}
			],
			"output":"drpmedieval:textures/blocks/chests/simple_%wood%_chest_top"
		}
	]
}