{
	"textures": {
		"particle":"#texture",
		"0": "#texture",
        "1": "blocks/dirt",
		"flower1": "#flower_1",
		"flower2": "#flower_2",
		"flower3": "#flower_3"
	},
	"elements": [
		{
			"from": [ 5, 1, 6 ],
			"to": [ 11, 2, 10 ],
			"faces": {
				"down": { "uv": [ 5, 11, 11, 15 ], "texture": "#0" },
				"up": { "uv": [ 5, 11, 11, 15 ], "texture": "#0" },
				"north": { "uv": [ 6, 14, 12, 15 ], "texture": "#0" },
				"south": { "uv": [ 5, 15, 11, 16 ], "texture": "#0" },
				"west": { "uv": [ 6, 15, 10, 16 ], "texture": "#0" },
				"east": { "uv": [ 5, 12, 9, 13 ], "texture": "#0" }
			}
		},
		{
			"from": [ 6, 1, 5 ],
			"to": [ 10, 2, 6 ],
			"faces": {
				"down": { "uv": [ 9, 15, 13, 16 ], "texture": "#0" },
				"up": { "uv": [ 11, 15, 15, 16 ], "texture": "#0" },
				"north": { "uv": [ 8, 11, 12, 12 ], "texture": "#0" },
				"south": { "uv": [ 1, 14, 5, 15 ], "texture": "#0" },
				"west": { "uv": [ 10, 9, 11, 10 ], "texture": "#0" },
				"east": { "uv": [ 9, 13, 10, 14 ], "texture": "#0" }
			}
		},
		{
			"from": [ 6, 1, 10 ],
			"to": [ 10, 2, 11 ],
			"faces": {
				"down": { "uv": [ 4, 12, 8, 13 ], "texture": "#0" },
				"up": { "uv": [ 5, 11, 9, 12 ], "texture": "#0" },
				"north": { "uv": [ 5, 10, 9, 11 ], "texture": "#0" },
				"south": { "uv": [ 6, 12, 10, 13 ], "texture": "#0" },
				"west": { "uv": [ 4, 8, 5, 9 ], "texture": "#0" },
				"east": { "uv": [ 4, 9, 5, 10 ], "texture": "#0" }
			}
		},
		{
			"from": [ 4.5, 0, 6 ],
			"to": [ 5, 3, 10 ],
			"faces": {
				"down": { "uv": [ 1, 11, 1.5, 15 ], "texture": "#0" },
				"up": { "uv": [ 7, 11, 7.5, 15 ], "texture": "#0" },
				"north": { "uv": [ 1, 6, 1.5, 9 ], "texture": "#0" },
				"south": { "uv": [ 9, 6, 9.5, 9 ], "texture": "#0" },
				"west": { "uv": [ 10, 6, 14, 9 ], "texture": "#0" },
				"east": { "uv": [ 5, 6, 9, 9 ], "texture": "#0" }
			}
		},
		{
			"from": [ 6, 0, 4.5 ],
			"to": [ 10, 3, 5 ],
			"faces": {
				"down": { "uv": [ 3, 12, 7, 12.5 ], "texture": "#0" },
				"up": { "uv": [ 5, 12, 9, 12.5 ], "texture": "#0" },
				"north": { "uv": [ 9, 6, 13, 9 ], "texture": "#0" },
				"south": { "uv": [ 8, 6, 12, 9 ], "texture": "#0" },
				"west": { "uv": [ 8, 6, 8.5, 9 ], "texture": "#0" },
				"east": { "uv": [ 12, 6, 12.5, 9 ], "texture": "#0" }
			}
		},
		{
			"from": [ 6, 0, 11 ],
			"to": [ 10, 3, 11.5 ],
			"faces": {
				"down": { "uv": [ 4, 15, 8, 15.5 ], "texture": "#0" },
				"up": { "uv": [ 6, 10, 10, 10.5 ], "texture": "#0" },
				"north": { "uv": [ 4, 6, 8, 9 ], "texture": "#0" },
				"south": { "uv": [ 6, 6, 10, 9 ], "texture": "#0" },
				"west": { "uv": [ 13, 6, 13.5, 9 ], "texture": "#0" },
				"east": { "uv": [ 8, 6, 8.5, 9 ], "texture": "#0" }
			}
		},
		{
			"from": [ 11, 0, 6 ],
			"to": [ 11.5, 3, 10 ],
			"faces": {
				"down": { "uv": [ 3, 8, 3.5, 12 ], "texture": "#0" },
				"up": { "uv": [ 3, 8, 3.5, 12 ], "texture": "#0" },
				"north": { "uv": [ 8, 6, 8.5, 9 ], "texture": "#0" },
				"south": { "uv": [ 5, 6, 5.5, 9 ], "texture": "#0" },
				"west": { "uv": [ 6, 6, 10, 9 ], "texture": "#0" },
				"east": { "uv": [ 6, 6, 10, 9 ], "texture": "#0" }
			}
		},
		{
			"from": [ 5, 0, 5 ],
			"to": [ 6, 3, 6 ],
			"faces": {
				"down": { "uv": [ 3, 13, 4, 14 ], "texture": "#0" },
				"up": { "uv": [ 3, 11, 4, 12 ], "texture": "#0" },
				"north": { "uv": [ 4, 6, 5, 9 ], "texture": "#0" },
				"south": { "uv": [ 9, 6, 10, 9 ], "texture": "#0" },
				"west": { "uv": [ 7, 6, 8, 9 ], "texture": "#0" },
				"east": { "uv": [ 12, 6, 13, 9 ], "texture": "#0" }
			}
		},
		{
			"from": [ 10, 0, 5 ],
			"to": [ 11, 3, 6 ],
			"faces": {
				"down": { "uv": [ 8, 10, 9, 11 ], "texture": "#0" },
				"up": { "uv": [ 10, 12, 11, 13 ], "texture": "#0" },
				"north": { "uv": [ 4, 6, 5, 9 ], "texture": "#0" },
				"south": { "uv": [ 7, 6, 8, 9 ], "texture": "#0" },
				"west": { "uv": [ 8, 6, 9, 9 ], "texture": "#0" },
				"east": { "uv": [ 5, 6, 6, 9 ], "texture": "#0" }
			}
		},
		{
			"from": [ 5, 0, 10 ],
			"to": [ 6, 3, 11 ],
			"faces": {
				"down": { "uv": [ 4, 14, 5, 15 ], "texture": "#0" },
				"up": { "uv": [ 4, 10, 5, 11 ], "texture": "#0" },
				"north": { "uv": [ 7, 6, 8, 9 ], "texture": "#0" },
				"south": { "uv": [ 3, 6, 4, 9 ], "texture": "#0" },
				"west": { "uv": [ 5, 6, 6, 9 ], "texture": "#0" },
				"east": { "uv": [ 14, 6, 15, 9 ], "texture": "#0" }
			}
		},
		{
			"from": [ 10, 0, 10 ],
			"to": [ 11, 3, 11 ],
			"faces": {
				"down": { "uv": [ 3, 11, 4, 12 ], "texture": "#0" },
				"up": { "uv": [ 7, 13, 8, 14 ], "texture": "#0" },
				"north": { "uv": [ 8, 6, 9, 9 ], "texture": "#0" },
				"south": { "uv": [ 9, 6, 10, 9 ], "texture": "#0" },
				"west": { "uv": [ 11, 6, 12, 9 ], "texture": "#0" },
				"east": { "uv": [ 10, 6, 11, 9 ], "texture": "#0" }
			}
		},
		{
			"from": [ 6, 3, 11.5 ],
			"to": [ 10, 6, 12 ],
			"faces": {
				"down": { "uv": [ 7, 13, 11, 13.5 ], "texture": "#0" },
				"up": { "uv": [ 2, 10, 6, 10.5 ], "texture": "#0" },
				"north": { "uv": [ 6, 3, 10, 6 ], "texture": "#0" },
				"south": { "uv": [ 7, 3, 11, 6 ], "texture": "#0" },
				"west": { "uv": [ 10, 3, 10.5, 6 ], "texture": "#0" },
				"east": { "uv": [ 5, 3, 5.5, 6 ], "texture": "#0" }
			}
		},
		{
			"from": [ 5, 3, 11 ],
			"to": [ 6, 6, 11.5 ],
			"faces": {
				"down": { "uv": [ 3, 11, 4, 11.5 ], "texture": "#0" },
				"up": { "uv": [ 5, 11, 6, 11.5 ], "texture": "#0" },
				"north": { "uv": [ 2, 3, 3, 6 ], "texture": "#0" },
				"south": { "uv": [ 6, 3, 7, 6 ], "texture": "#0" },
				"west": { "uv": [ 7, 3, 7.5, 6 ], "texture": "#0" },
				"east": { "uv": [ 4, 3, 4.5, 6 ], "texture": "#0" }
			}
		},
		{
			"from": [ 4.5, 3, 10 ],
			"to": [ 5, 6, 11 ],
			"faces": {
				"down": { "uv": [ 0, 10, 0.5, 11 ], "texture": "#0" },
				"up": { "uv": [ 8, 12, 8.5, 13 ], "texture": "#0" },
				"north": { "uv": [ 4, 3, 4.5, 6 ], "texture": "#0" },
				"south": { "uv": [ 10, 3, 10.5, 6 ], "texture": "#0" },
				"west": { "uv": [ 11, 3, 12, 6 ], "texture": "#0" },
				"east": { "uv": [ 3, 3, 4, 6 ], "texture": "#0" }
			}
		},
		{
			"from": [ 4, 3, 6 ],
			"to": [ 4.5, 6, 10 ],
			"faces": {
				"down": { "uv": [ 3, 9, 3.5, 13 ], "texture": "#0" },
				"up": { "uv": [ 5, 12, 5.5, 16 ], "texture": "#0" },
				"north": { "uv": [ 5, 3, 5.5, 6 ], "texture": "#0" },
				"south": { "uv": [ 5, 3, 5.5, 6 ], "texture": "#0" },
				"west": { "uv": [ 6, 3, 10, 6 ], "texture": "#0" },
				"east": { "uv": [ 1, 3, 5, 6 ], "texture": "#0" }
			}
		},
		{
			"from": [ 4.5, 3, 5 ],
			"to": [ 5, 6, 6 ],
			"faces": {
				"down": { "uv": [ 4, 11, 4.5, 12 ], "texture": "#0" },
				"up": { "uv": [ 8, 8, 8.5, 9 ], "texture": "#0" },
				"north": { "uv": [ 5, 3, 5.5, 6 ], "texture": "#0" },
				"south": { "uv": [ 6, 3, 6.5, 6 ], "texture": "#0" },
				"west": { "uv": [ 8, 3, 9, 6 ], "texture": "#0" },
				"east": { "uv": [ 7, 3, 8, 6 ], "texture": "#0" }
			}
		},
		{
			"from": [ 10, 3, 11 ],
			"to": [ 11, 6, 11.5 ],
			"faces": {
				"down": { "uv": [ 3, 13, 4, 13.5 ], "texture": "#0" },
				"up": { "uv": [ 3, 10, 4, 10.5 ], "texture": "#0" },
				"north": { "uv": [ 3, 3, 4, 6 ], "texture": "#0" },
				"south": { "uv": [ 11, 3, 12, 6 ], "texture": "#0" },
				"west": { "uv": [ 11, 3, 11.5, 6 ], "texture": "#0" },
				"east": { "uv": [ 5, 3, 5.5, 6 ], "texture": "#0" }
			}
		},
		{
			"from": [ 11, 3, 10 ],
			"to": [ 11.5, 6, 11 ],
			"faces": {
				"down": { "uv": [ 6, 11, 6.5, 12 ], "texture": "#0" },
				"up": { "uv": [ 5, 12, 5.5, 13 ], "texture": "#0" },
				"north": { "uv": [ 6, 3, 6.5, 6 ], "texture": "#0" },
				"south": { "uv": [ 9, 3, 9.5, 6 ], "texture": "#0" },
				"west": { "uv": [ 11, 3, 12, 6 ], "texture": "#0" },
				"east": { "uv": [ 4, 3, 5, 6 ], "texture": "#0" }
			}
		},
		{
			"from": [ 11.5, 3, 6 ],
			"to": [ 12, 6, 10 ],
			"faces": {
				"down": { "uv": [ 5, 8, 5.5, 12 ], "texture": "#0" },
				"up": { "uv": [ 6, 9, 6.5, 13 ], "texture": "#0" },
				"north": { "uv": [ 3, 3, 3.5, 6 ], "texture": "#0" },
				"south": { "uv": [ 3, 3, 3.5, 6 ], "texture": "#0" },
				"west": { "uv": [ 6, 3, 10, 6 ], "texture": "#0" },
				"east": { "uv": [ 6, 3, 10, 6 ], "texture": "#0" }
			}
		},
		{
			"from": [ 11, 3, 5 ],
			"to": [ 11.5, 6, 6 ],
			"faces": {
				"down": { "uv": [ 2, 13, 2.5, 14 ], "texture": "#0" },
				"up": { "uv": [ 9, 13, 9.5, 14 ], "texture": "#0" },
				"north": { "uv": [ 13, 3, 13.5, 6 ], "texture": "#0" },
				"south": { "uv": [ 15, 3, 15.5, 6 ], "texture": "#0" },
				"west": { "uv": [ 11, 3, 12, 6 ], "texture": "#0" },
				"east": { "uv": [ 14, 3, 15, 6 ], "texture": "#0" }
			}
		},
		{
			"from": [ 5, 3, 4.5 ],
			"to": [ 6, 6, 5 ],
			"faces": {
				"down": { "uv": [ 0, 0, 1, 0.5 ], "texture": "#0" },
				"up": { "uv": [ 0, 0, 1, 0.5 ], "texture": "#0" },
				"north": { "uv": [ 11, 3, 12, 6 ], "texture": "#0" },
				"south": { "uv": [ 14, 3, 15, 6 ], "texture": "#0" },
				"west": { "uv": [ 0, 3, 0.5, 6 ], "texture": "#0" },
				"east": { "uv": [ 10, 3, 10.5, 6 ], "texture": "#0" }
			}
		},
		{
			"from": [ 10, 3, 4.5 ],
			"to": [ 11, 6, 5 ],
			"faces": {
				"down": { "uv": [ 12, 8, 13, 8.5 ], "texture": "#0" },
				"up": { "uv": [ 11, 12, 12, 12.5 ], "texture": "#0" },
				"north": { "uv": [ 5, 3, 6, 6 ], "texture": "#0" },
				"south": { "uv": [ 8, 3, 9, 6 ], "texture": "#0" },
				"west": { "uv": [ 2, 3, 2.5, 6 ], "texture": "#0" },
				"east": { "uv": [ 7, 3, 7.5, 6 ], "texture": "#0" }
			}
		},
		{
			"from": [ 6, 3, 4 ],
			"to": [ 10, 6, 4.5 ],
			"faces": {
				"down": { "uv": [ 4, 13, 8, 13.5 ], "texture": "#0" },
				"up": { "uv": [ 5, 9, 9, 9.5 ], "texture": "#0" },
				"north": { "uv": [ 11, 3, 15, 6 ], "texture": "#0" },
				"south": { "uv": [ 0, 3, 4, 6 ], "texture": "#0" },
				"west": { "uv": [ 6, 3, 6.5, 6 ], "texture": "#0" },
				"east": { "uv": [ 4, 3, 4.5, 6 ], "texture": "#0" }
			}
		},
		{
			"from": [ 6, 6, 12 ],
			"to": [ 10, 9, 12.5 ],
			"faces": {
				"down": { "uv": [ 2, 11, 6, 11.5 ], "texture": "#0" },
				"up": { "uv": [ 9, 13, 13, 13.5 ], "texture": "#0" },
				"north": { "uv": [ 6, 0, 10, 3 ], "texture": "#0" },
				"south": { "uv": [ 7, 0, 11, 3 ], "texture": "#0" },
				"west": { "uv": [ 6, 0, 6.5, 3 ], "texture": "#0" },
				"east": { "uv": [ 0, 0, 0.5, 3 ], "texture": "#0" }
			}
		},
		{
			"from": [ 5, 6, 11.5 ],
			"to": [ 6, 9, 12 ],
			"faces": {
				"down": { "uv": [ 4, 13, 5, 13.5 ], "texture": "#0" },
				"up": { "uv": [ 4, 14, 5, 14.5 ], "texture": "#0" },
				"north": { "uv": [ 3, 0, 4, 3 ], "texture": "#0" },
				"south": { "uv": [ 8, 0, 9, 3 ], "texture": "#0" },
				"west": { "uv": [ 3, 0, 3.5, 3 ], "texture": "#0" },
				"east": { "uv": [ 4, 0, 4.5, 3 ], "texture": "#0" }
			}
		},
		{
			"from": [ 4.5, 6, 11 ],
			"to": [ 5, 9, 11.5 ],
			"faces": {
				"down": { "uv": [ 0, 0, 0.5, 0.5 ], "texture": "#0" },
				"up": { "uv": [ 0, 0, 0.5, 0.5 ], "texture": "#0" },
				"north": { "uv": [ 10, 0, 10.5, 3 ], "texture": "#0" },
				"south": { "uv": [ 0, 0, 0.5, 3 ], "texture": "#0" },
				"west": { "uv": [ 0, 0, 0.5, 3 ], "texture": "#0" },
				"east": { "uv": [ 0, 0, 0.5, 3 ], "texture": "#0" }
			}
		},
		{
			"from": [ 4, 6, 10 ],
			"to": [ 4.5, 9, 11 ],
			"faces": {
				"down": { "uv": [ 2, 12, 2.5, 13 ], "texture": "#0" },
				"up": { "uv": [ 4, 13, 4.5, 14 ], "texture": "#0" },
				"north": { "uv": [ 13, 0, 13.5, 3 ], "texture": "#0" },
				"south": { "uv": [ 12, 0, 12.5, 3 ], "texture": "#0" },
				"west": { "uv": [ 9, 0, 10, 3 ], "texture": "#0" },
				"east": { "uv": [ 9, 0, 10, 3 ], "texture": "#0" }
			}
		},
		{
			"from": [ 3.5, 6, 6 ],
			"to": [ 4, 9, 10 ],
			"faces": {
				"down": { "uv": [ 6, 9, 6.5, 13 ], "texture": "#0" },
				"up": { "uv": [ 8, 10, 8.5, 14 ], "texture": "#0" },
				"north": { "uv": [ 8, 0, 8.5, 3 ], "texture": "#0" },
				"south": { "uv": [ 7, 0, 7.5, 3 ], "texture": "#0" },
				"west": { "uv": [ 6, 0, 10, 3 ], "texture": "#0" },
				"east": { "uv": [ 5, 0, 9, 3 ], "texture": "#0" }
			}
		},
		{
			"from": [ 4, 6, 5 ],
			"to": [ 4.5, 9, 6 ],
			"faces": {
				"down": { "uv": [ 2, 15, 2.5, 16 ], "texture": "#0" },
				"up": { "uv": [ 7, 11, 7.5, 12 ], "texture": "#0" },
				"north": { "uv": [ 14, 0, 14.5, 3 ], "texture": "#0" },
				"south": { "uv": [ 12, 0, 12.5, 3 ], "texture": "#0" },
				"west": { "uv": [ 14, 0, 15, 3 ], "texture": "#0" },
				"east": { "uv": [ 10, 0, 11, 3 ], "texture": "#0" }
			}
		},
		{
			"from": [ 4.5, 6, 4.5 ],
			"to": [ 5, 9, 5 ],
			"faces": {
				"down": { "uv": [ 3, 12, 3.5, 12.5 ], "texture": "#0" },
				"up": { "uv": [ 4, 10, 4.5, 10.5 ], "texture": "#0" },
				"north": { "uv": [ 12, 0, 12.5, 3 ], "texture": "#0" },
				"south": { "uv": [ 9, 0, 9.5, 3 ], "texture": "#0" },
				"west": { "uv": [ 12, 0, 12.5, 3 ], "texture": "#0" },
				"east": { "uv": [ 14, 0, 14.5, 3 ], "texture": "#0" }
			}
		},
		{
			"from": [ 5, 6, 4 ],
			"to": [ 6, 9, 4.5 ],
			"faces": {
				"down": { "uv": [ 7, 10, 8, 10.5 ], "texture": "#0" },
				"up": { "uv": [ 8, 14, 9, 14.5 ], "texture": "#0" },
				"north": { "uv": [ 11, 0, 12, 3 ], "texture": "#0" },
				"south": { "uv": [ 5, 0, 6, 3 ], "texture": "#0" },
				"west": { "uv": [ 6, 0, 6.5, 3 ], "texture": "#0" },
				"east": { "uv": [ 7, 0, 7.5, 3 ], "texture": "#0" }
			}
		},
		{
			"from": [ 10, 6, 11.5 ],
			"to": [ 11, 9, 12 ],
			"faces": {
				"down": { "uv": [ 4, 8, 5, 8.5 ], "texture": "#0" },
				"up": { "uv": [ 4, 10, 5, 10.5 ], "texture": "#0" },
				"north": { "uv": [ 3, 0, 4, 3 ], "texture": "#0" },
				"south": { "uv": [ 4, 0, 5, 3 ], "texture": "#0" },
				"west": { "uv": [ 3, 0, 3.5, 3 ], "texture": "#0" },
				"east": { "uv": [ 4, 0, 4.5, 3 ], "texture": "#0" }
			}
		},
		{
			"from": [ 11, 6, 11 ],
			"to": [ 11.5, 9, 11.5 ],
			"faces": {
				"down": { "uv": [ 1, 8, 1.5, 8.5 ], "texture": "#0" },
				"up": { "uv": [ 11, 12, 11.5, 12.5 ], "texture": "#0" },
				"north": { "uv": [ 10, 0, 10.5, 3 ], "texture": "#0" },
				"south": { "uv": [ 13, 0, 13.5, 3 ], "texture": "#0" },
				"west": { "uv": [ 13, 0, 13.5, 3 ], "texture": "#0" },
				"east": { "uv": [ 15, 0, 15.5, 3 ], "texture": "#0" }
			}
		},
		{
			"from": [ 11.5, 6, 10 ],
			"to": [ 12, 9, 11 ],
			"faces": {
				"down": { "uv": [ 2, 10, 2.5, 11 ], "texture": "#0" },
				"up": { "uv": [ 4, 12, 4.5, 13 ], "texture": "#0" },
				"north": { "uv": [ 6, 0, 6.5, 3 ], "texture": "#0" },
				"south": { "uv": [ 6, 0, 6.5, 3 ], "texture": "#0" },
				"west": { "uv": [ 5, 0, 6, 3 ], "texture": "#0" },
				"east": { "uv": [ 6, 0, 7, 3 ], "texture": "#0" }
			}
		},
		{
			"from": [ 12, 6, 6 ],
			"to": [ 12.5, 9, 10 ],
			"faces": {
				"down": { "uv": [ 9, 11, 9.5, 15 ], "texture": "#0" },
				"up": { "uv": [ 7, 9, 7.5, 13 ], "texture": "#0" },
				"north": { "uv": [ 6, 0, 6.5, 3 ], "texture": "#0" },
				"south": { "uv": [ 5, 0, 5.5, 3 ], "texture": "#0" },
				"west": { "uv": [ 6, 0, 10, 3 ], "texture": "#0" },
				"east": { "uv": [ 6, 0, 10, 3 ], "texture": "#0" }
			}
		},
		{
			"from": [ 11.5, 6, 5 ],
			"to": [ 12, 9, 6 ],
			"faces": {
				"down": { "uv": [ 3, 7, 3.5, 8 ], "texture": "#0" },
				"up": { "uv": [ 5, 15, 5.5, 16 ], "texture": "#0" },
				"north": { "uv": [ 12, 0, 12.5, 3 ], "texture": "#0" },
				"south": { "uv": [ 11, 0, 11.5, 3 ], "texture": "#0" },
				"west": { "uv": [ 10, 0, 11, 3 ], "texture": "#0" },
				"east": { "uv": [ 13, 0, 14, 3 ], "texture": "#0" }
			}
		},
		{
			"from": [ 11, 6, 4.5 ],
			"to": [ 11.5, 9, 5 ],
			"faces": {
				"down": { "uv": [ 2, 12, 2.5, 12.5 ], "texture": "#0" },
				"up": { "uv": [ 6, 9, 6.5, 9.5 ], "texture": "#0" },
				"north": { "uv": [ 7, 0, 7.5, 3 ], "texture": "#0" },
				"south": { "uv": [ 10, 0, 10.5, 3 ], "texture": "#0" },
				"west": { "uv": [ 2, 0, 2.5, 3 ], "texture": "#0" },
				"east": { "uv": [ 4, 0, 4.5, 3 ], "texture": "#0" }
			}
		},
		{
			"from": [ 10, 6, 4 ],
			"to": [ 11, 9, 4.5 ],
			"faces": {
				"down": { "uv": [ 4, 10, 5, 10.5 ], "texture": "#0" },
				"up": { "uv": [ 2, 10, 3, 10.5 ], "texture": "#0" },
				"north": { "uv": [ 3, 0, 4, 3 ], "texture": "#0" },
				"south": { "uv": [ 3, 0, 4, 3 ], "texture": "#0" },
				"west": { "uv": [ 2, 0, 2.5, 3 ], "texture": "#0" },
				"east": { "uv": [ 4, 0, 4.5, 3 ], "texture": "#0" }
			}
		},
		{
			"from": [ 6, 6, 3.5 ],
			"to": [ 10, 9, 4 ],
			"faces": {
				"down": { "uv": [ 3, 11, 7, 11.5 ], "texture": "#0" },
				"up": { "uv": [ 7, 13, 11, 13.5 ], "texture": "#0" },
				"north": { "uv": [ 6, 0, 10, 3 ], "texture": "#0" },
				"south": { "uv": [ 5, 0, 9, 3 ], "texture": "#0" },
				"west": { "uv": [ 4, 0, 4.5, 3 ], "texture": "#0" },
				"east": { "uv": [ 7, 0, 7.5, 3 ], "texture": "#0" }
			}
		},
		{
			"from": [ 3.5, 9, 6 ],
			"to": [ 4, 10, 7.5 ],
			"faces": {
				"down": { "uv": [ 8, 14, 8.5, 15.5 ], "texture": "#0" },
				"up": { "uv": [ 11, 15, 11.5, 16 ], "texture": "#0" },
				"north": { "uv": [ 8, 12, 8.5, 13 ], "texture": "#0" },
				"south": { "uv": [ 5, 15, 5.5, 16 ], "texture": "#0" },
				"west": { "uv": [ 4, 10, 5.5, 11 ], "texture": "#0" },
				"east": { "uv": [ 11, 15, 12.5, 16 ], "texture": "#0" }
			}
		},
		{
			"from": [ 3.5, 9, 8.5 ],
			"to": [ 4, 10, 10 ],
			"faces": {
				"down": { "uv": [ 8, 13, 8.5, 14.5 ], "texture": "#0" },
				"up": { "uv": [ 11, 11, 11.5, 12.5 ], "texture": "#0" },
				"north": { "uv": [ 8, 13, 8.5, 14 ], "texture": "#0" },
				"south": { "uv": [ 14, 15, 14.5, 16 ], "texture": "#0" },
				"west": { "uv": [ 7, 15, 8.5, 16 ], "texture": "#0" },
				"east": { "uv": [ 2, 14, 3.5, 15 ], "texture": "#0" }
			}
		},
		{
			"from": [ 3.5, 10, 7 ],
			"to": [ 4, 10.5, 9 ],
			"faces": {
				"down": { "uv": [ 7, 12, 7.5, 14 ], "texture": "#0" },
				"up": { "uv": [ 12, 13, 12.5, 15 ], "texture": "#0" },
				"north": { "uv": [ 5, 11, 5.5, 11.5 ], "texture": "#0" },
				"south": { "uv": [ 4, 10, 4.5, 10.5 ], "texture": "#0" },
				"west": { "uv": [ 11, 13, 13, 13.5 ], "texture": "#0" },
				"east": { "uv": [ 2, 12, 4, 12.5 ], "texture": "#0" }
			}
		},
		{
			"from": [ 4, 9, 5.5 ],
			"to": [ 4.5, 9.5, 6 ],
			"faces": {
				"down": { "uv": [ 9, 14, 9.5, 14.5 ], "texture": "#0" },
				"up": { "uv": [ 5, 14, 5.5, 14.5 ], "texture": "#0" },
				"north": { "uv": [ 8, 12, 8.5, 12.5 ], "texture": "#0" },
				"south": { "uv": [ 10, 13, 10.5, 13.5 ], "texture": "#0" },
				"west": { "uv": [ 12, 15, 12.5, 15.5 ], "texture": "#0" },
				"east": { "uv": [ 6, 7, 6.5, 7.5 ], "texture": "#0" }
			}
		},
		{
			"from": [ 4, 9, 10 ],
			"to": [ 4.5, 9.5, 10.5 ],
			"faces": {
				"down": { "uv": [ 4, 13, 4.5, 13.5 ], "texture": "#0" },
				"up": { "uv": [ 2, 10, 2.5, 10.5 ], "texture": "#0" },
				"north": { "uv": [ 8, 12, 8.5, 12.5 ], "texture": "#0" },
				"south": { "uv": [ 5, 11, 5.5, 11.5 ], "texture": "#0" },
				"west": { "uv": [ 5, 14, 5.5, 14.5 ], "texture": "#0" },
				"east": { "uv": [ 4, 11, 4.5, 11.5 ], "texture": "#0" }
			}
		},
		{
			"from": [ 12, 9, 6 ],
			"to": [ 12.5, 10, 7.5 ],
			"faces": {
				"down": { "uv": [ 10, 14, 10.5, 15.5 ], "texture": "#0" },
				"up": { "uv": [ 5, 12, 5.5, 13.5 ], "texture": "#0" },
				"north": { "uv": [ 6, 13, 6.5, 14 ], "texture": "#0" },
				"south": { "uv": [ 5, 15, 5.5, 16 ], "texture": "#0" },
				"west": { "uv": [ 11, 15, 12.5, 16 ], "texture": "#0" },
				"east": { "uv": [ 5, 15, 6.5, 16 ], "texture": "#0" }
			}
		},
		{
			"from": [ 12, 9, 8.5 ],
			"to": [ 12.5, 10, 10 ],
			"faces": {
				"down": { "uv": [ 0, 11, 0.5, 12.5 ], "texture": "#0" },
				"up": { "uv": [ 9, 14, 9.5, 15.5 ], "texture": "#0" },
				"north": { "uv": [ 14, 12, 14.5, 13 ], "texture": "#0" },
				"south": { "uv": [ 3, 0, 3.5, 1 ], "texture": "#0" },
				"west": { "uv": [ 6, 10, 7.5, 11 ], "texture": "#0" },
				"east": { "uv": [ 13, 10, 14.5, 11 ], "texture": "#0" }
			}
		},
		{
			"from": [ 12, 10, 7 ],
			"to": [ 12.5, 10.5, 9 ],
			"faces": {
				"down": { "uv": [ 12, 13, 12.5, 15 ], "texture": "#0" },
				"up": { "uv": [ 10, 14, 10.5, 16 ], "texture": "#0" },
				"north": { "uv": [ 4, 14, 4.5, 14.5 ], "texture": "#0" },
				"south": { "uv": [ 4, 13, 4.5, 13.5 ], "texture": "#0" },
				"west": { "uv": [ 2, 14, 4, 14.5 ], "texture": "#0" },
				"east": { "uv": [ 8, 15, 10, 15.5 ], "texture": "#0" }
			}
		},
		{
			"from": [ 11.5, 9, 5.5 ],
			"to": [ 12, 9.5, 6 ],
			"faces": {
				"down": { "uv": [ 7, 8, 7.5, 8.5 ], "texture": "#0" },
				"up": { "uv": [ 5, 11, 5.5, 11.5 ], "texture": "#0" },
				"north": { "uv": [ 7, 11, 7.5, 11.5 ], "texture": "#0" },
				"south": { "uv": [ 6, 13, 6.5, 13.5 ], "texture": "#0" },
				"west": { "uv": [ 8, 14, 8.5, 14.5 ], "texture": "#0" },
				"east": { "uv": [ 8, 15, 8.5, 15.5 ], "texture": "#0" }
			}
		},
		{
			"from": [ 11.5, 9, 10 ],
			"to": [ 12, 9.5, 10.5 ],
			"faces": {
				"down": { "uv": [ 5, 9, 5.5, 9.5 ], "texture": "#0" },
				"up": { "uv": [ 3, 9, 3.5, 9.5 ], "texture": "#0" },
				"north": { "uv": [ 4, 12, 4.5, 12.5 ], "texture": "#0" },
				"south": { "uv": [ 3, 7, 3.5, 7.5 ], "texture": "#0" },
				"west": { "uv": [ 6, 11, 6.5, 11.5 ], "texture": "#0" },
				"east": { "uv": [ 5, 13, 5.5, 13.5 ], "texture": "#0" }
			}
		},
		{
			"from": [ 6, 7.5, 4 ],
			"to": [ 10, 7.501, 12 ],
			"faces": {
				"down": { "uv": [ 6, 0, 10, 8 ], "texture": "#1" },
				"up": { "uv": [ 6, 0, 10, 8 ], "texture": "#1" },
				"north": { "uv": [ 0, 0, 4, 0 ], "texture": "#1" },
				"south": { "uv": [ 0, 0, 4, 0 ], "texture": "#1" },
				"west": { "uv": [ 0, 0, 8, 0 ], "texture": "#1" },
				"east": { "uv": [ 0, 0, 8, 0 ], "texture": "#1" }
			}
		},
		{
			"from": [ 5, 7.5, 4.5 ],
			"to": [ 6, 7.501, 11.5 ],
			"faces": {
				"down": { "uv": [ 5, 0, 6, 7 ], "texture": "#1" },
				"up": { "uv": [ 5, 0, 6, 7 ], "texture": "#1" },
				"north": { "uv": [ 0, 0, 1, 0 ], "texture": "#1" },
				"south": { "uv": [ 0, 0, 1, 0 ], "texture": "#1" },
				"west": { "uv": [ 0, 0, 7, 0 ], "texture": "#1" },
				"east": { "uv": [ 0, 0, 7, 0 ], "texture": "#1" }
			}
		},
		{
			"from": [ 4.5, 7.5, 5 ],
			"to": [ 5, 7.501, 11 ],
			"faces": {
				"down": { "uv": [ 4, 0, 4.5, 6 ], "texture": "#1" },
				"up": { "uv": [ 4, 0, 4.5, 6 ], "texture": "#1" },
				"north": { "uv": [ 0, 0, 0.5, 0 ], "texture": "#1" },
				"south": { "uv": [ 0, 0, 0.5, 0 ], "texture": "#1" },
				"west": { "uv": [ 0, 0, 6, 0 ], "texture": "#1" },
				"east": { "uv": [ 0, 0, 6, 0 ], "texture": "#1" }
			}
		},
		{
			"from": [ 4, 7.5, 6 ],
			"to": [ 4.5, 7.501, 10 ],
			"faces": {
				"down": { "uv": [ 3, 0, 3.5, 4 ], "texture": "#1" },
				"up": { "uv": [ 3, 0, 3.5, 4 ], "texture": "#1" },
				"north": { "uv": [ 0, 0, 0.5, 0 ], "texture": "#1" },
				"south": { "uv": [ 0, 0, 0.5, 0 ], "texture": "#1" },
				"west": { "uv": [ 0, 0, 4, 0 ], "texture": "#1" },
				"east": { "uv": [ 0, 0, 4, 0 ], "texture": "#1" }
			}
		},
		{
			"from": [ 10, 7.5, 4.5 ],
			"to": [ 11, 7.501, 11.5 ],
			"faces": {
				"down": { "uv": [ 9, 0, 10, 7 ], "texture": "#1" },
				"up": { "uv": [ 9, 0, 10, 7 ], "texture": "#1" },
				"north": { "uv": [ 0, 0, 1, 0 ], "texture": "#1" },
				"south": { "uv": [ 0, 0, 1, 0 ], "texture": "#1" },
				"west": { "uv": [ 0, 0, 7, 0 ], "texture": "#1" },
				"east": { "uv": [ 0, 0, 7, 0 ], "texture": "#1" }
			}
		},
		{
			"from": [ 11, 7.5, 5 ],
			"to": [ 11.5, 7.501, 11 ],
			"faces": {
				"down": { "uv": [ 0, 0, 0.5, 6 ], "texture": "#1" },
				"up": { "uv": [ 0, 0, 0.5, 6 ], "texture": "#1" },
				"north": { "uv": [ 0, 0, 0.5, 0 ], "texture": "#1" },
				"south": { "uv": [ 0, 0, 0.5, 0 ], "texture": "#1" },
				"west": { "uv": [ 0, 0, 6, 0 ], "texture": "#1" },
				"east": { "uv": [ 0, 0, 6, 0 ], "texture": "#1" }
			}
		},
		{
			"from": [ 11.5, 7.5, 6 ],
			"to": [ 12, 7.501, 10 ],
			"faces": {
				"down": { "uv": [ 10, 0, 10.5, 4 ], "texture": "#1" },
				"up": { "uv": [ 11, 0, 11.5, 4 ], "texture": "#1" },
				"north": { "uv": [ 0, 0, 0.5, 0 ], "texture": "#1" },
				"south": { "uv": [ 0, 0, 0.5, 0 ], "texture": "#1" },
				"west": { "uv": [ 0, 0, 4, 0 ], "texture": "#1" },
				"east": { "uv": [ 0, 0, 4, 0 ], "texture": "#1" }
			}
		},		
		{
			"__comment": "plane_x57",
			"from": [ 6, 7.5, 5.5 ],
			"to": [ 6.001, 17.5, 15.5 ],
			"faces": {
				"west": { "uv": [ 0, 0, 16, 16 ], "texture": "#flower1" },
				"east": { "uv": [ 0, 0, 16, 16 ], "texture": "#flower1" }
			}
		},
		{
			"__comment": "plane_z58",
			"from": [ 1, 7.5, 10.5 ],
			"to": [ 11, 17.5, 10.501 ],
			"faces": {
				"north": { "uv": [ 0, 0, 16, 16 ], "texture": "#flower1" },
				"south": { "uv": [ 0, 0, 16, 16 ], "texture": "#flower1" }
			}
		},
		{
			"__comment": "plane_x59",
			"from": [ 8, 7.5, 0.5 ],
			"to": [ 8.001, 17.5, 10.5 ],
			"faces": {
				"west": { "uv": [ 0, 0, 16, 16 ], "texture": "#flower2" },
				"east": { "uv": [ 0, 0, 16, 16 ], "texture": "#flower2" }
			}
		},
		{
			"__comment": "plane_z60",
			"from": [ 3, 7.5, 5.5 ],
			"to": [ 13, 17.5, 5.501 ],
			"faces": {
				"north": { "uv": [ 0, 0, 16, 16 ], "texture": "#flower2" },
				"south": { "uv": [ 0, 0, 16, 16 ], "texture": "#flower2" }
			}
		},
		{
			"__comment": "plane_x61",
			"from": [ 10, 7.5, 3.5 ],
			"to": [ 10.001, 17.5, 13.5 ],
			"faces": {
				"west": { "uv": [ 0, 0, 16, 16 ], "texture": "#flower3" },
				"east": { "uv": [ 0, 0, 16, 16 ], "texture": "#flower3" }
			}
		},
		{
			"__comment": "plane_z63",
			"from": [ 5, 7.5, 8.5 ],
			"to": [ 15, 17.5, 8.501 ],
			"faces": {
				"north": { "uv": [ 0, 0, 16, 16 ], "texture": "#flower3" },
				"south": { "uv": [ 0, 0, 16, 16 ], "texture": "#flower3" }
			}
		}
	]
}
