{
    "__comment": "model generated using mr_crayfish's model creator (http://mrcrayfish.com/modelcreator/)",
    "textures": {
        "0": "drpmedieval:blocks/hanging_bridge_planks",
        "1": "drpmedieval:blocks/rope",
        "2": "drpmedieval:blocks/hanging_bridge_posts"
    },
    "elements": [
        {
            "name": "plank1",
            "from": [ -2.0, 0.0, 0.5 ], 
            "to": [ 18.0, 2.0, 4.5 ], 
            "faces": {
                "north": { "texture": "#0", "uv": [ 0.0, 4.0, 16.0, 6.0 ] },
                "east": { "texture": "#0", "uv": [ 0.0, 0.0, 4.0, 2.0 ] },
                "south": { "texture": "#0", "uv": [ 0.0, 4.0, 16.0, 6.0 ] },
                "west": { "texture": "#0", "uv": [ 0.0, 0.0, -6.0, 1.0 ] },
                "up": { "texture": "#0", "uv": [ 0.0, 4.0, 16.0, 8.0 ] },
                "down": { "texture": "#0", "uv": [ 0.0, 4.0, 16.0, 8.0 ] }
            }
        },
        {
            "name": "plank2",
            "from": [ -2.0, 0.0, 11.5 ], 
            "to": [ 18.0, 2.0, 15.5 ], 
            "faces": {
                "north": { "texture": "#0", "uv": [ 0.0, 0.0, 16.0, 2.0 ] },
                "east": { "texture": "#0", "uv": [ 0.0, 0.0, 4.0, 2.0 ] },
                "south": { "texture": "#0", "uv": [ 0.0, 0.0, 16.0, 2.0 ] },
                "west": { "texture": "#0", "uv": [ 0.0, 0.0, 4.0, 2.0 ] },
                "up": { "texture": "#0", "uv": [ 0.0, 7.0, 16.0, 11.0 ] },
                "down": { "texture": "#0", "uv": [ 0.0, 10.0, 16.0, 14.0 ] }
            }
        },
        {
            "name": "plank3",
            "from": [ -2.0, 0.0, 6.0 ], 
            "to": [ 18.0, 2.0, 10.0 ], 
            "faces": {
                "north": { "texture": "#0", "uv": [ 0.0, 0.0, 16.0, 2.0 ] },
                "east": { "texture": "#0", "uv": [ 0.0, 0.0, 4.0, 2.0 ] },
                "south": { "texture": "#0", "uv": [ 0.0, 0.0, 16.0, 2.0 ] },
                "west": { "texture": "#0", "uv": [ 0.0, 0.0, 4.0, 2.0 ] },
                "up": { "texture": "#0", "uv": [ 0.0, 0.0, 16.0, 4.0 ] },
                "down": { "texture": "#0", "uv": [ 0.0, 0.0, 16.0, 4.0 ] }
            }
        },
        {
            "name": "rope_right",
            "from": [ -1.5, 2.0, 2.0 ], 
            "to": [ -0.5, 14.0, 3.0 ], 
            "faces": {
                "north": { "texture": "#1", "uv": [ 0.0, 0.0, 1.0, 12.0 ] },
                "east": { "texture": "#1", "uv": [ 1.0, 0.0, 2.0, 12.0 ] },
                "south": { "texture": "#1", "uv": [ 2.0, 0.0, 3.0, 13.0 ] },
                "west": { "texture": "#1", "uv": [ 3.0, 0.0, 4.0, 12.0 ] },
                "up": { "texture": "#1", "uv": [ 0.0, 0.0, 1.0, 1.0 ] },
                "down": { "texture": "#1", "uv": [ 0.0, 0.0, 1.0, 1.0 ] }
            }
        },
        {
            "name": "rope_right",
            "from": [ -1.5, 2.0, 13.0 ], 
            "to": [ -0.5, 14.0, 14.0 ], 
            "faces": {
                "north": { "texture": "#1", "uv": [ 15.0, 0.0, 16.0, 12.0 ] },
                "east": { "texture": "#1", "uv": [ 14.0, 0.0, 15.0, 12.0 ] },
                "south": { "texture": "#1", "uv": [ 13.0, 0.0, 14.0, 12.0 ] },
                "west": { "texture": "#1", "uv": [ 12.0, 0.0, 13.0, 12.0 ] },
                "up": { "texture": "#1", "uv": [ 0.0, 0.0, 1.0, 1.0 ] },
                "down": { "texture": "#1", "uv": [ 0.0, 0.0, 1.0, 1.0 ] }
            }
        },
        {
            "name": "rope_right",
            "from": [ -1.5, 2.0, 7.5 ], 
            "to": [ -0.5, 14.0, 8.5 ], 
            "faces": {
                "north": { "texture": "#1", "uv": [ 5.0, 0.0, 6.0, 12.0 ] },
                "east": { "texture": "#1", "uv": [ 6.0, 0.0, 7.0, 12.0 ] },
                "south": { "texture": "#1", "uv": [ 7.0, 0.0, 8.0, 12.0 ] },
                "west": { "texture": "#1", "uv": [ 8.0, 0.0, 9.0, 12.0 ] },
                "up": { "texture": "#1", "uv": [ 0.0, 0.0, 1.0, 1.0 ] },
                "down": { "texture": "#1", "uv": [ 0.0, 0.0, 1.0, 1.0 ] }
            }
        },
        {
            "name": "rope_right",
            "from": [ -2.0, 14.0, 0.0 ], 
            "to": [ 0.0, 16.0, 16.0 ], 
            "faces": {
                "north": { "texture": "#1", "uv": [ 0.0, 0.0, 2.0, 2.0 ] },
                "east": { "texture": "#1", "uv": [ 0.0, 0.0, 2.0, 16.0 ], "rotation": 90 },
                "south": { "texture": "#1", "uv": [ 0.0, 0.0, 2.0, 2.0 ] },
                "west": { "texture": "#1", "uv": [ 2.0, 0.0, 4.0, 16.0 ], "rotation": 90 },
                "up": { "texture": "#1", "uv": [ 4.0, 0.0, 6.0, 16.0 ] },
                "down": { "texture": "#1", "uv": [ 6.0, 0.0, 8.0, 16.0 ] }
            }
        },
        {
            "name": "rope_left",
            "from": [ 16.5, 2.0, 2.0 ], 
            "to": [ 17.5, 14.0, 3.0 ], 
            "faces": {
                "north": { "texture": "#1", "uv": [ 0.0, 0.0, 1.0, 12.0 ] },
                "east": { "texture": "#1", "uv": [ 1.0, 0.0, 2.0, 12.0 ] },
                "south": { "texture": "#1", "uv": [ 2.0, 0.0, 3.0, 12.0 ] },
                "west": { "texture": "#1", "uv": [ 3.0, 0.0, 4.0, 12.0 ] },
                "up": { "texture": "#1", "uv": [ 0.0, 0.0, 1.0, 1.0 ] },
                "down": { "texture": "#1", "uv": [ 0.0, 0.0, 1.0, 1.0 ] }
            }
        },
        {
            "name": "rope_left",
            "from": [ 16.5, 2.0, 13.0 ], 
            "to": [ 17.5, 14.0, 14.0 ], 
            "faces": {
                "north": { "texture": "#1", "uv": [ 4.0, 0.0, 5.0, 12.0 ] },
                "east": { "texture": "#1", "uv": [ 5.0, 0.0, 6.0, 12.0 ] },
                "south": { "texture": "#1", "uv": [ 6.0, 0.0, 7.0, 12.0 ] },
                "west": { "texture": "#1", "uv": [ 7.0, 0.0, 8.0, 12.0 ] },
                "up": { "texture": "#1", "uv": [ 0.0, 0.0, 1.0, 1.0 ] },
                "down": { "texture": "#1", "uv": [ 0.0, 0.0, 1.0, 1.0 ] }
            }
        },
        {
            "name": "rope_left",
            "from": [ 16.5, 2.0, 7.5 ], 
            "to": [ 17.5, 14.0, 8.5 ], 
            "faces": {
                "north": { "texture": "#1", "uv": [ 8.0, 0.0, 9.0, 12.0 ] },
                "east": { "texture": "#1", "uv": [ 9.0, 0.0, 10.0, 12.0 ] },
                "south": { "texture": "#1", "uv": [ 10.0, 0.0, 11.0, 12.0 ] },
                "west": { "texture": "#1", "uv": [ 11.0, 0.0, 12.0, 12.0 ] },
                "up": { "texture": "#1", "uv": [ 0.0, 0.0, 1.0, 1.0 ] },
                "down": { "texture": "#1", "uv": [ 0.0, 0.0, 1.0, 1.0 ] }
            }
        },
        {
            "name": "rope_left",
            "from": [ 16.0, 14.0, 0.0 ], 
            "to": [ 18.0, 16.0, 16.0 ], 
            "faces": {
                "north": { "texture": "#1", "uv": [ 0.0, 0.0, 2.0, 2.0 ] },
                "east": { "texture": "#1", "uv": [ 2.0, 0.0, 4.0, 16.0 ], "rotation": 90 },
                "south": { "texture": "#1", "uv": [ 0.0, 0.0, 2.0, 2.0 ] },
                "west": { "texture": "#1", "uv": [ 6.0, 0.0, 8.0, 16.0 ], "rotation": 90 },
                "up": { "texture": "#1", "uv": [ 4.0, 0.0, 6.0, 16.0 ] },
                "down": { "texture": "#1", "uv": [ 0.0, 0.0, 2.0, 16.0 ] }
            }
        },
        {
            "name": "north_right",
            "from": [ -3.0, 0.0, -4.5 ], 
            "to": [ 1.0, 17.0, -0.5 ], 
            "faces": {
                "north": { "texture": "#2", "uv": [ 4.0, 0.0, 8.0, 17.0 ] },
                "east": { "texture": "#2", "uv": [ 8.0, 0.0, 12.0, 17.0 ] },
                "south": { "texture": "#2", "uv": [ 12.0, 0.0, 16.0, 17.0 ] },
                "west": { "texture": "#2", "uv": [ 4.0, 0.0, 8.0, 17.0 ] },
                "up": { "texture": "#2", "uv": [ 0.0, 8.0, 4.0, 12.0 ] },
                "down": { "texture": "#2", "uv": [ 0.0, 12.0, 4.0, 16.0 ] }
            }
        },
        {
            "name": "north_right",
            "from": [ -3.5, 14.0, -5.0 ], 
            "to": [ 1.5, 16.0, 0.0 ], 
            "faces": {
                "north": { "texture": "#1", "uv": [ 0.0, 0.0, 5.0, 2.0 ] },
                "east": { "texture": "#1", "uv": [ 5.0, 0.0, 10.0, 2.0 ] },
                "south": { "texture": "#1", "uv": [ 10.0, 0.0, 15.0, 2.0 ] },
                "west": { "texture": "#1", "uv": [ 0.0, 0.0, 5.0, 2.0 ] },
                "up": { "texture": "#1", "uv": [ 6.0, 4.0, 11.0, 9.0 ] },
                "down": { "texture": "#1", "uv": [ 3.0, 7.0, 8.0, 12.0 ] }
            }
        },
        {
            "name": "north_left",
            "from": [ 15.0, 0.0, -4.5 ], 
            "to": [ 19.0, 17.0, -0.5 ], 
            "faces": {
                "north": { "texture": "#2", "uv": [ 12.0, 0.0, 16.0, 17.0 ] },
                "east": { "texture": "#2", "uv": [ 4.0, 0.0, 8.0, 17.0 ] },
                "south": { "texture": "#2", "uv": [ 8.0, 0.0, 12.0, 17.0 ] },
                "west": { "texture": "#2", "uv": [ 4.0, 0.0, 8.0, 17.0 ] },
                "up": { "texture": "#2", "uv": [ 0.0, 12.0, 4.0, 16.0 ] },
                "down": { "texture": "#2", "uv": [ 0.0, 8.0, 4.0, 12.0 ] }
            }
        },
        {
            "name": "north_left",
            "from": [ 14.5, 14.0, -5.0 ], 
            "to": [ 19.5, 16.0, 0.0 ], 
            "faces": {
                "north": { "texture": "#1", "uv": [ 0.0, 0.0, 4.0, 2.0 ] },
                "east": { "texture": "#1", "uv": [ 5.0, 0.0, 10.0, 2.0 ] },
                "south": { "texture": "#1", "uv": [ 10.0, 0.0, 15.0, 2.0 ] },
                "west": { "texture": "#1", "uv": [ 0.0, 0.0, 5.0, 2.0 ] },
                "up": { "texture": "#1", "uv": [ 9.0, 9.0, 14.0, 14.0 ] },
                "down": { "texture": "#1", "uv": [ 1.0, 7.0, 6.0, 12.0 ] }
            }
        },
        {
            "name": "south_right",
            "from": [ -3.0, 0.0, 16.5 ], 
            "to": [ 1.0, 17.0, 20.5 ], 
            "faces": {
                "north": { "texture": "#2", "uv": [ 12.0, 0.0, 16.0, 17.0 ] },
                "east": { "texture": "#2", "uv": [ 8.0, 0.0, 12.0, 17.0 ] },
                "south": { "texture": "#2", "uv": [ 4.0, 0.0, 8.0, 17.0 ] },
                "west": { "texture": "#2", "uv": [ 8.0, 0.0, 12.0, 17.0 ] },
                "up": { "texture": "#2", "uv": [ 0.0, 12.0, 4.0, 16.0 ] },
                "down": { "texture": "#2", "uv": [ 0.0, 8.0, 4.0, 12.0 ] }
            }
        },
        {
            "name": "south_right",
            "from": [ -3.5, 14.0, 16.0 ], 
            "to": [ 1.5, 16.0, 21.0 ], 
            "faces": {
                "north": { "texture": "#1", "uv": [ 0.0, 2.0, 5.0, 4.0 ] },
                "east": { "texture": "#1", "uv": [ 5.0, 2.0, 10.0, 4.0 ] },
                "south": { "texture": "#1", "uv": [ 10.0, 2.0, 15.0, 4.0 ] },
                "west": { "texture": "#1", "uv": [ 0.0, 2.0, 5.0, 4.0 ] },
                "up": { "texture": "#1", "uv": [ 2.0, 5.0, 7.0, 10.0 ] },
                "down": { "texture": "#1", "uv": [ 6.0, 8.0, 11.0, 13.0 ] }
            }
        },
        {
            "name": "south_left",
            "from": [ 15.0, 0.0, 16.5 ], 
            "to": [ 19.0, 17.0, 20.5 ], 
            "faces": {
                "north": { "texture": "#2", "uv": [ 4.0, 0.0, 8.0, 17.0 ] },
                "east": { "texture": "#2", "uv": [ 8.0, 0.0, 12.0, 17.0 ] },
                "south": { "texture": "#2", "uv": [ 12.0, 0.0, 16.0, 17.0 ] },
                "west": { "texture": "#2", "uv": [ 8.0, 0.0, 12.0, 17.0 ] },
                "up": { "texture": "#2", "uv": [ 0.0, 8.0, 4.0, 12.0 ] },
                "down": { "texture": "#2", "uv": [ 0.0, 12.0, 4.0, 16.0 ] }
            }
        },
        {
            "name": "south_left",
            "from": [ 14.5, 14.0, 16.0 ], 
            "to": [ 19.5, 16.0, 21.0 ], 
            "faces": {
                "north": { "texture": "#1", "uv": [ 0.0, 0.0, 5.0, 2.0 ] },
                "east": { "texture": "#1", "uv": [ 5.0, 2.0, 10.0, 4.0 ] },
                "south": { "texture": "#1", "uv": [ 10.0, 4.0, 15.0, 6.0 ] },
                "west": { "texture": "#1", "uv": [ 5.0, 6.0, 10.0, 8.0 ] },
                "up": { "texture": "#1", "uv": [ 5.0, 11.0, 10.0, 16.0 ] },
                "down": { "texture": "#1", "uv": [ 2.0, 4.0, 7.0, 9.0 ] }
            }
        }
    ]
}
