{
	"credit": "Made with Blockbench",
	"textures": {
		"0": "drpmedieval:blocks/advent_wreath",
		"particle": "drpmedieval:blocks/advent_wreath"
	},
	"elements": [
		{
			"from": [7, 0, 3],
			"to": [9, 2, 5],
			"faces": {
				"north": {"uv": [2, 8, 4, 10], "texture": "#0"},
				"east": {"uv": [0, 0, 2, 2], "texture": "#0"},
				"south": {"uv": [2, 14, 4, 16], "texture": "#0"},
				"west": {"uv": [0, 0, 2, 2], "texture": "#0"},
				"up": {"uv": [2, 10, 4, 12], "texture": "#0"},
				"down": {"uv": [2, 12, 4, 14], "texture": "#0"}
			}
		},
		{
			"from": [7, 0, 3],
			"to": [9, 2, 5],
			"rotation": {"angle": 22.5, "axis": "y", "origin": [8, 8, 8]},
			"faces": {
				"north": {"uv": [4, 8, 6, 10], "texture": "#0"},
				"east": {"uv": [0, 0, 2, 2], "texture": "#0"},
				"south": {"uv": [4, 14, 6, 16], "texture": "#0"},
				"west": {"uv": [0, 0, 2, 2], "texture": "#0"},
				"up": {"uv": [4, 10, 6, 12], "texture": "#0"},
				"down": {"uv": [4, 12, 6, 14], "texture": "#0"}
			}
		},
		{
			"from": [3, 0, 7],
			"to": [5, 2, 9],
			"rotation": {"angle": -22.5, "axis": "y", "origin": [8, 8, 8]},
			"faces": {
				"north": {"uv": [0, 0, 2, 2], "texture": "#0"},
				"east": {"uv": [8, 14, 10, 16], "texture": "#0"},
				"south": {"uv": [0, 0, 2, 2], "texture": "#0"},
				"west": {"uv": [8, 8, 10, 10], "texture": "#0"},
				"up": {"uv": [8, 10, 10, 12], "rotation": 270, "texture": "#0"},
				"down": {"uv": [8, 12, 10, 14], "rotation": 90, "texture": "#0"}
			}
		},
		{
			"from": [3, 0, 7],
			"to": [5, 2, 9],
			"faces": {
				"north": {"uv": [0, 0, 2, 2], "texture": "#0"},
				"east": {"uv": [10, 14, 12, 16], "texture": "#0"},
				"south": {"uv": [0, 0, 2, 2], "texture": "#0"},
				"west": {"uv": [10, 8, 12, 10], "texture": "#0"},
				"up": {"uv": [10, 10, 12, 12], "texture": "#0"},
				"down": {"uv": [10, 12, 12, 14], "texture": "#0"}
			}
		},
		{
			"from": [3, 0, 7],
			"to": [5, 2, 9],
			"rotation": {"angle": 22.5, "axis": "y", "origin": [8, 8, 8]},
			"faces": {
				"north": {"uv": [0, 0, 2, 2], "texture": "#0"},
				"east": {"uv": [12, 14, 14, 16], "texture": "#0"},
				"south": {"uv": [0, 0, 2, 2], "texture": "#0"},
				"west": {"uv": [12, 8, 14, 10], "texture": "#0"},
				"up": {"uv": [12, 10, 14, 12], "rotation": 270, "texture": "#0"},
				"down": {"uv": [12, 12, 14, 14], "rotation": 90, "texture": "#0"}
			}
		},
		{
			"from": [7, 0, 11],
			"to": [9, 2, 13],
			"rotation": {"angle": 22.5, "axis": "y", "origin": [8, 8, 8]},
			"faces": {
				"north": {"uv": [4, 14, 6, 16], "texture": "#0"},
				"east": {"uv": [0, 0, 2, 2], "texture": "#0"},
				"south": {"uv": [4, 8, 6, 10], "texture": "#0"},
				"west": {"uv": [0, 0, 2, 2], "texture": "#0"},
				"up": {"uv": [4, 10, 6, 12], "texture": "#0"},
				"down": {"uv": [4, 12, 6, 14], "texture": "#0"}
			}
		},
		{
			"from": [7, 0, 11],
			"to": [9, 2, 13],
			"faces": {
				"north": {"uv": [2, 14, 4, 16], "texture": "#0"},
				"east": {"uv": [0, 0, 2, 2], "texture": "#0"},
				"south": {"uv": [2, 8, 4, 10], "texture": "#0"},
				"west": {"uv": [0, 0, 2, 2], "texture": "#0"},
				"up": {"uv": [2, 10, 4, 12], "texture": "#0"},
				"down": {"uv": [2, 12, 4, 14], "texture": "#0"}
			}
		},
		{
			"from": [7, 0, 3],
			"to": [9, 2, 5],
			"rotation": {"angle": -22.5, "axis": "y", "origin": [8, 8, 8]},
			"faces": {
				"north": {"uv": [0, 8, 2, 10], "texture": "#0"},
				"east": {"uv": [0, 0, 2, 2], "texture": "#0"},
				"south": {"uv": [0, 14, 2, 16], "texture": "#0"},
				"west": {"uv": [0, 0, 2, 2], "texture": "#0"},
				"up": {"uv": [0, 10, 2, 12], "rotation": 180, "texture": "#0"},
				"down": {"uv": [0, 12, 2, 14], "rotation": 180, "texture": "#0"}
			}
		},
		{
			"from": [11, 0, 7],
			"to": [13, 2, 9],
			"faces": {
				"north": {"uv": [0, 0, 2, 2], "texture": "#0"},
				"east": {"uv": [10, 8, 12, 10], "texture": "#0"},
				"south": {"uv": [0, 0, 2, 2], "texture": "#0"},
				"west": {"uv": [10, 14, 12, 16], "texture": "#0"},
				"up": {"uv": [10, 10, 12, 12], "texture": "#0"},
				"down": {"uv": [10, 12, 12, 14], "texture": "#0"}
			}
		},
		{
			"from": [7, 0, 11],
			"to": [9, 2, 13],
			"rotation": {"angle": -22.5, "axis": "y", "origin": [8, 8, 8]},
			"faces": {
				"north": {"uv": [0, 14, 2, 16], "texture": "#0"},
				"east": {"uv": [0, 0, 2, 2], "texture": "#0"},
				"south": {"uv": [0, 8, 2, 10], "texture": "#0"},
				"west": {"uv": [0, 0, 2, 2], "texture": "#0"},
				"up": {"uv": [0, 10, 2, 12], "rotation": 180, "texture": "#0"},
				"down": {"uv": [0, 12, 2, 14], "rotation": 180, "texture": "#0"}
			}
		},
		{
			"from": [11, 0, 7],
			"to": [13, 2, 9],
			"rotation": {"angle": 22.5, "axis": "y", "origin": [8, 8, 8]},
			"faces": {
				"north": {"uv": [0, 0, 2, 2], "texture": "#0"},
				"east": {"uv": [12, 8, 14, 10], "texture": "#0"},
				"south": {"uv": [0, 0, 2, 2], "texture": "#0"},
				"west": {"uv": [12, 14, 14, 16], "texture": "#0"},
				"up": {"uv": [12, 10, 14, 12], "rotation": 270, "texture": "#0"},
				"down": {"uv": [12, 12, 14, 14], "rotation": 90, "texture": "#0"}
			}
		},
		{
			"from": [11, 0, 7],
			"to": [13, 2, 9],
			"rotation": {"angle": -22.5, "axis": "y", "origin": [8, 8, 8]},
			"faces": {
				"north": {"uv": [0, 0, 2, 2], "texture": "#0"},
				"east": {"uv": [8, 8, 10, 10], "texture": "#0"},
				"south": {"uv": [0, 0, 2, 2], "texture": "#0"},
				"west": {"uv": [8, 14, 10, 16], "texture": "#0"},
				"up": {"uv": [8, 10, 10, 12], "rotation": 270, "texture": "#0"},
				"down": {"uv": [8, 12, 10, 14], "rotation": 90, "texture": "#0"}
			}
		},
		{
			"from": [7, 0, 3],
			"to": [9, 2, 5],
			"rotation": {"angle": 45, "axis": "y", "origin": [8, 8, 8]},
			"faces": {
				"north": {"uv": [6, 8, 8, 10], "texture": "#0"},
				"east": {"uv": [0, 0, 2, 2], "texture": "#0"},
				"south": {"uv": [6, 14, 8, 16], "texture": "#0"},
				"west": {"uv": [0, 0, 2, 2], "texture": "#0"},
				"up": {"uv": [6, 10, 8, 12], "texture": "#0"},
				"down": {"uv": [6, 12, 8, 14], "texture": "#0"}
			}
		},
		{
			"from": [11, 0, 7],
			"to": [13, 2, 9],
			"rotation": {"angle": 45, "axis": "y", "origin": [8, 8, 8]},
			"faces": {
				"north": {"uv": [0, 0, 2, 2], "texture": "#0"},
				"east": {"uv": [14, 8, 16, 10], "texture": "#0"},
				"south": {"uv": [0, 0, 2, 2], "texture": "#0"},
				"west": {"uv": [14, 14, 16, 16], "texture": "#0"},
				"up": {"uv": [14, 10, 16, 12], "texture": "#0"},
				"down": {"uv": [14, 12, 16, 14], "texture": "#0"}
			}
		},
		{
			"from": [7, 0, 11],
			"to": [9, 2, 13],
			"rotation": {"angle": 45, "axis": "y", "origin": [8, 8, 8]},
			"faces": {
				"north": {"uv": [6, 14, 8, 16], "texture": "#0"},
				"east": {"uv": [0, 0, 2, 2], "texture": "#0"},
				"south": {"uv": [6, 8, 8, 10], "texture": "#0"},
				"west": {"uv": [0, 0, 2, 2], "texture": "#0"},
				"up": {"uv": [6, 10, 8, 12], "texture": "#0"},
				"down": {"uv": [6, 12, 8, 14], "texture": "#0"}
			}
		},
		{
			"from": [3, 0, 7],
			"to": [5, 2, 9],
			"rotation": {"angle": 45, "axis": "y", "origin": [8, 8, 8]},
			"faces": {
				"north": {"uv": [0, 0, 2, 2], "texture": "#0"},
				"east": {"uv": [14, 14, 16, 16], "texture": "#0"},
				"south": {"uv": [0, 0, 2, 2], "texture": "#0"},
				"west": {"uv": [14, 8, 16, 10], "texture": "#0"},
				"up": {"uv": [14, 10, 16, 12], "texture": "#0"},
				"down": {"uv": [14, 12, 16, 14], "texture": "#0"}
			}
		},
		{
			"from": [5, 2, 5],
			"to": [6, 7, 6],
			"faces": {
				"north": {"uv": [1, 0, 2, 5], "texture": "#0"},
				"east": {"uv": [0, 0, 1, 5], "texture": "#0"},
				"south": {"uv": [3, 0, 4, 5], "texture": "#0"},
				"west": {"uv": [2, 0, 3, 5], "texture": "#0"},
				"up": {"uv": [0, 5, 1, 6], "texture": "#0"},
				"down": {"uv": [1, 5, 2, 6], "texture": "#0"}
			}
		},
		{
			"from": [10, 2, 5],
			"to": [11, 7, 6],
			"faces": {
				"north": {"uv": [1, 0, 2, 5], "texture": "#0"},
				"east": {"uv": [0, 0, 1, 5], "texture": "#0"},
				"south": {"uv": [3, 0, 4, 5], "texture": "#0"},
				"west": {"uv": [2, 0, 3, 5], "texture": "#0"},
				"up": {"uv": [0, 5, 1, 6], "texture": "#0"},
				"down": {"uv": [1, 5, 2, 6], "texture": "#0"}
			}
		},
		{
			"from": [10, 2, 10],
			"to": [11, 7, 11],
			"faces": {
				"north": {"uv": [1, 0, 2, 5], "texture": "#0"},
				"east": {"uv": [0, 0, 1, 5], "texture": "#0"},
				"south": {"uv": [3, 0, 4, 5], "texture": "#0"},
				"west": {"uv": [2, 0, 3, 5], "texture": "#0"},
				"up": {"uv": [0, 5, 1, 6], "texture": "#0"},
				"down": {"uv": [1, 5, 2, 6], "texture": "#0"}
			}
		},
		{
			"from": [5, 2, 10],
			"to": [6, 7, 11],
			"faces": {
				"north": {"uv": [1, 0, 2, 5], "texture": "#0"},
				"east": {"uv": [0, 0, 1, 5], "texture": "#0"},
				"south": {"uv": [3, 0, 4, 5], "texture": "#0"},
				"west": {"uv": [2, 0, 3, 5], "texture": "#0"},
				"up": {"uv": [0, 5, 1, 6], "texture": "#0"},
				"down": {"uv": [1, 5, 2, 6], "texture": "#0"}
			}
		}
	]
}