{
	"__comment": "Designed by JTK222",
	"textures": {
		"particle": "drpmedieval:blocks/juice_press/clean_plank_spruce",
		"texture": "drpmedieval:blocks/juice_press/clean_plank_spruce",
		"metal": "drpmedieval:blocks/juice_press/metal",
		"mixed": "drpmedieval:blocks/juice_press/juice press",
		"inside_plank": "drpmedieval:blocks/juice_press/inside_planks"
	},
	"elements": [
		{
			"__comment": "Cube1",
			"from": [ 1, 9, 1 ],
			"to": [ 15, 10, 15 ],
			"faces": {
				"down": { "uv": [ 1, 1, 15, 15 ], "texture": "#texture" },
				"up": { "uv": [ 1, 1, 15, 15 ], "texture": "#inside_plank" },
				"south": { "uv": [ 1, 6, 15, 7 ], "texture": "#texture" }
			}
		},
		{
			"__comment": "Cube2",
			"from": [ 0, 9, 0 ],
			"to": [ 15, 12, 1 ],
			"faces": {
				"down": { "uv": [ 0, 6, 15, 7 ], "texture": "#mixed" },
				"up": { "uv": [ 0, 13, 15, 14 ], "texture": "#mixed" },
				"north": { "uv": [ 1, 10, 16, 13 ], "texture": "#mixed" },
				"south": { "uv": [ 0, 4, 15, 7 ], "texture": "#mixed" },
				"west": { "uv": [ 0, 7, 1, 10 ], "texture": "#mixed" }
			}
		},
		{
			"__comment": "Cube3",
			"from": [ 15, 9, 0 ],
			"to": [ 16, 12, 15 ],
			"faces": {
				"down": { "uv": [ 0, 2, 16, 3 ], "texture": "#mixed", "rotation": 90 },
				"up": { "uv": [ 0, 15, 15, 16 ], "texture": "#mixed", "rotation": 90 },
				"north": { "uv": [ 0, 7, 1, 10 ], "texture": "#mixed" },
				"west": { "uv": [ 0, 4, 15, 7 ], "texture": "#mixed" },
				"east": { "uv": [ 1, 7, 16, 10 ], "texture": "#mixed" }
			}
		},
		{
			"__comment": "Cube4",
			"from": [ 7.5, 11, 15 ],
			"to": [ 8.5, 12, 16 ],
			"faces": {
				"down": { "uv": [ 7, 13, 8, 14 ], "texture": "#mixed" },
				"up": { "uv": [ 7.5, 15, 8.5, 16 ], "texture": "#mixed" },
				"north": { "uv": [ 7.5, 3, 8.5, 4.5 ], "texture": "#mixed" },
				"south": { "uv": [ 7.5, 10, 8.5, 11.5 ], "texture": "#mixed" }
			}
		},
		{
			"__comment": "Cube5",
			"from": [ 0, 9, 1 ],
			"to": [ 1, 12, 16 ],
			"faces": {
				"down": { "uv": [ 1, 2, 16, 3 ], "texture": "#mixed", "rotation": 90 },
				"up": { "uv": [ 0, 15, 15, 16 ], "texture": "#mixed", "rotation": 90 },
				"south": { "uv": [ 0, 7, 1, 10 ], "texture": "#mixed" },
				"west": { "uv": [ 1, 7, 16, 10 ], "texture": "#mixed" },
				"east": { "uv": [ 0, 0, 15, 3 ], "texture": "#mixed" }
			}
		},
		{
			"__comment": "Cube6",
			"from": [ 1, 0, 1 ],
			"to": [ 2.5, 9, 2.5 ],
			"faces": {
				"down": { "uv": [ 1, 13.5, 2.5, 15 ], "texture": "#metal" },
				"north": { "uv": [ 13.5, 7, 15, 16 ], "texture": "#metal" },
				"south": { "uv": [ 1, 7, 2.5, 16 ], "texture": "#metal" },
				"west": { "uv": [ 1, 7, 2.5, 16 ], "texture": "#metal" },
				"east": { "uv": [ 13.5, 7, 15, 16 ], "texture": "#metal" }
			}
		},
		{
			"__comment": "Cube7",
			"from": [ 13.5, 0, 1 ],
			"to": [ 15, 9, 2.5 ],
			"faces": {
				"down": { "uv": [ 13.5, 13.5, 15, 15 ], "texture": "#metal" },
				"north": { "uv": [ 1, 7, 2.5, 16 ], "texture": "#metal" },
				"south": { "uv": [ 13.5, 7, 15, 16 ], "texture": "#metal" },
				"west": { "uv": [ 1, 7, 2.5, 16 ], "texture": "#metal" },
				"east": { "uv": [ 13.5, 7, 15, 16 ], "texture": "#metal" }
			}
		},
		{
			"__comment": "Cube8",
			"from": [ 13.5, 0, 13.5 ],
			"to": [ 15, 9, 15 ],
			"faces": {
				"down": { "uv": [ 13.5, 1, 15, 2.5 ], "texture": "#metal" },
				"north": { "uv": [ 1, 7, 2.5, 16 ], "texture": "#metal" },
				"south": { "uv": [ 13.5, 7, 15, 16 ], "texture": "#metal" },
				"west": { "uv": [ 13.5, 7, 15, 16 ], "texture": "#metal" },
				"east": { "uv": [ 1, 7, 2.5, 16 ], "texture": "#metal" }
			}
		},
		{
			"__comment": "Cube9",
			"from": [ 1, 0, 13.5 ],
			"to": [ 2.5, 9, 15 ],
			"faces": {
				"down": { "uv": [ 1, 1, 2.5, 2.5 ], "texture": "#metal" },
				"north": { "uv": [ 13.5, 7, 15, 16 ], "texture": "#metal" },
				"south": { "uv": [ 1, 7, 2.5, 16 ], "texture": "#metal" },
				"west": { "uv": [ 13.5, 7, 15, 16 ], "texture": "#metal" },
				"east": { "uv": [ 1, 7, 2.5, 16 ], "texture": "#metal" }
			}
		},
		{
			"__comment": "Cube10",
			"from": [ 0, 12, 7 ],
			"to": [ 1, 19.5, 9 ],
			"faces": {
				"north": { "uv": [ 15, 0, 16, 4 ], "texture": "#metal" },
				"south": { "uv": [ 0, 0, 1, 4 ], "texture": "#metal" },
				"west": { "uv": [ 7, 0, 9, 4 ], "texture": "#metal" },
				"east": { "uv": [ 7, 0, 9, 4 ], "texture": "#metal" }
			}
		},
		{
			"__comment": "Cube10",
			"from": [ 15, 12, 7 ],
			"to": [ 16, 19.5, 9 ],
			"faces": {
				"north": { "uv": [ 0, 0, 1, 4 ], "texture": "#metal" },
				"south": { "uv": [ 15, 0, 16, 4 ], "texture": "#metal" },
				"west": { "uv": [ 7, 0, 9, 4 ], "texture": "#metal" },
				"east": { "uv": [ 7, 0, 9, 4 ], "texture": "#metal" }
			}
		},
		{
			"__comment": "Cube12",
			"from": [ 2, 20.5, 7 ],
			"to": [ 14, 21.5, 9 ],
			"faces": {
				"down": { "uv": [ 2, 7, 14, 9 ], "texture": "#metal" },
				"up": { "uv": [ 2, 7, 14, 9 ], "texture": "#metal" },
				"north": { "uv": [ 2, 10.5, 14, 11.5 ], "texture": "#metal" },
				"south": { "uv": [ 2, 10.5, 14, 11.5 ], "texture": "#metal" },
				"west": { "uv": [ 7, 10.5, 9, 11.5 ], "texture": "#metal" },
				"east": { "uv": [ 7, 10.5, 9, 11.5 ], "texture": "#metal" }
			}
		},
		{
			"__comment": "Cube13",
			"from": [ 7.5, 19, 7.5 ],
			"to": [ 8.5, 32, 8.5 ],
			"faces": {
				"up": { "uv": [ 7.5, 7.5, 8.5, 8.5 ], "texture": "#metal" },
				"north": { "uv": [ 7.5, 0, 8.5, 13 ], "texture": "#metal" },
				"south": { "uv": [ 7.5, 0, 8.5, 13 ], "texture": "#metal" },
				"west": { "uv": [ 7.5, 0, 8.5, 13 ], "texture": "#metal" },
				"east": { "uv": [ 7.5, 0, 8.5, 13 ], "texture": "#metal" }
			}
		},
		{
			"__comment": "Cube14",
			"from": [ 1, 18.5, 1 ],
			"to": [ 15, 19, 15 ],
			"faces": {
				"down": { "uv": [ 1, 1, 15, 15 ], "texture": "#texture" },
				"up": { "uv": [ 1, 1, 15, 15 ], "texture": "#texture" },
				"north": { "uv": [ 1, 13, 15, 13.5 ], "texture": "#texture" },
				"south": { "uv": [ 1, 13, 15, 13.5 ], "texture": "#texture" },
				"west": { "uv": [ 1, 13, 15, 13.5 ], "texture": "#texture" },
				"east": { "uv": [ 1, 13, 15, 13.5 ], "texture": "#texture" }
			}
		},
		{
			"__comment": "Cube15",
			"from": [ 7.5, 30, 3.5 ],
			"to": [ 8.5, 31, 12.5 ],
			"rotation": { "origin": [ 8, 30, 8 ], "axis": "y", "angle": -45 },
			"faces": {
				"down": { "uv": [ 10.82843, 2.535534, 11.82843, 11.53553 ], "texture": "#texture" },
				"up": { "uv": [ 10.82843, 4.464466, 11.82843, 13.46447 ], "texture": "#texture" },
				"north": { "uv": [ 4.171574, 1, 5.171574, 2 ], "texture": "#texture" },
				"south": { "uv": [ 10.82843, 1, 11.82843, 2 ], "texture": "#texture" },
				"west": { "uv": [ 4.464466, 1, 13.46447, 2 ], "texture": "#texture" },
				"east": { "uv": [ 2.535534, 1, 11.53553, 2 ], "texture": "#texture" }
			}
		},
		{
			"__comment": "Cube15",
			"from": [ 7.5, 30, 3.5 ],
			"to": [ 8.5, 31, 12.5 ],
			"rotation": { "origin": [ 8, 30, 8 ], "axis": "y", "angle": 45 },
			"faces": {
				"down": { "uv": [ 4.464466, 1.828426, 5.464466, 10.82843 ], "texture": "#texture" },
				"up": { "uv": [ 4.464466, 5.171574, 5.464466, 14.17157 ], "texture": "#texture" },
				"north": { "uv": [ 10.53553, 1, 11.53553, 2 ], "texture": "#texture" },
				"south": { "uv": [ 4.464466, 1, 5.464466, 2 ], "texture": "#texture" },
				"west": { "uv": [ 5.171573, 1, 14.17157, 2 ], "texture": "#texture" },
				"east": { "uv": [ 1.828427, 1, 10.82843, 2 ], "texture": "#texture" }
			}
		},
		{
			"__comment": "Cube12",
			"from": [ 0, 19.5, 7 ],
			"to": [ 3, 20.5, 9 ],
			"faces": {
				"down": { "uv": [ 0, 7, 3, 9 ], "texture": "#metal" },
				"up": { "uv": [ 0, 7, 3, 9 ], "texture": "#metal" },
				"north": { "uv": [ 13, 11.5, 16, 12.5 ], "texture": "#metal" },
				"south": { "uv": [ 0, 11.5, 3, 12.5 ], "texture": "#metal" },
				"west": { "uv": [ 7, 11.5, 9, 12.5 ], "texture": "#metal" },
				"east": { "uv": [ 7, 11.5, 9, 12.5 ], "texture": "#metal" }
			}
		},
		{
			"__comment": "Cube12",
			"from": [ 13, 19.5, 7 ],
			"to": [ 16, 20.5, 9 ],
			"faces": {
				"down": { "uv": [ 13, 7, 16, 9 ], "texture": "#metal" },
				"up": { "uv": [ 13, 7, 16, 9 ], "texture": "#metal" },
				"north": { "uv": [ 0, 11.5, 3, 12.5 ], "texture": "#metal" },
				"south": { "uv": [ 13, 11.5, 16, 12.5 ], "texture": "#metal" },
				"west": { "uv": [ 7, 11.5, 9, 12.5 ], "texture": "#metal" },
				"east": { "uv": [ 7, 11.5, 9, 12.5 ], "texture": "#metal" }
			}
		},
		{
			"__comment": "Cube4",
			"from": [ 1, 9, 15 ],
			"to": [ 7.5, 12, 16 ],
			"faces": {
				"down": { "uv": [ 0, 12, 6.5, 13 ], "texture": "#mixed" },
				"up": { "uv": [ 0, 13, 6.5, 14 ], "texture": "#mixed" },
				"north": { "uv": [ 8.5, 4, 15, 7 ], "texture": "#mixed" },
				"south": { "uv": [ 1, 10, 7.5, 13 ], "texture": "#mixed" },
				"east": { "uv": [ 0, 10, 1, 13 ], "texture": "#mixed" }
			}
		},
		{
			"__comment": "Cube4",
			"from": [ 8.5, 9, 15 ],
			"to": [ 16, 12, 16 ],
			"faces": {
				"down": { "uv": [ 8.5, 12, 16, 13 ], "texture": "#mixed" },
				"up": { "uv": [ 8.5, 15, 16, 16 ], "texture": "#mixed" },
				"north": { "uv": [ 0, 4, 7.5, 7 ], "texture": "#mixed" },
				"south": { "uv": [ 8.5, 10, 16, 13 ], "texture": "#mixed" },
				"west": { "uv": [ 15, 10, 16, 13 ], "texture": "#mixed" },
				"east": { "uv": [ 0, 10, 1, 13 ], "texture": "#mixed" }
			}
		},
		{
			"__comment": "Cube4",
			"from": [ 8.25, 9.125, 16 ],
			"to": [ 8.75, 10.625, 17.5 ],
			"rotation": { "origin": [ 8.5, 9.125, 16 ], "axis": "z", "angle": -22.5 },
			"faces": {
				"down": { "uv": [ 8.5, 14.5, 9, 16 ], "texture": "#texture" },
				"up": { "uv": [ 8.5, 0, 9, 1.5 ], "texture": "#texture" },
				"north": { "uv": [ 7, 5.375, 7.5, 6.875 ], "texture": "#texture" },
				"south": { "uv": [ 8.5, 5.375, 9, 6.875 ], "texture": "#texture" },
				"west": { "uv": [ 5, 4.5, 6.5, 6 ], "texture": "#mixed" },
				"east": { "uv": [ 14.5, 5.375, 16, 6.875 ], "texture": "#texture" }
			}
		},
		{
			"__comment": "Cube4",
			"from": [ 7.5, 9, 15 ],
			"to": [ 8.5, 9.5, 17.5 ],
			"faces": {
				"down": { "uv": [ 7.5, 0, 8.5, 1 ], "texture": "#texture" },
				"up": { "uv": [ 7.5, 13.5, 8.5, 16 ], "texture": "#inside_plank" },
				"south": { "uv": [ 7.5, 6.5, 8.5, 7 ], "texture": "#texture" },
				"west": { "uv": [ 15, 6.5, 16, 7 ], "texture": "#texture" },
				"east": { "uv": [ 0, 6.5, 1, 7 ], "texture": "#texture" }
			}
		},
		{
			"__comment": "Cube4",
			"from": [ 7.25, 9.125, 16 ],
			"to": [ 7.75, 10.625, 17.5 ],
			"rotation": { "origin": [ 7.5, 9.125, 16 ], "axis": "z", "angle": 22.5 },
			"faces": {
				"down": { "uv": [ 7, 14.5, 7.5, 16 ], "texture": "#texture" },
				"up": { "uv": [ 7, 0, 7.5, 1.5 ], "texture": "#texture" },
				"north": { "uv": [ 8.5, 5.5, 9, 7 ], "texture": "#texture" },
				"south": { "uv": [ 7, 5.5, 7.5, 7 ], "texture": "#texture" },
				"west": { "uv": [ 0, 5.5, 1.5, 7 ], "texture": "#texture" },
				"east": { "uv": [ 14.5, 4.5, 16, 6 ], "texture": "#mixed" }
			}
		}
	],
	"display": {
		"thirdperson_righthand": {
			"translation":  [ 0, 2.5, 2 ],
			"scale":  [ 0.3, 0.3, 0.3 ]
		},
		"thirdperson_lefthand": {
			"translation":  [ 0, 2.5, 2 ],
			"scale":  [ 0.3, 0.3, 0.3 ]
		},
		"firstperson_righthand": {
			"rotation":  [ 0, 45, 0 ],
			"scale":  [ 0.4, 0.4, 0.4 ]
		},
		"firstperson_lefthand": {
			"rotation":  [ 0, 45, 0 ],
			"scale":  [ 0.4, 0.4, 0.4 ]
		},
		"gui": {
			"rotation":  [ 30, 35, 0 ],
			"translation":  [ 0, -2, 0 ],
			"scale":  [ 0.4, 0.4, 0.4 ]
		},
		"head": {
			"rotation":  [ 0, -180, 0 ],
			"translation":  [ 0, 5.5, 0 ],
			"scale":  [ 0.9, 0.9, 0.9 ]
		},
		"ground": {
			"translation":  [ 0, 3, 0 ],
			"scale":  [ 0.25, 0.25, 0.25 ]
		},
		"fixed": {
			"translation":  [ 0, -5, 2 ],
			"scale":  [ 0.6, 0.6, 0.6 ]
		}
	}
}