{
	"__comment": "Designed by JTK222",
	"textures": {
		"particle": "drpmedieval:blocks/juice_press/clean_plank_spruce",
		"texture": "drpmedieval:blocks/juice_press/clean_plank_spruce",
		"metal": "drpmedieval:blocks/juice_press/metal",
		"mixed": "drpmedieval:blocks/juice_press/juice press",
		"inside_plank": "drpmedieval:blocks/juice_press/inside_planks"
	},
	"elements": [
		{
			"__comment": "Cube1",
			"from": [ 1, 9, 1 ],
			"to": [ 15, 10, 15 ],
			"faces": {
				"down": { "uv": [ 1, 1, 15, 15 ], "texture": "#texture" },
				"up": { "uv": [ 1, 1, 15, 15 ], "texture": "#inside_plank" },
				"south": { "uv": [ 1, 6, 15, 7 ], "texture": "#texture" }
			}
		},
		{
			"__comment": "Cube2",
			"from": [ 0, 9, 0 ],
			"to": [ 15, 12, 1 ],
			"faces": {
				"down": { "uv": [ 0, 6, 15, 7 ], "texture": "#mixed" },
				"up": { "uv": [ 0, 13, 15, 14 ], "texture": "#mixed" },
				"north": { "uv": [ 1, 10, 16, 13 ], "texture": "#mixed", "cullface": "north" },
				"south": { "uv": [ 0, 4, 15, 7 ], "texture": "#mixed" },
				"west": { "uv": [ 0, 7, 1, 10 ], "texture": "#mixed", "cullface": "west" }
			}
		},
		{
			"__comment": "Cube3",
			"from": [ 15, 9, 0 ],
			"to": [ 16, 12, 15 ],
			"faces": {
				"down": { "uv": [ 0, 2, 16, 3 ], "texture": "#mixed", "rotation": 90 },
				"up": { "uv": [ 0, 15, 15, 16 ], "texture": "#mixed", "rotation": 90 },
				"north": { "uv": [ 0, 7, 1, 10 ], "texture": "#mixed", "cullface": "north" },
				"west": { "uv": [ 0, 4, 15, 7 ], "texture": "#mixed" },
				"east": { "uv": [ 1, 7, 16, 10 ], "texture": "#mixed", "cullface": "east" }
			}
		},
		{
			"__comment": "Cube4",
			"from": [ 7.5, 11, 15 ],
			"to": [ 8.5, 12, 16 ],
			"faces": {
				"down": { "uv": [ 7, 13, 8, 14 ], "texture": "#mixed" },
				"up": { "uv": [ 7.5, 15, 8.5, 16 ], "texture": "#mixed" },
				"north": { "uv": [ 7.5, 3, 8.5, 4.5 ], "texture": "#mixed" },
				"south": { "uv": [ 7.5, 10, 8.5, 11.5 ], "texture": "#mixed", "cullface": "south" }
			}
		},
		{
			"__comment": "Cube5",
			"from": [ 0, 9, 1 ],
			"to": [ 1, 12, 16 ],
			"faces": {
				"down": { "uv": [ 1, 2, 16, 3 ], "texture": "#mixed", "rotation": 90 },
				"up": { "uv": [ 0, 15, 15, 16 ], "texture": "#mixed", "rotation": 90 },
				"south": { "uv": [ 0, 7, 1, 10 ], "texture": "#mixed", "cullface": "south" },
				"west": { "uv": [ 1, 7, 16, 10 ], "texture": "#mixed", "cullface": "west" },
				"east": { "uv": [ 0, 0, 15, 3 ], "texture": "#mixed" }
			}
		},
		{
			"__comment": "Cube6",
			"from": [ 1, 0, 1 ],
			"to": [ 2.5, 9, 2.5 ],
			"faces": {
				"down": { "uv": [ 1, 13.5, 2.5, 15 ], "texture": "#metal", "cullface": "down" },
				"north": { "uv": [ 13.5, 7, 15, 16 ], "texture": "#metal" },
				"south": { "uv": [ 1, 7, 2.5, 16 ], "texture": "#metal" },
				"west": { "uv": [ 1, 7, 2.5, 16 ], "texture": "#metal" },
				"east": { "uv": [ 13.5, 7, 15, 16 ], "texture": "#metal" }
			}
		},
		{
			"__comment": "Cube7",
			"from": [ 13.5, 0, 1 ],
			"to": [ 15, 9, 2.5 ],
			"faces": {
				"down": { "uv": [ 13.5, 13.5, 15, 15 ], "texture": "#metal", "cullface": "down" },
				"north": { "uv": [ 1, 7, 2.5, 16 ], "texture": "#metal" },
				"south": { "uv": [ 13.5, 7, 15, 16 ], "texture": "#metal" },
				"west": { "uv": [ 1, 7, 2.5, 16 ], "texture": "#metal" },
				"east": { "uv": [ 13.5, 7, 15, 16 ], "texture": "#metal" }
			}
		},
		{
			"__comment": "Cube8",
			"from": [ 13.5, 0, 13.5 ],
			"to": [ 15, 9, 15 ],
			"faces": {
				"down": { "uv": [ 13.5, 1, 15, 2.5 ], "texture": "#metal", "cullface": "down" },
				"north": { "uv": [ 1, 7, 2.5, 16 ], "texture": "#metal" },
				"south": { "uv": [ 13.5, 7, 15, 16 ], "texture": "#metal" },
				"west": { "uv": [ 13.5, 7, 15, 16 ], "texture": "#metal" },
				"east": { "uv": [ 1, 7, 2.5, 16 ], "texture": "#metal" }
			}
		},
		{
			"__comment": "Cube9",
			"from": [ 1, 0, 13.5 ],
			"to": [ 2.5, 9, 15 ],
			"faces": {
				"down": { "uv": [ 1, 1, 2.5, 2.5 ], "texture": "#metal", "cullface": "down" },
				"north": { "uv": [ 13.5, 7, 15, 16 ], "texture": "#metal" },
				"south": { "uv": [ 1, 7, 2.5, 16 ], "texture": "#metal" },
				"west": { "uv": [ 13.5, 7, 15, 16 ], "texture": "#metal" },
				"east": { "uv": [ 1, 7, 2.5, 16 ], "texture": "#metal" }
			}
		},
		{
			"__comment": "Cube10",
			"from": [ 0, 12, 7 ],
			"to": [ 1, 16, 9 ],
			"faces": {
				"north": { "uv": [ 15, 0, 16, 4 ], "texture": "#metal" },
				"south": { "uv": [ 0, 0, 1, 4 ], "texture": "#metal" },
				"west": { "uv": [ 7, 0, 9, 4 ], "texture": "#metal", "cullface": "west" },
				"east": { "uv": [ 7, 0, 9, 4 ], "texture": "#metal" }
			}
		},
		{
			"__comment": "Cube10",
			"from": [ 15, 12, 7 ],
			"to": [ 16, 16, 9 ],
			"faces": {
				"north": { "uv": [ 0, 0, 1, 4 ], "texture": "#metal" },
				"south": { "uv": [ 15, 0, 16, 4 ], "texture": "#metal" },
				"west": { "uv": [ 7, 0, 9, 4 ], "texture": "#metal" },
				"east": { "uv": [ 7, 0, 9, 4 ], "texture": "#metal", "cullface": "east" }
			}
		},
		{
			"__comment": "Cube4",
			"from": [ 1, 9, 15 ],
			"to": [ 7.5, 12, 16 ],
			"faces": {
				"down": { "uv": [ 0, 12, 6.5, 13 ], "texture": "#mixed" },
				"up": { "uv": [ 0, 13, 6.5, 14 ], "texture": "#mixed" },
				"north": { "uv": [ 8.5, 4, 15, 7 ], "texture": "#mixed" },
				"south": { "uv": [ 1, 10, 7.5, 13 ], "texture": "#mixed", "cullface": "south" },
				"east": { "uv": [ 0, 10, 1, 13 ], "texture": "#mixed" }
			}
		},
		{
			"__comment": "Cube4",
			"from": [ 8.5, 9, 15 ],
			"to": [ 16, 12, 16 ],
			"faces": {
				"down": { "uv": [ 8.5, 12, 16, 13 ], "texture": "#mixed" },
				"up": { "uv": [ 8.5, 15, 16, 16 ], "texture": "#mixed" },
				"north": { "uv": [ 0, 4, 7.5, 7 ], "texture": "#mixed" },
				"south": { "uv": [ 8.5, 10, 16, 13 ], "texture": "#mixed", "cullface": "south" },
				"west": { "uv": [ 15, 10, 16, 13 ], "texture": "#mixed" },
				"east": { "uv": [ 0, 10, 1, 13 ], "texture": "#mixed", "cullface": "east" }
			}
		},
		{
			"__comment": "Cube4",
			"from": [ 8.25, 9.125, 16 ],
			"to": [ 8.75, 10.625, 17.5 ],
			"rotation": { "origin": [ 8.5, 9.125, 16 ], "axis": "z", "angle": -22.5 },
			"faces": {
				"down": { "uv": [ 8.5, 14.5, 9, 16 ], "texture": "#texture", "cullface": "south" },
				"up": { "uv": [ 8.5, 0, 9, 1.5 ], "texture": "#texture", "cullface": "south" },
				"north": { "uv": [ 7, 5.375, 7.5, 6.875 ], "texture": "#texture", "cullface": "south" },
				"south": { "uv": [ 8.5, 5.375, 9, 6.875 ], "texture": "#texture", "cullface": "south" },
				"west": { "uv": [ 5, 4.5, 6.5, 6 ], "texture": "#mixed", "cullface": "south" },
				"east": { "uv": [ 14.5, 5.375, 16, 6.875 ], "texture": "#texture", "cullface": "south" }
			}
		},
		{
			"__comment": "Cube4",
			"from": [ 7.5, 9, 15 ],
			"to": [ 8.5, 9.5, 17.5 ],
			"faces": {
				"down": { "uv": [ 7.5, 0, 8.5, 1 ], "texture": "#texture", "cullface": "south" },
				"up": { "uv": [ 7.5, 13.5, 8.5, 16 ], "texture": "#inside_plank", "cullface": "south" },
				"south": { "uv": [ 7.5, 6.5, 8.5, 7 ], "texture": "#texture", "cullface": "south" },
				"west": { "uv": [ 15, 6.5, 16, 7 ], "texture": "#texture", "cullface": "south" },
				"east": { "uv": [ 0, 6.5, 1, 7 ], "texture": "#texture", "cullface": "south" }
			}
		},
		{
			"__comment": "Cube4",
			"from": [ 7.25, 9.125, 16 ],
			"to": [ 7.75, 10.625, 17.5 ],
			"rotation": { "origin": [ 7.5, 9.125, 16 ], "axis": "z", "angle": 22.5 },
			"faces": {
				"down": { "uv": [ 7, 14.5, 7.5, 16 ], "texture": "#texture", "cullface": "south" },
				"up": { "uv": [ 7, 0, 7.5, 1.5 ], "texture": "#texture", "cullface": "south" },
				"north": { "uv": [ 8.5, 5.5, 9, 7 ], "texture": "#texture", "cullface": "south" },
				"south": { "uv": [ 7, 5.5, 7.5, 7 ], "texture": "#texture", "cullface": "south" },
				"west": { "uv": [ 0, 5.5, 1.5, 7 ], "texture": "#texture", "cullface": "south" },
				"east": { "uv": [ 14.5, 4.5, 16, 6 ], "texture": "#mixed", "cullface": "south" }
			}
		}
	]
}