{
	"__comment": "Designed by JTK222 with Cubik Studio - https://cubik.studio",
	"textures": {
		"particle": "drpmedieval:blocks/candles/beeswax",
		"wax": "drpmedieval:blocks/candles/beeswax",
		"wick": "drpmedieval:blocks/candles/wick"
	},
	"elements": [ 	 
		{
			"__comment": "Voxels",
			"from": [ 6, 0, 7 ],
			"to": [ 10, 0.5, 9 ],
			"faces": {
				"down": { "uv": [ 6, 7, 10, 9 ], "texture": "#wax" },
				"up": { "uv": [ 6, 7, 10, 9 ], "texture": "#wax" },
				"north": { "uv": [ 6, 15.5, 10, 16 ], "texture": "#wax" },
				"south": { "uv": [ 6, 15.5, 10, 16 ], "texture": "#wax" },
				"west": { "uv": [ 7, 15.5, 9, 16 ], "texture": "#wax" },
				"east": { "uv": [ 7, 15.5, 9, 16 ], "texture": "#wax" }
			}
		},
		{
			"__comment": "Voxels",
			"from": [ 6, 0.5, 7.5 ],
			"to": [ 10, 2.5, 8 ],
			"faces": {
				"down": { "uv": [ 6, 8, 10, 8.5 ], "texture": "#wax" },
				"up": { "uv": [ 6, 7.5, 10, 8 ], "texture": "#wax" },
				"north": { "uv": [ 6, 13.5, 10, 15.5 ], "texture": "#wax" },
				"south": { "uv": [ 6, 13.5, 10, 15.5 ], "texture": "#wax" },
				"west": { "uv": [ 7.5, 13.5, 8, 15.5 ], "texture": "#wax" },
				"east": { "uv": [ 8, 13.5, 8.5, 15.5 ], "texture": "#wax" }
			}
		},
		{
			"__comment": "Voxels",
			"from": [ 6, 0.5, 8 ],
			"to": [ 10, 1.5, 8.5 ],
			"faces": {
				"down": { "uv": [ 6, 7.5, 10, 8 ], "texture": "#wax" },
				"up": { "uv": [ 6, 8, 10, 8.5 ], "texture": "#wax" },
				"north": { "uv": [ 6, 14.5, 10, 15.5 ], "texture": "#wax" },
				"south": { "uv": [ 6, 14.5, 10, 15.5 ], "texture": "#wax" },
				"west": { "uv": [ 8, 14.5, 8.5, 15.5 ], "texture": "#wax" },
				"east": { "uv": [ 7.5, 14.5, 8, 15.5 ], "texture": "#wax" }
			}
		},
		{
			"__comment": "Voxels",
			"from": [ 6, 4.5, 8 ],
			"to": [ 9.5, 7.5, 8.5 ],
			"faces": {
				"down": { "uv": [ 6, 7.5, 9.5, 8 ], "texture": "#wax" },
				"up": { "uv": [ 6, 8, 9.5, 8.5 ], "texture": "#wax" },
				"north": { "uv": [ 6.5, 8.5, 10, 11.5 ], "texture": "#wax" },
				"south": { "uv": [ 6, 8.5, 9.5, 11.5 ], "texture": "#wax" },
				"west": { "uv": [ 8, 8.5, 8.5, 11.5 ], "texture": "#wax" },
				"east": { "uv": [ 7.5, 8.5, 8, 11.5 ], "texture": "#wax" }
			}
		},
		{
			"__comment": "Voxels",
			"from": [ 6, 6.5, 7.5 ],
			"to": [ 10, 7, 8 ],
			"faces": {
				"down": { "uv": [ 6, 8, 10, 8.5 ], "texture": "#wax" },
				"up": { "uv": [ 6, 7.5, 10, 8 ], "texture": "#wax" },
				"north": { "uv": [ 6, 9, 10, 9.5 ], "texture": "#wax" },
				"south": { "uv": [ 6, 9, 10, 9.5 ], "texture": "#wax" },
				"west": { "uv": [ 7.5, 9, 8, 9.5 ], "texture": "#wax" },
				"east": { "uv": [ 8, 9, 8.5, 9.5 ], "texture": "#wax" }
			}
		},
		{
			"__comment": "Voxels",
			"from": [ 6, 7, 7.5 ],
			"to": [ 9.5, 7.5, 8 ],
			"faces": {
				"down": { "uv": [ 6, 8, 9.5, 8.5 ], "texture": "#wax" },
				"up": { "uv": [ 6, 7.5, 9.5, 8 ], "texture": "#wax" },
				"north": { "uv": [ 6.5, 8.5, 10, 9 ], "texture": "#wax" },
				"south": { "uv": [ 6, 8.5, 9.5, 9 ], "texture": "#wax" },
				"west": { "uv": [ 7.5, 8.5, 8, 9 ], "texture": "#wax" },
				"east": { "uv": [ 8, 8.5, 8.5, 9 ], "texture": "#wax" }
			}
		},
		{
			"__comment": "Voxels",
			"from": [ 6, 7, 8.5 ],
			"to": [ 9.5, 7.5, 9 ],
			"faces": {
				"down": { "uv": [ 6, 7, 9.5, 7.5 ], "texture": "#wax" },
				"up": { "uv": [ 6, 8.5, 9.5, 9 ], "texture": "#wax" },
				"north": { "uv": [ 6.5, 8.5, 10, 9 ], "texture": "#wax" },
				"south": { "uv": [ 6, 8.5, 9.5, 9 ], "texture": "#wax" },
				"west": { "uv": [ 8.5, 8.5, 9, 9 ], "texture": "#wax" },
				"east": { "uv": [ 7, 8.5, 7.5, 9 ], "texture": "#wax" }
			}
		},
		{
			"__comment": "Voxels",
			"from": [ 6.5, 0, 6.5 ],
			"to": [ 9.5, 1.5, 7 ],
			"faces": {
				"down": { "uv": [ 6.5, 9, 9.5, 9.5 ], "texture": "#wax" },
				"up": { "uv": [ 6.5, 6.5, 9.5, 7 ], "texture": "#wax" },
				"north": { "uv": [ 6.5, 14.5, 9.5, 16 ], "texture": "#wax" },
				"south": { "uv": [ 6.5, 14.5, 9.5, 16 ], "texture": "#wax" },
				"west": { "uv": [ 6.5, 14.5, 7, 16 ], "texture": "#wax" },
				"east": { "uv": [ 9, 14.5, 9.5, 16 ], "texture": "#wax" }
			}
		},
		{
			"__comment": "Voxels",
			"from": [ 6.5, 0, 9 ],
			"to": [ 9.5, 1.5, 9.5 ],
			"faces": {
				"down": { "uv": [ 6.5, 6.5, 9.5, 7 ], "texture": "#wax" },
				"up": { "uv": [ 6.5, 9, 9.5, 9.5 ], "texture": "#wax" },
				"north": { "uv": [ 6.5, 14.5, 9.5, 16 ], "texture": "#wax" },
				"south": { "uv": [ 6.5, 14.5, 9.5, 16 ], "texture": "#wax" },
				"west": { "uv": [ 9, 14.5, 9.5, 16 ], "texture": "#wax" },
				"east": { "uv": [ 6.5, 14.5, 7, 16 ], "texture": "#wax" }
			}
		},
		{
			"__comment": "Voxels",
			"from": [ 6.5, 0, 9.5 ],
			"to": [ 9, 0.5, 10 ],
			"faces": {
				"down": { "uv": [ 6.5, 6, 9, 6.5 ], "texture": "#wax" },
				"up": { "uv": [ 6.5, 9.5, 9, 10 ], "texture": "#wax" },
				"north": { "uv": [ 7, 15.5, 9.5, 16 ], "texture": "#wax" },
				"south": { "uv": [ 6.5, 15.5, 9, 16 ], "texture": "#wax" },
				"west": { "uv": [ 9.5, 15.5, 10, 16 ], "texture": "#wax" },
				"east": { "uv": [ 6, 15.5, 6.5, 16 ], "texture": "#wax" }
			}
		},
		{
			"__comment": "Voxels",
			"from": [ 6.5, 0.5, 7 ],
			"to": [ 9.5, 7.5, 7.5 ],
			"faces": {
				"down": { "uv": [ 6.5, 8.5, 9.5, 9 ], "texture": "#wax" },
				"up": { "uv": [ 6.5, 7, 9.5, 7.5 ], "texture": "#wax" },
				"north": { "uv": [ 6.5, 8.5, 9.5, 15.5 ], "texture": "#wax" },
				"south": { "uv": [ 6.5, 8.5, 9.5, 15.5 ], "texture": "#wax" },
				"west": { "uv": [ 7, 8.5, 7.5, 15.5 ], "texture": "#wax" },
				"east": { "uv": [ 8.5, 8.5, 9, 15.5 ], "texture": "#wax" }
			}
		},
		{
			"__comment": "Voxels",
			"from": [ 6.5, 0.5, 8.5 ],
			"to": [ 9.5, 7, 9 ],
			"faces": {
				"down": { "uv": [ 6.5, 7, 9.5, 7.5 ], "texture": "#wax" },
				"up": { "uv": [ 6.5, 8.5, 9.5, 9 ], "texture": "#wax" },
				"north": { "uv": [ 6.5, 9, 9.5, 15.5 ], "texture": "#wax" },
				"south": { "uv": [ 6.5, 9, 9.5, 15.5 ], "texture": "#wax" },
				"west": { "uv": [ 8.5, 9, 9, 15.5 ], "texture": "#wax" },
				"east": { "uv": [ 7, 9, 7.5, 15.5 ], "texture": "#wax" }
			}
		},
		{
			"__comment": "Voxels",
			"from": [ 6.5, 1.5, 6.5 ],
			"to": [ 9, 2, 7 ],
			"faces": {
				"down": { "uv": [ 6.5, 9, 9, 9.5 ], "texture": "#wax" },
				"up": { "uv": [ 6.5, 6.5, 9, 7 ], "texture": "#wax" },
				"north": { "uv": [ 7, 14, 9.5, 14.5 ], "texture": "#wax" },
				"south": { "uv": [ 6.5, 14, 9, 14.5 ], "texture": "#wax" },
				"west": { "uv": [ 6.5, 14, 7, 14.5 ], "texture": "#wax" },
				"east": { "uv": [ 9, 14, 9.5, 14.5 ], "texture": "#wax" }
			}
		},
		{
			"__comment": "Voxels",
			"from": [ 6.5, 1.5, 8 ],
			"to": [ 9.5, 4.5, 8.5 ],
			"faces": {
				"down": { "uv": [ 6.5, 7.5, 9.5, 8 ], "texture": "#wax" },
				"up": { "uv": [ 6.5, 8, 9.5, 8.5 ], "texture": "#wax" },
				"north": { "uv": [ 6.5, 11.5, 9.5, 14.5 ], "texture": "#wax" },
				"south": { "uv": [ 6.5, 11.5, 9.5, 14.5 ], "texture": "#wax" },
				"west": { "uv": [ 8, 11.5, 8.5, 14.5 ], "texture": "#wax" },
				"east": { "uv": [ 7.5, 11.5, 8, 14.5 ], "texture": "#wax" }
			}
		},
		{
			"__comment": "Voxels",
			"from": [ 6.5, 2.5, 7.5 ],
			"to": [ 10, 3, 8 ],
			"faces": {
				"down": { "uv": [ 6.5, 8, 10, 8.5 ], "texture": "#wax" },
				"up": { "uv": [ 6.5, 7.5, 10, 8 ], "texture": "#wax" },
				"north": { "uv": [ 6, 13, 9.5, 13.5 ], "texture": "#wax" },
				"south": { "uv": [ 6.5, 13, 10, 13.5 ], "texture": "#wax" },
				"west": { "uv": [ 7.5, 13, 8, 13.5 ], "texture": "#wax" },
				"east": { "uv": [ 8, 13, 8.5, 13.5 ], "texture": "#wax" }
			}
		},
		{
			"__comment": "Voxels",
			"from": [ 6.5, 3, 7.5 ],
			"to": [ 9.5, 6.5, 8 ],
			"faces": {
				"down": { "uv": [ 6.5, 8, 9.5, 8.5 ], "texture": "#wax" },
				"up": { "uv": [ 6.5, 7.5, 9.5, 8 ], "texture": "#wax" },
				"north": { "uv": [ 6.5, 9.5, 9.5, 13 ], "texture": "#wax" },
				"south": { "uv": [ 6.5, 9.5, 9.5, 13 ], "texture": "#wax" },
				"west": { "uv": [ 7.5, 9.5, 8, 13 ], "texture": "#wax" },
				"east": { "uv": [ 8, 9.5, 8.5, 13 ], "texture": "#wax" }
			}
		},
		{
			"__comment": "Voxels",
			"from": [ 6.5, 7.5, 7 ],
			"to": [ 7, 8, 7.5 ],
			"faces": {
				"down": { "uv": [ 6.5, 8.5, 7, 9 ], "texture": "#wax" },
				"up": { "uv": [ 6.5, 7, 7, 7.5 ], "texture": "#wax" },
				"north": { "uv": [ 9, 8, 9.5, 8.5 ], "texture": "#wax" },
				"south": { "uv": [ 6.5, 8, 7, 8.5 ], "texture": "#wax" },
				"west": { "uv": [ 7, 8, 7.5, 8.5 ], "texture": "#wax" },
				"east": { "uv": [ 8.5, 8, 9, 8.5 ], "texture": "#wax" }
			}
		},
		{
			"__comment": "Voxels",
			"from": [ 6.5, 7.5, 8.5 ],
			"to": [ 7.5, 8, 9 ],
			"faces": {
				"down": { "uv": [ 6.5, 7, 7.5, 7.5 ], "texture": "#wax" },
				"up": { "uv": [ 6.5, 8.5, 7.5, 9 ], "texture": "#wax" },
				"north": { "uv": [ 8.5, 8, 9.5, 8.5 ], "texture": "#wax" },
				"south": { "uv": [ 6.5, 8, 7.5, 8.5 ], "texture": "#wax" },
				"west": { "uv": [ 8.5, 8, 9, 8.5 ], "texture": "#wax" },
				"east": { "uv": [ 7, 8, 7.5, 8.5 ], "texture": "#wax" }
			}
		},
		{
			"__comment": "Voxels",
			"from": [ 7, 0, 6 ],
			"to": [ 9, 0.5, 6.5 ],
			"faces": {
				"down": { "uv": [ 7, 9.5, 9, 10 ], "texture": "#wax" },
				"up": { "uv": [ 7, 6, 9, 6.5 ], "texture": "#wax" },
				"north": { "uv": [ 7, 15.5, 9, 16 ], "texture": "#wax" },
				"south": { "uv": [ 7, 15.5, 9, 16 ], "texture": "#wax" },
				"west": { "uv": [ 6, 15.5, 6.5, 16 ], "texture": "#wax" },
				"east": { "uv": [ 9.5, 15.5, 10, 16 ], "texture": "#wax" }
			}
		},
		{
			"__comment": "Voxels",
			"from": [ 7, 0.5, 9.5 ],
			"to": [ 8.5, 1.5, 10 ],
			"faces": {
				"down": { "uv": [ 7, 6, 8.5, 6.5 ], "texture": "#wax" },
				"up": { "uv": [ 7, 9.5, 8.5, 10 ], "texture": "#wax" },
				"north": { "uv": [ 7.5, 14.5, 9, 15.5 ], "texture": "#wax" },
				"south": { "uv": [ 7, 14.5, 8.5, 15.5 ], "texture": "#wax" },
				"west": { "uv": [ 9.5, 14.5, 10, 15.5 ], "texture": "#wax" },
				"east": { "uv": [ 6, 14.5, 6.5, 15.5 ], "texture": "#wax" }
			}
		},
		{
			"__comment": "Voxels",
			"from": [ 7, 1.5, 9 ],
			"to": [ 9, 7.5, 9.5 ],
			"faces": {
				"down": { "uv": [ 7, 6.5, 9, 7 ], "texture": "#wax" },
				"up": { "uv": [ 7, 9, 9, 9.5 ], "texture": "#wax" },
				"north": { "uv": [ 7, 8.5, 9, 14.5 ], "texture": "#wax" },
				"south": { "uv": [ 7, 8.5, 9, 14.5 ], "texture": "#wax" },
				"west": { "uv": [ 9, 8.5, 9.5, 14.5 ], "texture": "#wax" },
				"east": { "uv": [ 6.5, 8.5, 7, 14.5 ], "texture": "#wax" }
			}
		},
		{
			"__comment": "Voxels",
			"from": [ 7, 1.5, 9.5 ],
			"to": [ 8, 2, 10 ],
			"faces": {
				"down": { "uv": [ 7, 6, 8, 6.5 ], "texture": "#wax" },
				"up": { "uv": [ 7, 9.5, 8, 10 ], "texture": "#wax" },
				"north": { "uv": [ 8, 14, 9, 14.5 ], "texture": "#wax" },
				"south": { "uv": [ 7, 14, 8, 14.5 ], "texture": "#wax" },
				"west": { "uv": [ 9.5, 14, 10, 14.5 ], "texture": "#wax" },
				"east": { "uv": [ 6, 14, 6.5, 14.5 ], "texture": "#wax" }
			}
		},
		{
			"__comment": "Voxels",
			"from": [ 7, 2, 6.5 ],
			"to": [ 9, 7.5, 7 ],
			"faces": {
				"down": { "uv": [ 7, 9, 9, 9.5 ], "texture": "#wax" },
				"up": { "uv": [ 7, 6.5, 9, 7 ], "texture": "#wax" },
				"north": { "uv": [ 7, 8.5, 9, 14 ], "texture": "#wax" },
				"south": { "uv": [ 7, 8.5, 9, 14 ], "texture": "#wax" },
				"west": { "uv": [ 6.5, 8.5, 7, 14 ], "texture": "#wax" },
				"east": { "uv": [ 9, 8.5, 9.5, 14 ], "texture": "#wax" }
			}
		},
		{
			"__comment": "Voxels",
			"from": [ 7, 7.5, 6.5 ],
			"to": [ 7.5, 8, 7 ],
			"faces": {
				"down": { "uv": [ 7, 9, 7.5, 9.5 ], "texture": "#wax" },
				"up": { "uv": [ 7, 6.5, 7.5, 7 ], "texture": "#wax" },
				"north": { "uv": [ 8.5, 8, 9, 8.5 ], "texture": "#wax" },
				"south": { "uv": [ 7, 8, 7.5, 8.5 ], "texture": "#wax" },
				"west": { "uv": [ 6.5, 8, 7, 8.5 ], "texture": "#wax" },
				"east": { "uv": [ 9, 8, 9.5, 8.5 ], "texture": "#wax" }
			}
		},
		{
			"__comment": "Voxels",
			"from": [ 7, 7.5, 9 ],
			"to": [ 7.5, 8, 9.5 ],
			"faces": {
				"down": { "uv": [ 7, 6.5, 7.5, 7 ], "texture": "#wax" },
				"up": { "uv": [ 7, 9, 7.5, 9.5 ], "texture": "#wax" },
				"north": { "uv": [ 8.5, 8, 9, 8.5 ], "texture": "#wax" },
				"south": { "uv": [ 7, 8, 7.5, 8.5 ], "texture": "#wax" },
				"west": { "uv": [ 9, 8, 9.5, 8.5 ], "texture": "#wax" },
				"east": { "uv": [ 6.5, 8, 7, 8.5 ], "texture": "#wax" }
			}
		},
		{
			"__comment": "Voxels",
			"from": [ 7.5, 0.5, 6 ],
			"to": [ 8.5, 1, 6.5 ],
			"faces": {
				"down": { "uv": [ 7.5, 9.5, 8.5, 10 ], "texture": "#wax" },
				"up": { "uv": [ 7.5, 6, 8.5, 6.5 ], "texture": "#wax" },
				"north": { "uv": [ 7.5, 15, 8.5, 15.5 ], "texture": "#wax" },
				"south": { "uv": [ 7.5, 15, 8.5, 15.5 ], "texture": "#wax" },
				"west": { "uv": [ 6, 15, 6.5, 15.5 ], "texture": "#wax" },
				"east": { "uv": [ 9.5, 15, 10, 15.5 ], "texture": "#wax" }
			}
		},
		{
			"__comment": "Voxels",
			"from": [ 7.5, 2, 9.5 ],
			"to": [ 8, 3, 10 ],
			"faces": {
				"down": { "uv": [ 7.5, 6, 8, 6.5 ], "texture": "#wax" },
				"up": { "uv": [ 7.5, 9.5, 8, 10 ], "texture": "#wax" },
				"north": { "uv": [ 8, 13, 8.5, 14 ], "texture": "#wax" },
				"south": { "uv": [ 7.5, 13, 8, 14 ], "texture": "#wax" },
				"west": { "uv": [ 9.5, 13, 10, 14 ], "texture": "#wax" },
				"east": { "uv": [ 6, 13, 6.5, 14 ], "texture": "#wax" }
			}
		},
		{
			"__comment": "Voxels",
			"from": [ 7.5, 6, 9.5 ],
			"to": [ 8.5, 7, 10 ],
			"faces": {
				"down": { "uv": [ 7.5, 6, 8.5, 6.5 ], "texture": "#wax" },
				"up": { "uv": [ 7.5, 9.5, 8.5, 10 ], "texture": "#wax" },
				"north": { "uv": [ 7.5, 9, 8.5, 10 ], "texture": "#wax" },
				"south": { "uv": [ 7.5, 9, 8.5, 10 ], "texture": "#wax" },
				"west": { "uv": [ 9.5, 9, 10, 10 ], "texture": "#wax" },
				"east": { "uv": [ 6, 9, 6.5, 10 ], "texture": "#wax" }
			}
		},
		{
			"__comment": "Voxels",
			"from": [ 7.5, 6.5, 6 ],
			"to": [ 9, 7.5, 6.5 ],
			"faces": {
				"down": { "uv": [ 7.5, 9.5, 9, 10 ], "texture": "#wax" },
				"up": { "uv": [ 7.5, 6, 9, 6.5 ], "texture": "#wax" },
				"north": { "uv": [ 7, 8.5, 8.5, 9.5 ], "texture": "#wax" },
				"south": { "uv": [ 7.5, 8.5, 9, 9.5 ], "texture": "#wax" },
				"west": { "uv": [ 6, 8.5, 6.5, 9.5 ], "texture": "#wax" },
				"east": { "uv": [ 9.5, 8.5, 10, 9.5 ], "texture": "#wax" }
			}
		},
		{
			"__comment": "Voxels",
			"from": [ 8, 1, 6 ],
			"to": [ 8.5, 2.5, 6.5 ],
			"faces": {
				"down": { "uv": [ 8, 9.5, 8.5, 10 ], "texture": "#wax" },
				"up": { "uv": [ 8, 6, 8.5, 6.5 ], "texture": "#wax" },
				"north": { "uv": [ 7.5, 13.5, 8, 15 ], "texture": "#wax" },
				"south": { "uv": [ 8, 13.5, 8.5, 15 ], "texture": "#wax" },
				"west": { "uv": [ 6, 13.5, 6.5, 15 ], "texture": "#wax" },
				"east": { "uv": [ 9.5, 13.5, 10, 15 ], "texture": "#wax" }
			}
		},
		{
			"__comment": "Voxels",
			"from": [ 8, 4, 6 ],
			"to": [ 8.5, 6.5, 6.5 ],
			"faces": {
				"down": { "uv": [ 8, 9.5, 8.5, 10 ], "texture": "#wax" },
				"up": { "uv": [ 8, 6, 8.5, 6.5 ], "texture": "#wax" },
				"north": { "uv": [ 7.5, 9.5, 8, 12 ], "texture": "#wax" },
				"south": { "uv": [ 8, 9.5, 8.5, 12 ], "texture": "#wax" },
				"west": { "uv": [ 6, 9.5, 6.5, 12 ], "texture": "#wax" },
				"east": { "uv": [ 9.5, 9.5, 10, 12 ], "texture": "#wax" }
			}
		},
		{
			"__comment": "Voxels",
			"from": [ 8, 4.5, 9.5 ],
			"to": [ 8.5, 6, 10 ],
			"faces": {
				"down": { "uv": [ 8, 6, 8.5, 6.5 ], "texture": "#wax" },
				"up": { "uv": [ 8, 9.5, 8.5, 10 ], "texture": "#wax" },
				"north": { "uv": [ 7.5, 10, 8, 11.5 ], "texture": "#wax" },
				"south": { "uv": [ 8, 10, 8.5, 11.5 ], "texture": "#wax" },
				"west": { "uv": [ 9.5, 10, 10, 11.5 ], "texture": "#wax" },
				"east": { "uv": [ 6, 10, 6.5, 11.5 ], "texture": "#wax" }
			}
		},
		{
			"__comment": "Voxels",
			"from": [ 8, 7, 9.5 ],
			"to": [ 9, 7.5, 10 ],
			"faces": {
				"down": { "uv": [ 8, 6, 9, 6.5 ], "texture": "#wax" },
				"up": { "uv": [ 8, 9.5, 9, 10 ], "texture": "#wax" },
				"north": { "uv": [ 7, 8.5, 8, 9 ], "texture": "#wax" },
				"south": { "uv": [ 8, 8.5, 9, 9 ], "texture": "#wax" },
				"west": { "uv": [ 9.5, 8.5, 10, 9 ], "texture": "#wax" },
				"east": { "uv": [ 6, 8.5, 6.5, 9 ], "texture": "#wax" }
			}
		},
		{
			"__comment": "Voxels",
			"from": [ 8.5, 6, 6 ],
			"to": [ 9, 6.5, 6.5 ],
			"faces": {
				"down": { "uv": [ 8.5, 9.5, 9, 10 ], "texture": "#wax" },
				"up": { "uv": [ 8.5, 6, 9, 6.5 ], "texture": "#wax" },
				"north": { "uv": [ 7, 9.5, 7.5, 10 ], "texture": "#wax" },
				"south": { "uv": [ 8.5, 9.5, 9, 10 ], "texture": "#wax" },
				"west": { "uv": [ 6, 9.5, 6.5, 10 ], "texture": "#wax" },
				"east": { "uv": [ 9.5, 9.5, 10, 10 ], "texture": "#wax" }
			}
		},
		{
			"__comment": "Voxels",
			"from": [ 8.5, 7.5, 6.5 ],
			"to": [ 9, 8, 7 ],
			"faces": {
				"down": { "uv": [ 8.5, 9, 9, 9.5 ], "texture": "#wax" },
				"up": { "uv": [ 8.5, 6.5, 9, 7 ], "texture": "#wax" },
				"north": { "uv": [ 7, 8, 7.5, 8.5 ], "texture": "#wax" },
				"south": { "uv": [ 8.5, 8, 9, 8.5 ], "texture": "#wax" },
				"west": { "uv": [ 6.5, 8, 7, 8.5 ], "texture": "#wax" },
				"east": { "uv": [ 9, 8, 9.5, 8.5 ], "texture": "#wax" }
			}
		},
		{
			"__comment": "Voxels",
			"from": [ 8.5, 7.5, 9 ],
			"to": [ 9, 8, 9.5 ],
			"faces": {
				"down": { "uv": [ 8.5, 6.5, 9, 7 ], "texture": "#wax" },
				"up": { "uv": [ 8.5, 9, 9, 9.5 ], "texture": "#wax" },
				"north": { "uv": [ 7, 8, 7.5, 8.5 ], "texture": "#wax" },
				"south": { "uv": [ 8.5, 8, 9, 8.5 ], "texture": "#wax" },
				"west": { "uv": [ 9, 8, 9.5, 8.5 ], "texture": "#wax" },
				"east": { "uv": [ 6.5, 8, 7, 8.5 ], "texture": "#wax" }
			}
		},
		{
			"__comment": "Voxels",
			"from": [ 9, 5.5, 6.5 ],
			"to": [ 9.5, 7.5, 7 ],
			"faces": {
				"down": { "uv": [ 9, 9, 9.5, 9.5 ], "texture": "#wax" },
				"up": { "uv": [ 9, 6.5, 9.5, 7 ], "texture": "#wax" },
				"north": { "uv": [ 6.5, 8.5, 7, 10.5 ], "texture": "#wax" },
				"south": { "uv": [ 9, 8.5, 9.5, 10.5 ], "texture": "#wax" },
				"west": { "uv": [ 6.5, 8.5, 7, 10.5 ], "texture": "#wax" },
				"east": { "uv": [ 9, 8.5, 9.5, 10.5 ], "texture": "#wax" }
			}
		},
		{
			"__comment": "Voxels",
			"from": [ 9, 5.5, 9 ],
			"to": [ 9.5, 7.5, 9.5 ],
			"faces": {
				"down": { "uv": [ 9, 6.5, 9.5, 7 ], "texture": "#wax" },
				"up": { "uv": [ 9, 9, 9.5, 9.5 ], "texture": "#wax" },
				"north": { "uv": [ 6.5, 8.5, 7, 10.5 ], "texture": "#wax" },
				"south": { "uv": [ 9, 8.5, 9.5, 10.5 ], "texture": "#wax" },
				"west": { "uv": [ 9, 8.5, 9.5, 10.5 ], "texture": "#wax" },
				"east": { "uv": [ 6.5, 8.5, 7, 10.5 ], "texture": "#wax" }
			}
		},
		{
			"__comment": "Voxels",
			"from": [ 9, 7.5, 7 ],
			"to": [ 9.5, 8, 7.5 ],
			"faces": {
				"down": { "uv": [ 9, 8.5, 9.5, 9 ], "texture": "#wax" },
				"up": { "uv": [ 9, 7, 9.5, 7.5 ], "texture": "#wax" },
				"north": { "uv": [ 6.5, 8, 7, 8.5 ], "texture": "#wax" },
				"south": { "uv": [ 9, 8, 9.5, 8.5 ], "texture": "#wax" },
				"west": { "uv": [ 7, 8, 7.5, 8.5 ], "texture": "#wax" },
				"east": { "uv": [ 8.5, 8, 9, 8.5 ], "texture": "#wax" }
			}
		},
		{
			"__comment": "Voxels",
			"from": [ 9, 7.5, 8.5 ],
			"to": [ 9.5, 8, 9 ],
			"faces": {
				"down": { "uv": [ 9, 7, 9.5, 7.5 ], "texture": "#wax" },
				"up": { "uv": [ 9, 8.5, 9.5, 9 ], "texture": "#wax" },
				"north": { "uv": [ 6.5, 8, 7, 8.5 ], "texture": "#wax" },
				"south": { "uv": [ 9, 8, 9.5, 8.5 ], "texture": "#wax" },
				"west": { "uv": [ 8.5, 8, 9, 8.5 ], "texture": "#wax" },
				"east": { "uv": [ 7, 8, 7.5, 8.5 ], "texture": "#wax" }
			}
		},
		{
			"__comment": "Voxels",
			"from": [ 9.5, 5, 7.5 ],
			"to": [ 10, 6.5, 8 ],
			"faces": {
				"down": { "uv": [ 9.5, 8, 10, 8.5 ], "texture": "#wax" },
				"up": { "uv": [ 9.5, 7.5, 10, 8 ], "texture": "#wax" },
				"north": { "uv": [ 6, 9.5, 6.5, 11 ], "texture": "#wax" },
				"south": { "uv": [ 9.5, 9.5, 10, 11 ], "texture": "#wax" },
				"west": { "uv": [ 7.5, 9.5, 8, 11 ], "texture": "#wax" },
				"east": { "uv": [ 8, 9.5, 8.5, 11 ], "texture": "#wax" }
			}
		},
		{
			"__comment": "Voxels",
			"from": [ 9.5, 6, 8 ],
			"to": [ 10, 7.5, 8.5 ],
			"faces": {
				"down": { "uv": [ 9.5, 7.5, 10, 8 ], "texture": "#wax" },
				"up": { "uv": [ 9.5, 8, 10, 8.5 ], "texture": "#wax" },
				"north": { "uv": [ 6, 8.5, 6.5, 10 ], "texture": "#wax" },
				"south": { "uv": [ 9.5, 8.5, 10, 10 ], "texture": "#wax" },
				"west": { "uv": [ 8, 8.5, 8.5, 10 ], "texture": "#wax" },
				"east": { "uv": [ 7.5, 8.5, 8, 10 ], "texture": "#wax" }
			}
		},
		{
			"__comment": "Wick",
			"from": [ 7.75, 7.5, 7.75 ],
			"to": [ 8.25, 8.5, 8.25 ],
			"faces": {
				"down": { "uv": [ 7.75, 7.75, 8.25, 8.25 ], "texture": "#wick" },
				"up": { "uv": [ 7.75, 7.75, 8.25, 8.25 ], "texture": "#wick" },
				"north": { "uv": [ 7.75, 7.5, 8.25, 8.5 ], "texture": "#wick" },
				"south": { "uv": [ 7.75, 7.5, 8.25, 8.5 ], "texture": "#wick" },
				"west": { "uv": [ 7.75, 7.5, 8.25, 8.5 ], "texture": "#wick" },
				"east": { "uv": [ 7.75, 7.5, 8.25, 8.5 ], "texture": "#wick" }
			}
		}
	]
}