{
	"__comment": "Designed by Rolfaal with Cubik Studio - https://cubik.studio",
	"textures": {
		"particle": "drpmedieval:blocks/forge/stone_bricks",
		"stone_brick": "drpmedieval:blocks/forge/stone_bricks",
		"metal": "drpmedieval:blocks/forge/metal"
	},
	"elements": [ 	 
		{
			"__comment": "Box1",
			"from": [ 12.5, -0.0009999999, 11.5 ],
			"to": [ 13.5, 7.999, 15.5 ],
			"rotation": { "origin": [ 13, 0, 15 ], "axis": "y", "angle": -45 },
			"faces": {
				"down": { "uv": [ 15.1213, 0, 16, 3.8284 ], "texture": "#stone_brick" },
				"up": { "uv": [ 15.1213, 12.1716, 16, 16 ], "texture": "#stone_brick" },
				"north": { "uv": [ 0, 8.001001, 0.8787003, 16 ], "texture": "#stone_brick" },
				"south": { "uv": [ 15.1213, 8.001001, 16, 16 ], "texture": "#stone_brick" },
				"west": { "uv": [ 12.1716, 8.001001, 16, 16 ], "texture": "#stone_brick" },
				"east": { "uv": [ 0, 8.001001, 3.8284, 16 ], "texture": "#stone_brick" }
			}
		},
		{
			"__comment": "Box1",
			"from": [ 3, 0, 14.5 ],
			"to": [ 13, 8, 16 ],
			"faces": {
				"down": { "uv": [ 3.000001, 0, 13, 1.5 ], "texture": "#stone_brick" },
				"up": { "uv": [ 3.000001, 14.5, 13, 16 ], "texture": "#stone_brick" },
				"north": { "uv": [ 2.999999, 8, 13, 16 ], "texture": "#stone_brick" },
				"south": { "uv": [ 3.000001, 8, 13, 16 ], "texture": "#stone_brick" },
				"west": { "uv": [ 14.5, 8, 16, 16 ], "texture": "#stone_brick" },
				"east": { "uv": [ 0, 8, 1.5, 16 ], "texture": "#stone_brick" }
			}
		},
		{
			"__comment": "Box1",
			"from": [ 14.5, -0.0009999999, -1 ],
			"to": [ 16, 7.999, 3 ],
			"rotation": { "origin": [ 16, 0, 3 ], "axis": "y", "angle": 22.5 },
			"faces": {
				"down": { "uv": [ 14, 0, 15.5, 2 ], "texture": "#stone_brick" },
				"up": { "uv": [ 14, 14, 15.5, 16 ], "texture": "#stone_brick" },
				"north": { "uv": [ 0.5000019, 8, 2.000002, 16 ], "texture": "#stone_brick" },
				"south": { "uv": [ 14, 8, 15.5, 16 ], "texture": "#stone_brick" },
				"west": { "uv": [ 14, 8, 16, 16 ], "texture": "#stone_brick" },
				"east": { "uv": [ 0, 8, 2, 16 ], "texture": "#stone_brick" }
			}
		},
		{
			"__comment": "Box1",
			"from": [ 0, -0.0009999999, -1 ],
			"to": [ 1.5, 7.999, 3 ],
			"rotation": { "origin": [ 0, 0, 3 ], "axis": "y", "angle": -22.5 },
			"faces": {
				"down": { "uv": [ 0.9567001, 0, 2.4567, 0.8097 ], "texture": "#stone_brick" },
				"up": { "uv": [ 0.9567001, 15.1903, 2.4567, 16 ], "texture": "#stone_brick" },
				"north": { "uv": [ 13.5433, 8.000999, 15.0433, 16 ], "texture": "#stone_brick" },
				"south": { "uv": [ 0.9567001, 8.000999, 2.4567, 16 ], "texture": "#stone_brick" },
				"west": { "uv": [ 15.1903, 8.000999, 16, 16 ], "texture": "#stone_brick" },
				"east": { "uv": [ 0, 8.000999, 0.8097, 16 ], "texture": "#stone_brick" }
			}
		},
		{
			"__comment": "Box1",
			"from": [ 2.5, 0, 0 ],
			"to": [ 13.5, 1, 15 ],
			"faces": {
				"down": { "uv": [ 2.5, 1, 13.5, 16 ], "texture": "#stone_brick" },
				"up": { "uv": [ 2.5, 0, 13.5, 15 ], "texture": "#stone_brick" },
				"north": { "uv": [ 2.5, 15, 13.5, 16 ], "texture": "#stone_brick" },
				"south": { "uv": [ 2.5, 15, 13.5, 16 ], "texture": "#stone_brick" },
				"west": { "uv": [ 0, 15, 15, 16 ], "texture": "#stone_brick" },
				"east": { "uv": [ 1, 15, 16, 16 ], "texture": "#stone_brick" }
			}
		},
		{
			"__comment": "Box1",
			"from": [ 1, 0, 0 ],
			"to": [ 2.5, 1, 13.5 ],
			"faces": {
				"down": { "uv": [ 1, 2.499989, 2.5, 15.99999 ], "texture": "#stone_brick" },
				"up": { "uv": [ 1, 1.144409E-05, 2.5, 13.50001 ], "texture": "#stone_brick" },
				"north": { "uv": [ 13.5, 15, 15, 16 ], "texture": "#stone_brick" },
				"south": { "uv": [ 1, 15, 2.5, 16 ], "texture": "#stone_brick" },
				"west": { "uv": [ 1.144409E-05, 15, 13.50001, 16 ], "texture": "#stone_brick" },
				"east": { "uv": [ 2.499989, 15, 15.99999, 16 ], "texture": "#stone_brick" }
			}
		},
		{
			"__comment": "Box1",
			"from": [ 13.5, 0, 0 ],
			"to": [ 15, 1, 13.5 ],
			"faces": {
				"down": { "uv": [ 13.5, 2.499989, 15, 15.99999 ], "texture": "#stone_brick" },
				"up": { "uv": [ 13.5, 1.144409E-05, 15, 13.50001 ], "texture": "#stone_brick" },
				"north": { "uv": [ 1, 15, 2.5, 16 ], "texture": "#stone_brick" },
				"south": { "uv": [ 13.5, 15, 15, 16 ], "texture": "#stone_brick" },
				"west": { "uv": [ 1.144409E-05, 15, 13.50001, 16 ], "texture": "#stone_brick" },
				"east": { "uv": [ 2.499989, 15, 15.99999, 16 ], "texture": "#stone_brick" }
			}
		},
		{
			"__comment": "Box1",
			"from": [ 13.5, 0, 13 ],
			"to": [ 15, 10.5, 14.5 ],
			"rotation": { "origin": [ 13.5, 0, 14.5 ], "axis": "y", "angle": -45 },
			"faces": {
				"down": { "uv": [ 1, 0.9999981, 2.5, 2.499998 ], "texture": "#metal" },
				"up": { "uv": [ 1, 13.5, 2.5, 15 ], "texture": "#metal" },
				"north": { "uv": [ 13.5, 5.5, 15, 16 ], "texture": "#metal" },
				"south": { "uv": [ 1, 5.5, 2.5, 16 ], "texture": "#metal" },
				"west": { "uv": [ 13.5, 5.5, 15, 16 ], "texture": "#metal" },
				"east": { "uv": [ 0.9999981, 5.5, 2.499998, 16 ], "texture": "#metal" }
			}
		},
		{
			"__comment": "Box1",
			"from": [ 2.5, 4.5, 0 ],
			"to": [ 13.5, 5.5, 15 ],
			"faces": {
				"down": { "uv": [ 2.5, 1, 13.5, 16 ], "texture": "#stone_brick" },
				"up": { "uv": [ 2.5, 0, 13.5, 15 ], "texture": "#stone_brick" },
				"north": { "uv": [ 2.5, 10.5, 13.5, 11.5 ], "texture": "#stone_brick" },
				"south": { "uv": [ 2.5, 10.5, 13.5, 11.5 ], "texture": "#stone_brick" },
				"west": { "uv": [ 0, 10.5, 15, 11.5 ], "texture": "#stone_brick" },
				"east": { "uv": [ 1, 10.5, 16, 11.5 ], "texture": "#stone_brick" }
			}
		},
		{
			"__comment": "Box1",
			"from": [ 13.5, 4.5, 13 ],
			"to": [ 14.5, 5.5, 14 ],
			"faces": {
				"down": { "uv": [ 13.5, 2, 14.5, 3 ], "texture": "#stone_brick" },
				"up": { "uv": [ 13.5, 13, 14.5, 14 ], "texture": "#stone_brick" },
				"north": { "uv": [ 1.5, 10.5, 2.5, 11.5 ], "texture": "#stone_brick" },
				"south": { "uv": [ 13.5, 10.5, 14.5, 11.5 ], "texture": "#stone_brick" },
				"west": { "uv": [ 13, 10.5, 14, 11.5 ], "texture": "#stone_brick" },
				"east": { "uv": [ 2, 10.5, 3, 11.5 ], "texture": "#stone_brick" }
			}
		},
		{
			"__comment": "Box1",
			"from": [ 14, 0, -0.75 ],
			"to": [ 15.5, 10, 0.75 ],
			"faces": {
				"down": { "uv": [ 14, 0, 15.5, 0.75 ], "texture": "#metal" },
				"up": { "uv": [ 14, 15.25, 15.5, 16 ], "texture": "#metal" },
				"north": { "uv": [ 0.5, 6, 2, 16 ], "texture": "#metal" },
				"south": { "uv": [ 14, 6, 15.5, 16 ], "texture": "#metal" },
				"west": { "uv": [ 15.25, 6, 16, 16 ], "texture": "#metal" },
				"east": { "uv": [ 0, 6, 0.75, 16 ], "texture": "#metal" }
			}
		},
		{
			"__comment": "Box1",
			"from": [ 14.25, 8.5, 0.5 ],
			"to": [ 15.25, 9.5, 14.5 ],
			"faces": {
				"down": { "uv": [ 14.25, 1.5, 15.25, 15.5 ], "texture": "#metal" },
				"up": { "uv": [ 14.25, 0.5, 15.25, 14.5 ], "texture": "#metal" },
				"north": { "uv": [ 0.75, 6.5, 1.75, 7.5 ], "texture": "#metal" },
				"south": { "uv": [ 14.25, 6.5, 15.25, 7.5 ], "texture": "#metal" },
				"west": { "uv": [ 0.5, 6.5, 14.5, 7.5 ], "texture": "#metal" },
				"east": { "uv": [ 1.5, 6.5, 15.5, 7.5 ], "texture": "#metal" }
			}
		},
		{
			"__comment": "Box1",
			"from": [ 0.75, 8.5, 0.5 ],
			"to": [ 1.75, 9.5, 14.5 ],
			"faces": {
				"down": { "uv": [ 0.75, 1.5, 1.75, 15.5 ], "texture": "#metal" },
				"up": { "uv": [ 0.75, 0.5, 1.75, 14.5 ], "texture": "#metal" },
				"north": { "uv": [ 14.25, 6.5, 15.25, 7.5 ], "texture": "#metal" },
				"south": { "uv": [ 0.75, 6.5, 1.75, 7.5 ], "texture": "#metal" },
				"west": { "uv": [ 0.5, 6.5, 14.5, 7.5 ], "texture": "#metal" },
				"east": { "uv": [ 1.5, 6.5, 15.5, 7.5 ], "texture": "#metal" }
			}
		},
		{
			"__comment": "Box1",
			"from": [ 1.5, 8.5, 14.25 ],
			"to": [ 14.5, 9.5, 15.25 ],
			"faces": {
				"down": { "uv": [ 1.5, 0.75, 14.5, 1.75 ], "texture": "#metal" },
				"up": { "uv": [ 1.5, 14.25, 14.5, 15.25 ], "texture": "#metal" },
				"north": { "uv": [ 1.5, 6.5, 14.5, 7.5 ], "texture": "#metal" },
				"south": { "uv": [ 1.5, 6.5, 14.5, 7.5 ], "texture": "#metal" },
				"west": { "uv": [ 14.25, 6.5, 15.25, 7.5 ], "texture": "#metal" },
				"east": { "uv": [ 0.75, 6.5, 1.75, 7.5 ], "texture": "#metal" }
			}
		},
		{
			"__comment": "Box1",
			"from": [ 0.5, 0, -0.75 ],
			"to": [ 2, 10, 0.75 ],
			"faces": {
				"down": { "uv": [ 0.5, 0, 2, 0.75 ], "texture": "#metal" },
				"up": { "uv": [ 0.5, 15.25, 2, 16 ], "texture": "#metal" },
				"north": { "uv": [ 14, 6, 15.5, 16 ], "texture": "#metal" },
				"south": { "uv": [ 0.5, 6, 2, 16 ], "texture": "#metal" },
				"west": { "uv": [ 15.25, 6, 16, 16 ], "texture": "#metal" },
				"east": { "uv": [ 0, 6, 0.75, 16 ], "texture": "#metal" }
			}
		},
		{
			"__comment": "Box1",
			"from": [ 2.5, -0.0009999999, 11.5 ],
			"to": [ 3.5, 7.999, 15.5 ],
			"rotation": { "origin": [ 3.000001, 0, 15 ], "axis": "y", "angle": 45 },
			"faces": {
				"down": { "uv": [ 0.1716001, 0, 1.1716, 3.1213 ], "texture": "#stone_brick" },
				"up": { "uv": [ 0.1716001, 12.8787, 1.1716, 16 ], "texture": "#stone_brick" },
				"north": { "uv": [ 14.8284, 8.001001, 15.8284, 16 ], "texture": "#stone_brick" },
				"south": { "uv": [ 0.1716001, 8.001001, 1.1716, 16 ], "texture": "#stone_brick" },
				"west": { "uv": [ 12.8787, 8.001001, 16, 16 ], "texture": "#stone_brick" },
				"east": { "uv": [ 0, 8.001001, 3.1213, 16 ], "texture": "#stone_brick" }
			}
		},
		{
			"__comment": "Box1",
			"from": [ 0, 0, 2 ],
			"to": [ 1.5, 8, 13 ],
			"faces": {
				"down": { "uv": [ 8.34465E-07, 3, 1.500001, 14 ], "texture": "#stone_brick" },
				"up": { "uv": [ 8.34465E-07, 2, 1.500001, 13 ], "texture": "#stone_brick" },
				"north": { "uv": [ 14.5, 8, 16, 16 ], "texture": "#stone_brick" },
				"south": { "uv": [ 8.34465E-07, 8, 1.500001, 16 ], "texture": "#stone_brick" },
				"west": { "uv": [ 2, 8, 13, 16 ], "texture": "#stone_brick" },
				"east": { "uv": [ 3, 8, 14, 16 ], "texture": "#stone_brick" }
			}
		},
		{
			"__comment": "Box1",
			"from": [ 14.5, 0, 2 ],
			"to": [ 16, 8, 13 ],
			"faces": {
				"down": { "uv": [ 14.5, 3, 16, 14 ], "texture": "#stone_brick" },
				"up": { "uv": [ 14.5, 2, 16, 13 ], "texture": "#stone_brick" },
				"north": { "uv": [ 1.907349E-06, 8, 1.500002, 16 ], "texture": "#stone_brick" },
				"south": { "uv": [ 14.5, 8, 16, 16 ], "texture": "#stone_brick" },
				"west": { "uv": [ 2, 8, 13, 16 ], "texture": "#stone_brick" },
				"east": { "uv": [ 3, 8, 14, 16 ], "texture": "#stone_brick" }
			}
		},
		{
			"__comment": "Box1",
			"from": [ 0.5, 0, 13 ],
			"to": [ 2, 10.5, 14.5 ],
			"rotation": { "origin": [ 0.5, 0, 14.5 ], "axis": "y", "angle": -45 },
			"faces": {
				"down": { "uv": [ 1, 0.9999981, 2.5, 2.499998 ], "texture": "#metal" },
				"up": { "uv": [ 1, 13.5, 2.5, 15 ], "texture": "#metal" },
				"north": { "uv": [ 13.5, 5.5, 15, 16 ], "texture": "#metal" },
				"south": { "uv": [ 1, 5.5, 2.5, 16 ], "texture": "#metal" },
				"west": { "uv": [ 13.5, 5.5, 15, 16 ], "texture": "#metal" },
				"east": { "uv": [ 0.9999981, 5.5, 2.499998, 16 ], "texture": "#metal" }
			}
		},
		{
			"__comment": "Box1",
			"from": [ 13.5, 4.5, 0.5 ],
			"to": [ 15, 5.5, 13 ],
			"faces": {
				"down": { "uv": [ 13.5, 3, 15, 15.5 ], "texture": "#stone_brick" },
				"up": { "uv": [ 13.5, 0.5, 15, 13 ], "texture": "#stone_brick" },
				"north": { "uv": [ 1, 10.5, 2.5, 11.5 ], "texture": "#stone_brick" },
				"south": { "uv": [ 13.5, 10.5, 15, 11.5 ], "texture": "#stone_brick" },
				"west": { "uv": [ 0.5, 10.5, 13, 11.5 ], "texture": "#stone_brick" },
				"east": { "uv": [ 3, 10.5, 15.5, 11.5 ], "texture": "#stone_brick" }
			}
		},
		{
			"__comment": "Box1",
			"from": [ 1.5, 4.5, 13 ],
			"to": [ 2.5, 5.5, 14 ],
			"faces": {
				"down": { "uv": [ 1.5, 2, 2.5, 3 ], "texture": "#stone_brick" },
				"up": { "uv": [ 1.5, 13, 2.5, 14 ], "texture": "#stone_brick" },
				"north": { "uv": [ 13.5, 10.5, 14.5, 11.5 ], "texture": "#stone_brick" },
				"south": { "uv": [ 1.5, 10.5, 2.5, 11.5 ], "texture": "#stone_brick" },
				"west": { "uv": [ 13, 10.5, 14, 11.5 ], "texture": "#stone_brick" },
				"east": { "uv": [ 2, 10.5, 3, 11.5 ], "texture": "#stone_brick" }
			}
		},
		{
			"__comment": "Box1",
			"from": [ 1, 4.5, 0.5 ],
			"to": [ 2.5, 5.5, 13 ],
			"faces": {
				"down": { "uv": [ 1, 3, 2.5, 15.5 ], "texture": "#stone_brick" },
				"up": { "uv": [ 1, 0.5, 2.5, 13 ], "texture": "#stone_brick" },
				"north": { "uv": [ 13.5, 10.5, 15, 11.5 ], "texture": "#stone_brick" },
				"south": { "uv": [ 1, 10.5, 2.5, 11.5 ], "texture": "#stone_brick" },
				"west": { "uv": [ 0.5, 10.5, 13, 11.5 ], "texture": "#stone_brick" },
				"east": { "uv": [ 3, 10.5, 15.5, 11.5 ], "texture": "#stone_brick" }
			}
		}
	]
}