{
	"__comment": "Designed by JTK222",
	"textures": {
		"rope": "drpmedieval:blocks/rope_fence/rope"
	},
	"elements": [
		{
			"__comment": "Box12",
			"from": [ 7.5, 15.5, 13 ],
			"to": [ 8.5, 16.5, 14.5 ],
			"faces": {
				"down": { "uv": [ 7.5, 1.5, 8.5, 3 ], "texture": "#rope" },
				"up": { "uv": [ 7.5, 13, 8.5, 14.5 ], "texture": "#rope" },
				"north": { "uv": [ 7.5, 15.5, 8.5, 16 ], "texture": "#rope" },
				"south": { "uv": [ 7.5, 15.5, 8.5, 16 ], "texture": "#rope" },
				"west": { "uv": [ 13, 15.5, 14.5, 16 ], "texture": "#rope" },
				"east": { "uv": [ 1.5, 15.5, 3, 16 ], "texture": "#rope" }
			}
		},
		{
			"__comment": "Box18",
			"from": [ 7.5, 16, 14.5 ],
			"to": [ 8.5, 17, 15.5 ],
			"faces": {
				"down": { "uv": [ 7.5, 0.5, 8.5, 1.5 ], "texture": "#rope" },
				"up": { "uv": [ 7.5, 14.5, 8.5, 15.5 ], "texture": "#rope" },
				"north": { "uv": [ 7.5, 0, 8.5, 1 ], "texture": "#rope" },
				"south": { "uv": [ 7.5, 0, 8.5, 1 ], "texture": "#rope" },
				"west": { "uv": [ 14.5, 0, 15.5, 1 ], "texture": "#rope" },
				"east": { "uv": [ 0.5, 0, 1.5, 1 ], "texture": "#rope" }
			}
		},
		{
			"__comment": "Box19",
			"from": [ 7.5, 16.5, 15.5 ],
			"to": [ 8.5, 18, 16.5 ],
			"faces": {
				"down": { "uv": [ 7.5, 15.5, 8.5, 16 ], "texture": "#rope" },
				"up": { "uv": [ 7.5, 0, 8.5, 0.5 ], "texture": "#rope" },
				"north": { "uv": [ 7.5, 14, 8.5, 15.5 ], "texture": "#rope" },
				"south": { "uv": [ 7.5, 14, 8.5, 15.5 ], "texture": "#rope" },
				"west": { "uv": [ 0, 14, 0.5, 15.5 ], "texture": "#rope" },
				"east": { "uv": [ 15.5, 14, 16, 15.5 ], "texture": "#rope" }
			}
		},
		{
			"__comment": "Box25",
			"from": [ 7.5, 15, 11.5 ],
			"to": [ 8.5, 16, 13 ],
			"faces": {
				"down": { "uv": [ 7.5, 3, 8.5, 4.5 ], "texture": "#rope" },
				"up": { "uv": [ 7.5, 11.5, 8.5, 13 ], "texture": "#rope" },
				"north": { "uv": [ 7.5, 0, 8.5, 1 ], "texture": "#rope" },
				"south": { "uv": [ 7.5, 0, 8.5, 1 ], "texture": "#rope" },
				"west": { "uv": [ 11.5, 0, 13, 1 ], "texture": "#rope" },
				"east": { "uv": [ 3, 0, 4.5, 1 ], "texture": "#rope" }
			}
		},
		{
			"__comment": "Box26",
			"from": [ 7.5, 14.5, 10 ],
			"to": [ 8.5, 15.5, 11.5 ],
			"faces": {
				"down": { "uv": [ 7.5, 4.5, 8.5, 6 ], "texture": "#rope" },
				"up": { "uv": [ 7.5, 10, 8.5, 11.5 ], "texture": "#rope" },
				"north": { "uv": [ 7.5, 0.5, 8.5, 1.5 ], "texture": "#rope" },
				"south": { "uv": [ 7.5, 0.5, 8.5, 1.5 ], "texture": "#rope" },
				"west": { "uv": [ 10, 0.5, 11.5, 1.5 ], "texture": "#rope" },
				"east": { "uv": [ 4.5, 0.5, 6, 1.5 ], "texture": "#rope" }
			}
		}
	]
}