{
	"__comment": "Designed by JTK222",
	"textures": {
		"rope": "drpmedieval:blocks/rope_fence/rope"
	},
	"elements": [
		{
			"__comment": "Box3",
			"from": [ 7.5, 11, 5.5 ],
			"to": [ 8.5, 14.5, 6.5 ],
			"faces": {
				"down": { "uv": [ 7.5, 9.5, 8.5, 10.5 ], "texture": "#rope" },
				"up": { "uv": [ 7.5, 5.5, 8.5, 6.5 ], "texture": "#rope" },
				"north": { "uv": [ 7.5, 1.5, 8.5, 5 ], "texture": "#rope" },
				"south": { "uv": [ 7.5, 1.5, 8.5, 5 ], "texture": "#rope" },
				"west": { "uv": [ 5.5, 1.5, 6.5, 5 ], "texture": "#rope" },
				"east": { "uv": [ 9.5, 1.5, 10.5, 5 ], "texture": "#rope" }
			}
		},
		{
			"__comment": "Box11",
			"from": [ 7.5, 8.5, 4.5 ],
			"to": [ 8.5, 11.5, 5.5 ],
			"faces": {
				"down": { "uv": [ 7.5, 10.5, 8.5, 11.5 ], "texture": "#rope" },
				"up": { "uv": [ 7.5, 4.5, 8.5, 5.5 ], "texture": "#rope" },
				"north": { "uv": [ 7.5, 4.5, 8.5, 7.5 ], "texture": "#rope" },
				"south": { "uv": [ 7.5, 4.5, 8.5, 7.5 ], "texture": "#rope" },
				"west": { "uv": [ 4.5, 4.5, 5.5, 7.5 ], "texture": "#rope" },
				"east": { "uv": [ 10.5, 4.5, 11.5, 7.5 ], "texture": "#rope" }
			}
		},
		{
			"__comment": "Box20",
			"from": [ 7.5, 1.5, 0.5 ],
			"to": [ 8.5, 3, 1.5 ],
			"faces": {
				"down": { "uv": [ 7.5, 14.5, 8.5, 15.5 ], "texture": "#rope" },
				"up": { "uv": [ 7.5, 0.5, 8.5, 1.5 ], "texture": "#rope" },
				"north": { "uv": [ 7.5, 13, 8.5, 14.5 ], "texture": "#rope" },
				"south": { "uv": [ 7.5, 13, 8.5, 14.5 ], "texture": "#rope" },
				"west": { "uv": [ 0.5, 13, 1.5, 14.5 ], "texture": "#rope" },
				"east": { "uv": [ 14.5, 13, 15.5, 14.5 ], "texture": "#rope" }
			}
		},
		{
			"__comment": "Box21",
			"from": [ 7.5, 2.5, 1.5 ],
			"to": [ 8.5, 4, 2.5 ],
			"faces": {
				"down": { "uv": [ 7.5, 13.5, 8.5, 14.5 ], "texture": "#rope" },
				"up": { "uv": [ 7.5, 1.5, 8.5, 2.5 ], "texture": "#rope" },
				"north": { "uv": [ 7.5, 12, 8.5, 13.5 ], "texture": "#rope" },
				"south": { "uv": [ 7.5, 12, 8.5, 13.5 ], "texture": "#rope" },
				"west": { "uv": [ 1.5, 12, 2.5, 13.5 ], "texture": "#rope" },
				"east": { "uv": [ 13.5, 12, 14.5, 13.5 ], "texture": "#rope" }
			}
		},
		{
			"__comment": "Box23",
			"from": [ 7.5, 3.5, 2.5 ],
			"to": [ 8.5, 6.5, 3.5 ],
			"faces": {
				"down": { "uv": [ 7.5, 12.5, 8.5, 13.5 ], "texture": "#rope" },
				"up": { "uv": [ 7.5, 2.5, 8.5, 3.5 ], "texture": "#rope" },
				"north": { "uv": [ 7.5, 9.5, 8.5, 12.5 ], "texture": "#rope" },
				"south": { "uv": [ 7.5, 9.5, 8.5, 12.5 ], "texture": "#rope" },
				"west": { "uv": [ 2.5, 9.5, 3.5, 12.5 ], "texture": "#rope" },
				"east": { "uv": [ 12.5, 9.5, 13.5, 12.5 ], "texture": "#rope" }
			}
		},
		{
			"__comment": "Box24",
			"from": [ 7.5, 6, 3.5 ],
			"to": [ 8.5, 9, 4.5 ],
			"faces": {
				"down": { "uv": [ 7.5, 11.5, 8.5, 12.5 ], "texture": "#rope" },
				"up": { "uv": [ 7.5, 3.5, 8.5, 4.5 ], "texture": "#rope" },
				"north": { "uv": [ 7.5, 7, 8.5, 10 ], "texture": "#rope" },
				"south": { "uv": [ 7.5, 7, 8.5, 10 ], "texture": "#rope" },
				"west": { "uv": [ 3.5, 7, 4.5, 10 ], "texture": "#rope" },
				"east": { "uv": [ 11.5, 7, 12.5, 10 ], "texture": "#rope" }
			}
		}
	]
}