{
	"__comment": "Designed by JTK222",
	"textures": {
		"rope": "drpmedieval:blocks/rope_fence/rope"
	},
	"elements": [
		{
			"__comment": "RopeN",
			"from": [ 7.5, 12.5, 0 ],
			"to": [ 8.5, 13.5, 2.5 ],
			"faces": {
				"down": { "uv": [ 7.5, 13.5, 8.5, 16 ], "texture": "#rope" },
				"up": { "uv": [ 7.5, 0, 8.5, 2.5 ], "texture": "#rope" },
				"north": { "uv": [ 7.5, 2.5, 8.5, 3.5 ], "texture": "#rope" },
				"south": { "uv": [ 7.5, 2.5, 8.5, 3.5 ], "texture": "#rope" },
				"west": { "uv": [ 0, 2.5, 2.5, 3.5 ], "texture": "#rope" },
				"east": { "uv": [ 13.5, 2.5, 16, 3.5 ], "texture": "#rope" }
			}
		},
		{
			"__comment": "RopeN",
			"from": [ 7.5, 13.5, 4.5 ],
			"to": [ 8.5, 14.5, 6 ],
			"faces": {
				"down": { "uv": [ 7.5, 10, 8.5, 11.5 ], "texture": "#rope" },
				"up": { "uv": [ 7.5, 4.5, 8.5, 6 ], "texture": "#rope" },
				"north": { "uv": [ 7.5, 1.5, 8.5, 2.5 ], "texture": "#rope" },
				"south": { "uv": [ 7.5, 1.5, 8.5, 2.5 ], "texture": "#rope" },
				"west": { "uv": [ 4.5, 1.5, 6, 2.5 ], "texture": "#rope" },
				"east": { "uv": [ 10, 1.5, 11.5, 2.5 ], "texture": "#rope" }
			}
		},
		{
			"__comment": "RopeN",
			"from": [ 7.5, 13, 2.5 ],
			"to": [ 8.5, 14, 4.5 ],
			"faces": {
				"down": { "uv": [ 7.5, 11.5, 8.5, 13.5 ], "texture": "#rope" },
				"up": { "uv": [ 7.5, 2.5, 8.5, 4.5 ], "texture": "#rope" },
				"north": { "uv": [ 7.5, 2, 8.5, 3 ], "texture": "#rope" },
				"south": { "uv": [ 7.5, 2, 8.5, 3 ], "texture": "#rope" },
				"west": { "uv": [ 2.5, 2, 4.5, 3 ], "texture": "#rope" },
				"east": { "uv": [ 11.5, 2, 13.5, 3 ], "texture": "#rope" }
			}
		}
	]
}