{
	"__comment": "Designed by JTK222",
	"textures": {
		"particle": "drpmedieval:blocks/rope_fence/post_oak",
		"texture": "drpmedieval:blocks/rope_fence/post_oak",
		"rope": "drpmedieval:blocks/rope_fence/rope"
	},
	"elements": [
		{
			"__comment": "Post",
			"from": [ 6.5, 0, 6.5 ],
			"to": [ 9.5, 16, 9.5 ],
			"faces": {
				"down": { "uv": [ 0, 3, 3, 6 ], "texture": "#texture" },
				"up": { "uv": [ 0, 0, 3, 3 ], "texture": "#texture" },
				"north": { "uv": [ 6, 0, 10, 16 ], "texture": "#texture" },
				"south": { "uv": [ 6, 0, 10, 16 ], "texture": "#texture" },
				"west": { "uv": [ 6, 0, 10, 16 ], "texture": "#texture" },
				"east": { "uv": [ 6, 0, 10, 16 ], "texture": "#texture" }
			}
		},
		{
			"__comment": "RopeCenter",
			"from": [ 6, 13, 6 ],
			"to": [ 10, 15, 10 ],
			"faces": {
				"down": { "uv": [ 6, 6, 10, 10 ], "texture": "#rope" },
				"up": { "uv": [ 6, 6, 10, 10 ], "texture": "#rope" },
				"north": { "uv": [ 6, 1, 10, 3 ], "texture": "#rope" },
				"south": { "uv": [ 6, 1, 10, 3 ], "texture": "#rope" },
				"west": { "uv": [ 6, 1, 10, 3 ], "texture": "#rope" },
				"east": { "uv": [ 6, 1, 10, 3 ], "texture": "#rope" }
			}
		}
	]
}