{
	"__comment": "Designed by JTK222",
	"textures": {
		"particle": "blocks/e_particle",
		"texture": "hanging_bridge_posts",
		"rope": "rope"
	},
	"elements": [
		{
			"__comment": "RopeCenter",
			"from": [ 6, 13, 6 ],
			"to": [ 10, 15, 10 ],
			"faces": {
				"down": { "uv": [ 6, 6, 10, 10 ], "texture": "#rope" },
				"up": { "uv": [ 6, 6, 10, 10 ], "texture": "#rope" },
				"north": { "uv": [ 6, 1, 10, 3 ], "texture": "#rope" },
				"south": { "uv": [ 6, 1, 10, 3 ], "texture": "#rope" },
				"west": { "uv": [ 6, 1, 10, 3 ], "texture": "#rope" },
				"east": { "uv": [ 6, 1, 10, 3 ], "texture": "#rope" }
			}
		}
	]
}