{
	"__comment": "Designed by Lukas",
	"textures": {
		"particle": "#dirt",
		"dirt": "#dirt",
		"plank": "#plank",
		"bark": "#bark"
	},
	"elements": [ 	 
		{
			"__comment": "Box22",
			"from": [ 0, 0, 1 ],
			"to": [ 16, 8, 16 ],
			"faces": {
				"down": { "uv": [ 0, 0, 15, 16 ], "texture": "#dirt", "rotation": 90 },
				"up": { "uv": [ 0, 0, 15, 16 ], "texture": "#dirt", "rotation": 270 },
				"north": { "uv": [ 0, 8.5, 16, 16 ], "texture": "#dirt" },
				"south": { "uv": [ 0, 8.5, 16, 16 ], "texture": "#dirt" },
				"west": { "uv": [ 1, 8.5, 16, 16 ], "texture": "#dirt" },
				"east": { "uv": [ 0, 8.5, 15, 16 ], "texture": "#dirt" }
			}
		},
		{
			"__comment": "Box23",
			"from": [ 1, 0, 0 ],
			"to": [ 16, 8, 1 ],
			"faces": {
				"down": { "uv": [ 15, 0, 16, 15 ], "texture": "#dirt", "rotation": 90 },
				"up": { "uv": [ 15, 1, 16, 16 ], "texture": "#dirt", "rotation": 270 },
				"north": { "uv": [ 0, 8.5, 15, 16 ], "texture": "#dirt" },
				"south": { "uv": [ 1, 8.5, 16, 16 ], "texture": "#dirt" },
				"west": { "uv": [ 0, 8.5, 1, 16 ], "texture": "#dirt" },
				"east": { "uv": [ 15, 8.5, 16, 16 ], "texture": "#dirt" }
			}
		},
		{
			"__comment": "Box24",
			"from": [ 0, 0, 0 ],
			"to": [ 1, 8.5, 1 ],
			"faces": {
				"down": { "uv": [ 15, 15, 16, 16 ], "texture": "#plank", "rotation": 90 },
				"up": { "uv": [ 15, 0, 16, 1 ], "texture": "#plank", "rotation": 270 },
				"north": { "uv": [ 15, 8, 16, 16 ], "texture": "#plank" },
				"south": { "uv": [ 0, 8, 1, 16 ], "texture": "#plank" },
				"west": { "uv": [ 0, 8, 1, 16 ], "texture": "#plank" },
				"east": { "uv": [ 15, 8, 16, 16 ], "texture": "#plank" }
			}
		},
		{
			"__comment": "Box25",
			"from": [ 0, 8, 9 ],
			"to": [ 16, 16, 16 ],
			"faces": {
				"down": { "uv": [ 0, 0, 7, 16 ], "texture": "#dirt", "rotation": 90 },
				"up": { "uv": [ 0, 0, 7, 16 ], "texture": "#dirt", "rotation": 270 },
				"north": { "uv": [ 0, 0.5, 16, 8.5 ], "texture": "#dirt" },
				"south": { "uv": [ 0, 0.5, 16, 8.5 ], "texture": "#dirt" },
				"west": { "uv": [ 9, 0.5, 16, 8.5 ], "texture": "#dirt" },
				"east": { "uv": [ 0, 0.5, 7, 8.5 ], "texture": "#dirt" }
			}
		},
		{
			"__comment": "Box26",
			"from": [ 9, 8, 0 ],
			"to": [ 16, 16, 9 ],
			"faces": {
				"down": { "uv": [ 7, 0, 16, 7 ], "texture": "#dirt", "rotation": 90 },
				"up": { "uv": [ 7, 9, 16, 16 ], "texture": "#dirt", "rotation": 270 },
				"north": { "uv": [ 0, 0.5, 7, 8.5 ], "texture": "#dirt" },
				"south": { "uv": [ 9, 0.5, 16, 8.5 ], "texture": "#dirt" },
				"west": { "uv": [ 0, 0.5, 9, 8.5 ], "texture": "#dirt" },
				"east": { "uv": [ 7, 0.5, 16, 8.5 ], "texture": "#dirt" }
			}
		},
		{
			"__comment": "Box27",
			"from": [ 0, 8, 8 ],
			"to": [ 9, 16.5, 9 ],
			"faces": {
				"down": { "uv": [ 7, 7, 8, 16 ], "texture": "#plank", "rotation": 90 },
				"up": { "uv": [ 7, 0, 8, 9 ], "texture": "#plank", "rotation": 270 },
				"north": { "uv": [ 7, 0, 16, 8.5 ], "texture": "#plank" },
				"south": { "uv": [ 0, 0, 9, 8.5 ], "texture": "#plank" },
				"west": { "uv": [ 8, 0, 9, 8.5 ], "texture": "#plank" },
				"east": { "uv": [ 7, 0, 8, 8.5 ], "texture": "#plank" }
			}
		},
		{
			"__comment": "Box28",
			"from": [ 8, 8, 0 ],
			"to": [ 9, 16.5, 8 ],
			"faces": {
				"down": { "uv": [ 8, 7, 16, 8 ], "texture": "#plank", "rotation": 90 },
				"up": { "uv": [ 8, 8, 16, 9 ], "texture": "#plank", "rotation": 270 },
				"north": { "uv": [ 7, 0, 8, 8.5 ], "texture": "#plank" },
				"south": { "uv": [ 8, 0, 9, 8.5 ], "texture": "#plank" },
				"west": { "uv": [ 0, 0, 8, 8.5 ], "texture": "#plank" },
				"east": { "uv": [ 8, 0, 16, 8.5 ], "texture": "#plank" }
			}
		},
		{
			"__comment": "Box30",
			"from": [ 3, 7.5, 7.5 ],
			"to": [ 4.5, 10.5, 9 ],
			"rotation": { "origin": [ 3, 7.5, 7.5 ], "axis": "x", "angle": -22.5 },
			"faces": {
				"down": { "uv": [ 7.11418, 11.5, 8.61418, 13 ], "texture": "#bark", "rotation": 90 },
				"up": { "uv": [ 7.11418, 3, 8.61418, 4.5 ], "texture": "#bark", "rotation": 270 },
				"north": { "uv": [ 11.5, 5.425975, 13, 8.425975 ], "texture": "#bark" },
				"south": { "uv": [ 3, 5.425975, 4.5, 8.425975 ], "texture": "#bark" },
				"west": { "uv": [ 7.38582, 5.425975, 8.88582, 8.425975 ], "texture": "#bark" },
				"east": { "uv": [ 7.11418, 5.425975, 8.61418, 8.425975 ], "texture": "#bark" }
			}
		},
		{
			"__comment": "Box8",
			"from": [ 7, 7.5, 3 ],
			"to": [ 8.5, 10.5, 4.5 ],
			"rotation": { "origin": [ 7, 7.5, 3 ], "axis": "z", "angle": 22.5 },
			"faces": {
				"down": { "uv": [ 11.5, 7.5, 13, 9 ], "texture": "#bark", "rotation": 90 },
				"up": { "uv": [ 11.5, 7, 13, 8.5 ], "texture": "#bark", "rotation": 270 },
				"north": { "uv": [ 7.5, 6, 9, 9 ], "texture": "#bark" },
				"south": { "uv": [ 7, 6, 8.5, 9 ], "texture": "#bark" },
				"west": { "uv": [ 3, 6, 4.5, 9 ], "texture": "#bark" },
				"east": { "uv": [ 11.5, 6, 13, 9 ], "texture": "#bark" }
			}
		}
	]
}