{
	"credit": "Made for Dark Roleplay",
	"textures": {
		"dirt": "#dirt",
		"particle": "#dirt",
		"plank": "#plank",
		"bark": "#bark"
	},
	"elements": [
		{
			"name": "Box22",
			"from": [0, 0, 0],
			"to": [15, 8, 16],
			"faces": {
				"north": {"uv": [1, 8.5, 16, 16], "texture": "#dirt"},
				"east": {"uv": [0, 8.5, 16, 16], "texture": "#dirt"},
				"south": {"uv": [0, 8.5, 15, 16], "texture": "#dirt"},
				"west": {"uv": [0, 8.5, 16, 16], "texture": "#dirt"},
				"up": {"uv": [0, 0, 15, 16], "texture": "#dirt"},
				"down": {"uv": [0, 0, 15, 16], "texture": "#dirt"}
			}
		},
		{
			"name": "Box23",
			"from": [15, 0, 1],
			"to": [16, 8, 16],
			"faces": {
				"north": {"uv": [0, 8.5, 1, 16], "texture": "#dirt"},
				"east": {"uv": [0, 8.5, 15, 16], "texture": "#dirt"},
				"south": {"uv": [15, 8.5, 16, 16], "texture": "#dirt"},
				"west": {"uv": [1, 8.5, 16, 16], "texture": "#dirt"},
				"up": {"uv": [15, 1, 16, 16], "texture": "#dirt"},
				"down": {"uv": [15, 0, 16, 15], "texture": "#dirt"}
			}
		},
		{
			"name": "Box24",
			"from": [15, 0, 0],
			"to": [16, 8.5, 1],
			"faces": {
				"north": {"uv": [0, 8, 1, 16], "texture": "#plank"},
				"east": {"uv": [15, 8, 16, 16], "texture": "#plank"},
				"south": {"uv": [15, 8, 16, 16], "texture": "#plank"},
				"west": {"uv": [0, 8, 1, 16], "texture": "#plank"},
				"up": {"uv": [15, 0, 16, 1], "texture": "#plank"},
				"down": {"uv": [15, 15, 16, 16], "texture": "#plank"}
			}
		},
		{
			"name": "Box25",
			"from": [0, 8, 0],
			"to": [7, 16, 16],
			"faces": {
				"north": {"uv": [9, 0.5, 16, 8.5], "texture": "#dirt"},
				"east": {"uv": [0, 0.5, 16, 8.5], "texture": "#dirt"},
				"south": {"uv": [0, 0.5, 7, 8.5], "texture": "#dirt"},
				"west": {"uv": [0, 0.5, 16, 8.5], "texture": "#dirt"},
				"up": {"uv": [0, 0, 7, 16], "texture": "#dirt"},
				"down": {"uv": [0, 0, 7, 16], "texture": "#dirt"}
			}
		},
		{
			"name": "Box26",
			"from": [7, 8, 9],
			"to": [16, 16, 16],
			"faces": {
				"north": {"uv": [0, 0.5, 9, 8.5], "texture": "#dirt"},
				"east": {"uv": [0, 0.5, 7, 8.5], "texture": "#dirt"},
				"south": {"uv": [7, 0.5, 16, 8.5], "texture": "#dirt"},
				"west": {"uv": [9, 0.5, 16, 8.5], "texture": "#dirt"},
				"up": {"uv": [7, 9, 16, 16], "texture": "#dirt"},
				"down": {"uv": [7, 0, 16, 7], "texture": "#dirt"}
			}
		},
		{
			"name": "Box27",
			"from": [7, 8, 0],
			"to": [8, 16.5, 9],
			"faces": {
				"north": {"uv": [8, 0, 9, 8.5], "texture": "#plank"},
				"east": {"uv": [7, 0, 16, 8.5], "texture": "#plank"},
				"south": {"uv": [7, 0, 8, 8.5], "texture": "#plank"},
				"west": {"uv": [0, 0, 9, 8.5], "texture": "#plank"},
				"up": {"uv": [7, 0, 8, 9], "texture": "#plank"},
				"down": {"uv": [7, 7, 8, 16], "texture": "#plank"}
			}
		},
		{
			"name": "Box28",
			"from": [8, 8, 8],
			"to": [16, 16.5, 9],
			"faces": {
				"north": {"uv": [0, 0, 8, 8.5], "texture": "#plank"},
				"east": {"uv": [7, 0, 8, 8.5], "texture": "#plank"},
				"south": {"uv": [8, 0, 16, 8.5], "texture": "#plank"},
				"west": {"uv": [8, 0, 9, 8.5], "texture": "#plank"},
				"up": {"uv": [8, 8, 16, 9], "texture": "#plank"},
				"down": {"uv": [8, 7, 16, 8], "texture": "#plank"}
			}
		},
		{
			"name": "Box30",
			"from": [7.0014, 7.5654, 3],
			"to": [8.5014, 10.5654, 4.5],
			"rotation": {"angle": -22.5, "axis": "z", "origin": [8.5014, 7.5654, 3]},
			"faces": {
				"north": {"uv": [7.38582, 5.42598, 8.88582, 8.42597], "texture": "#bark"},
				"east": {"uv": [11.5, 5.42598, 13, 8.42597], "texture": "#bark"},
				"south": {"uv": [7.11418, 5.42598, 8.61418, 8.42597], "texture": "#bark"},
				"west": {"uv": [3, 5.42598, 4.5, 8.42597], "texture": "#bark"},
				"up": {"uv": [7.11418, 3, 8.61418, 4.5], "texture": "#bark"},
				"down": {"uv": [7.11418, 11.5, 8.61418, 13], "texture": "#bark"}
			}
		},
		{
			"name": "Box8",
			"from": [11.5, 7.5, 7],
			"to": [13, 10.5, 8.5],
			"rotation": {"angle": -22.5, "axis": "x", "origin": [13, 7.5, 7]},
			"faces": {
				"north": {"uv": [3, 6, 4.5, 9], "texture": "#bark"},
				"east": {"uv": [7.5, 6, 9, 9], "texture": "#bark"},
				"south": {"uv": [11.5, 6, 13, 9], "texture": "#bark"},
				"west": {"uv": [7, 6, 8.5, 9], "texture": "#bark"},
				"up": {"uv": [11.5, 7, 13, 8.5], "texture": "#bark"},
				"down": {"uv": [11.5, 7.5, 13, 9], "texture": "#bark"}
			}
		}
	]
}