{
    "__comment": "model generated using mr_crayfish's model creator (http://mrcrayfish.com/modelcreator/)",
    "textures": {
        "0": "drpmedieval:blocks/clean_plank_oak"
    },
    "elements": [
        {
            "name": "cube",
            "from": [ 0.0, 0.0, 0.0 ], 
            "to": [ 3.0, 9.0, 3.0 ], 
            "faces": {
                "north": { "texture": "#0", "uv": [ 0.0, 0.0, 3.0, 9.0 ] },
                "east": { "texture": "#0", "uv": [ 3.0, 0.0, 6.0, 9.0 ] },
                "south": { "texture": "#0", "uv": [ 6.0, 0.0, 9.0, 9.0 ] },
                "west": { "texture": "#0", "uv": [ 9.0, 0.0, 12.0, 9.0 ] },
                "up": { "texture": "#0", "uv": [ 6.0, 11.0, 9.0, 14.0 ] },
                "down": { "texture": "#0", "uv": [ 8.0, 7.0, 11.0, 10.0 ] }
            }
        },
        {
            "name": "cube",
            "from": [ 13.0, 0.0, 0.0 ], 
            "to": [ 16.0, 9.0, 3.0 ], 
            "faces": {
                "north": { "texture": "#0", "uv": [ 13.0, 7.0, 16.0, 16.0 ] },
                "east": { "texture": "#0", "uv": [ 10.0, 7.0, 13.0, 16.0 ] },
                "south": { "texture": "#0", "uv": [ 7.0, 7.0, 10.0, 16.0 ] },
                "west": { "texture": "#0", "uv": [ 4.0, 7.0, 7.0, 16.0 ] },
                "up": { "texture": "#0", "uv": [ 6.0, 5.0, 9.0, 8.0 ] },
                "down": { "texture": "#0", "uv": [ 5.0, 7.0, 8.0, 10.0 ] }
            }
        },
        {
            "name": "cube",
            "from": [ 3.0, 2.5000000074505806, 0.4999999925494194 ], 
            "to": [ 13.0, 5.500000007450581, 2.4999999925494194 ], 
            "faces": {
                "north": { "texture": "#0", "uv": [ 4.0, 2.0, 14.0, 5.0 ] },
                "east": { "texture": "#0", "uv": [ 4.0, 5.0, 6.0, 8.0 ] },
                "south": { "texture": "#0", "uv": [ 2.0, 11.0, 12.0, 14.0 ] },
                "west": { "texture": "#0", "uv": [ 9.0, 8.0, 11.0, 11.0 ] },
                "up": { "texture": "#0", "uv": [ 3.0, 7.0, 13.0, 9.0 ] },
                "down": { "texture": "#0", "uv": [ 4.0, 6.0, 14.0, 8.0 ] }
            }
        },
        {
            "name": "cube",
            "from": [ 0.4999999925494194, 2.5000000074505806, 3.0 ], 
            "to": [ 2.4999999925494194, 5.500000007450581, 16.0 ], 
            "faces": {
                "north": { "texture": "#0", "uv": [ 0.0, 0.0, 2.0, 3.0 ] },
                "east": { "texture": "#0", "uv": [ 1.0, 2.0, 14.50000000745058, 5.0 ] },
                "south": { "texture": "#0", "uv": [ 0.0, 0.0, 2.0, 3.0 ] },
                "west": { "texture": "#0", "uv": [ 2.0, 6.0, 15.50000000745058, 9.0 ] },
                "up": { "texture": "#0", "uv": [ 6.0, 2.0, 8.0, 15.50000000745058 ] },
                "down": { "texture": "#0", "uv": [ 9.0, 0.0, 11.0, 13.50000000745058 ] }
            }
        },
        {
            "name": "cube",
            "from": [ 13.49999999254942, 2.5000000074505806, 3.0 ], 
            "to": [ 15.49999999254942, 5.500000007450581, 16.0 ], 
            "faces": {
                "north": { "texture": "#0", "uv": [ 6.0, 4.0, 8.0, 7.0 ] },
                "east": { "texture": "#0", "uv": [ 2.0, 13.0, 15.50000000745058, 16.0 ] },
                "south": { "texture": "#0", "uv": [ 4.0, 3.0, 6.0, 6.0 ] },
                "west": { "texture": "#0", "uv": [ 2.0, 4.0, 15.50000000745058, 7.0 ] },
                "up": { "texture": "#0", "uv": [ 9.0, 2.0, 11.0, 15.50000000745058 ] },
                "down": { "texture": "#0", "uv": [ 5.0, 2.0, 7.0, 15.50000000745058 ] }
            }
        },
        {
            "name": "cube",
            "from": [ 2.4999999925494194, 3.0, 2.4999999925494194 ], 
            "to": [ 13.49999999254942, 4.0, 15.999999985098839 ], 
            "faces": {
                "north": { "texture": "#0", "uv": [ 0.0, 0.0, 11.0, 1.0 ] },
                "east": { "texture": "#0", "uv": [ 0.0, 0.0, 14.0, 1.0 ] },
                "south": { "texture": "#0", "uv": [ 0.0, 0.0, 11.0, 1.0 ] },
                "west": { "texture": "#0", "uv": [ 0.0, 0.0, 14.0, 1.0 ] },
                "up": { "texture": "#0", "uv": [ 0.0, 0.0, 11.0, 14.0 ] },
                "down": { "texture": "#0", "uv": [ 0.0, 0.0, 11.0, 14.0 ] }
            }
        }
    ]
}
