{
    "__comment": "model generated using mr_crayfish's model creator (http://mrcrayfish.com/modelcreator/)",
    "textures": {
		"particle": "drpmedieval:blocks/metal",
        "0": "drpmedieval:blocks/torch_off",
        "1": "drpmedieval:blocks/metal"
    },
    "elements": [
        {
            "name": "cube",
            "from": [ 7.0, 3.0, 14.0 ], 
            "to": [ 9.0, 13.0, 16.0 ], 
            "rotation": { "origin": [ 8.0, 3.0, 16.0 ], "axis": "x", "angle": -45.0 },
            "faces": {
                "north": { "texture": "#0", "uv": [ 7.0, 6.0, 9.0, 16.0 ] },
                "east": { "texture": "#0", "uv": [ 9.0, 6.0, 7.0, 16.0 ] },
                "south": { "texture": "#0", "uv": [ 7.0, 6.0, 9.0, 16.0 ] },
                "west": { "texture": "#0", "uv": [ 9.0, 6.0, 7.0, 16.0 ] },
                "up": { "texture": "#0", "uv": [ 7.0, 6.0, 9.0, 8.0 ], "rotation": 270 },
                "down": { "texture": "#0", "uv": [ 7.0, 14.0, 9.0, 16.0 ] }
            }
        },
        {
            "name": "cube",
            "from": [ 6.5, 4.0, 13.5 ], 
            "to": [ 9.5, 5.0, 16.5 ], 
            "rotation": { "origin": [ 8.0, 3.0, 16.0 ], "axis": "x", "angle": -45.0 },
            "faces": {
                "north": { "texture": "#1", "uv": [ 0.0, 0.0, 3.0, 1.0 ] },
                "east": { "texture": "#1", "uv": [ 3.0, 0.0, 6.0, 1.0 ] },
                "south": { "texture": "#1", "uv": [ 6.0, 0.0, 9.0, 1.0 ] },
                "west": { "texture": "#1", "uv": [ 9.0, 0.0, 12.0, 1.0 ] },
                "up": { "texture": "#1", "uv": [ 8.0, 10.0, 11.0, 13.0 ] },
                "down": { "texture": "#1", "uv": [ 2.0, 10.0, 5.0, 13.0 ] }
            }
        },
        {
            "name": "cube",
            "from": [ 6.5, 9.0, 13.5 ], 
            "to": [ 9.5, 10.0, 16.5 ], 
            "rotation": { "origin": [ 8.0, 3.0, 16.0 ], "axis": "x", "angle": -45.0 },
            "faces": {
                "north": { "texture": "#1", "uv": [ 7.0, 10.0, 10.0, 11.0 ] },
                "east": { "texture": "#1", "uv": [ 3.0, 8.0, 6.0, 9.0 ] },
                "south": { "texture": "#1", "uv": [ 7.0, 8.0, 10.0, 9.0 ] },
                "west": { "texture": "#1", "uv": [ 8.0, 10.0, 11.0, 11.0 ] },
                "up": { "texture": "#1", "uv": [ 12.0, 4.0, 15.0, 7.0 ] },
                "down": { "texture": "#1", "uv": [ 7.0, 8.0, 10.0, 11.0 ] }
            }
        },
        {
            "name": "cube",
            "from": [ 7.5, 9.0, 16.5 ], 
            "to": [ 8.5, 10.0, 17.5 ], 
            "rotation": { "origin": [ 8.0, 3.0, 16.0 ], "axis": "x", "angle": -45.0 },
            "faces": {
                "north": { "texture": "#1", "uv": [ 8.0, 3.0, 9.0, 4.0 ] },
                "east": { "texture": "#1", "uv": [ 11.0, 8.0, 12.0, 9.0 ] },
                "south": { "texture": "#1", "uv": [ 4.0, 8.0, 5.0, 9.0 ] },
                "west": { "texture": "#1", "uv": [ 7.0, 2.0, 8.0, 3.0 ] },
                "up": { "texture": "#1", "uv": [ 8.0, 10.0, 9.0, 11.0 ] },
                "down": { "texture": "#1", "uv": [ 4.0, 3.0, 5.0, 4.0 ] }
            }
        },
        {
            "name": "cube",
            "from": [ 7.5, 9.0, 14.6 ], 
            "to": [ 8.5, 10.0, 17.6 ], 
            "rotation": { "origin": [ 8.0, 3.0, 16.0 ], "axis": "x", "angle": -22.5 },
            "faces": {
                "north": { "texture": "#1", "uv": [ 11.0, 6.0, 12.0, 7.0 ] },
                "east": { "texture": "#1", "uv": [ 10.0, 4.0, 13.0, 5.0 ] },
                "south": { "texture": "#1", "uv": [ 9.0, 3.0, 10.0, 4.0 ] },
                "west": { "texture": "#1", "uv": [ 7.0, 3.0, 10.0, 4.0 ] },
                "up": { "texture": "#1", "uv": [ 7.0, 5.0, 8.0, 8.0 ] },
                "down": { "texture": "#1", "uv": [ 9.0, 4.0, 10.0, 7.0 ] }
            }
        },
        {
            "name": "cube",
            "from": [ 7.5, 4.0, 15.6 ], 
            "to": [ 8.5, 5.0, 17.6 ], 
            "rotation": { "origin": [ 8.0, 3.0, 16.0 ], "axis": "x", "angle": -22.5 },
            "faces": {
                "north": { "texture": "#1", "uv": [ 11.0, 5.0, 12.0, 6.0 ] },
                "east": { "texture": "#1", "uv": [ 6.0, 4.0, 8.0, 5.0 ] },
                "south": { "texture": "#1", "uv": [ 6.0, 4.0, 7.0, 5.0 ] },
                "west": { "texture": "#1", "uv": [ 0.0, 8.0, 2.0, 9.0 ] },
                "up": { "texture": "#1", "uv": [ 6.0, 5.0, 7.0, 7.0 ] },
                "down": { "texture": "#1", "uv": [ 6.0, 2.0, 7.0, 4.0 ] }
            }
        },
        {
            "name": "cube",
            "from": [ 7.5, 9.1, 14.8 ], 
            "to": [ 8.5, 10.1, 16.8 ], 
            "faces": {
                "north": { "texture": "#1", "uv": [ 5.0, 3.0, 6.0, 4.0 ] },
                "east": { "texture": "#1", "uv": [ 7.0, 6.0, 9.0, 7.0 ] },
                "south": { "texture": "#1", "uv": [ 6.0, 7.0, 7.0, 8.0 ] },
                "west": { "texture": "#1", "uv": [ 10.0, 4.0, 12.0, 5.0 ] },
                "up": { "texture": "#1", "uv": [ 3.0, 7.0, 4.0, 9.0 ] },
                "down": { "texture": "#1", "uv": [ 15.0, 10.0, 16.0, 12.0 ] }
            }
        }
    ]
}
