{
    "parent": "builtin/generated",
    "textures": {
        "layer0": "drpmedieval:items/block_anvil"
    },
    "display": {
		"gui": {
            "rotation": [ 0,0, 0 ],
            "translation": [ 0, 0, 0 ],
            "scale": [ 1, 1, 1]
        },
		"firstperson_righthand": {
            "rotation": [ 0, 0, 0 ],
            "translation": [ 4, 6, 0 ],
            "scale": [ 0.5, 0.5, 0.5 ]
        },
        "firstperson_lefthand": {
            "rotation": [ 0, 0, 0 ],
            "translation": [ 4, 6, 0 ],
            "scale": [ 0.5, 0.5, 0.5 ]
        },
        "thirdperson_righthand": {
            "rotation": [ 0, 0, 0 ],
            "translation": [ 0, 5, 0 ],
            "scale": [ 0.5, 0.5, 0.5 ]
        },
        "thirdperson_lefthand": {
            "rotation": [ 0, 0, 0 ],
            "translation": [ 0, 5, 0 ],
            "scale": [ 0.5, 0.5, 0.5 ]
        },
        "head": {
            "rotation": [ 0, 0, 0 ],
            "translation": [ 0, 18, 0 ],
            "scale": [ 1.5,1.5,1.5 ]
        },
        "ground": {
            "rotation": [ 0, 0, 0 ],
            "translation": [ 0, 5, 0 ],
            "scale": [ 1, 1, 1 ]
        }
    }
}
