{
    "__comment": "model generated using mr_crayfish's model creator (http://mrcrayfish.com/modelcreator/)",
    "textures": {
        "particle": "blocks/blocks/drpmedieval:blocks/barrel_side",
        "0": "drpmedieval:blocks/barrel_side",
        "1": "drpmedieval:blocks/barrel_top",
        "2": "blocks/barrel_top",
        "3": "blocks/barrel_side"
    },
    "elements": [
        {
            "name": "bottom_north",
            "from": [ 5.0, 0.0, 1.0 ], 
            "to": [ 11.0, 3.0, 2.0 ], 
            "faces": {
                "north": { "texture": "#0", "uv": [ 5.0, 13.0, 11.0, 16.0 ] },
                "east": { "texture": "#0", "uv": [ 14.0, 13.0, 15.0, 16.0 ] },
                "south": { "texture": "#0", "uv": [ 5.0, 13.0, 11.0, 16.0 ] },
                "west": { "texture": "#0", "uv": [ 1.0, 13.0, 2.0, 16.0 ] },
                "up": { "texture": "#1", "uv": [ 5.0, 14.0, 11.0, 15.0 ] },
                "down": { "texture": "#1", "uv": [ 5.0, 0.0, 11.0, 1.0 ] }
            }
        },
        {
            "name": "bottom_north_north_east",
            "from": [ 11.0, 0.0, 2.0 ], 
            "to": [ 13.0, 3.0, 3.0 ], 
            "faces": {
                "north": { "texture": "#0", "uv": [ 3.0, 13.0, 5.0, 16.0 ] },
                "east": { "texture": "#0", "uv": [ 13.0, 13.0, 14.0, 16.0 ] },
                "south": { "texture": "#0", "uv": [ 11.0, 13.0, 13.0, 16.0 ] },
                "west": { "texture": "#0", "uv": [ 2.0, 13.0, 3.0, 16.0 ] },
                "up": { "texture": "#1", "uv": [ 3.0, 13.0, 5.0, 14.0 ] },
                "down": { "texture": "#1", "uv": [ 7.0, 1.0, 9.0, 2.0 ] }
            }
        },
        {
            "name": "bottom_east_north_east",
            "from": [ 13.0, 0.0, 3.0 ], 
            "to": [ 14.0, 3.0, 5.0 ], 
            "faces": {
                "north": { "texture": "#0", "uv": [ 2.0, 13.0, 3.0, 16.0 ] },
                "east": { "texture": "#0", "uv": [ 11.0, 13.0, 13.0, 16.0 ] },
                "south": { "texture": "#0", "uv": [ 13.0, 13.0, 14.0, 16.0 ] },
                "west": { "texture": "#0", "uv": [ 3.0, 13.0, 5.0, 16.0 ] },
                "up": { "texture": "#1", "uv": [ 2.0, 11.0, 3.0, 13.0 ] },
                "down": { "texture": "#1", "uv": [ 1.0, 4.0, 2.0, 6.0 ] }
            }
        },
        {
            "name": "bottom_east",
            "from": [ 14.0, 0.0, 5.0 ], 
            "to": [ 15.0, 3.0, 11.0 ], 
            "faces": {
                "north": { "texture": "#0", "uv": [ 1.0, 13.0, 2.0, 16.0 ] },
                "east": { "texture": "#0", "uv": [ 5.0, 13.0, 11.0, 16.0 ] },
                "south": { "texture": "#0", "uv": [ 14.0, 13.0, 15.0, 16.0 ] },
                "west": { "texture": "#0", "uv": [ 5.0, 13.0, 11.0, 16.0 ] },
                "up": { "texture": "#1", "uv": [ 1.0, 5.0, 2.0, 11.0 ] },
                "down": { "texture": "#1", "uv": [ 1.0, 6.0, 2.0, 12.0 ] }
            }
        },
        {
            "name": "bottom_east_south_east",
            "from": [ 13.0, 0.0, 11.0 ], 
            "to": [ 14.0, 3.0, 13.0 ], 
            "faces": {
                "north": { "texture": "#0", "uv": [ 2.0, 13.0, 3.0, 16.0 ] },
                "east": { "texture": "#0", "uv": [ 3.0, 13.0, 5.0, 16.0 ] },
                "south": { "texture": "#0", "uv": [ 13.0, 13.0, 14.0, 16.0 ] },
                "west": { "texture": "#0", "uv": [ 11.0, 13.0, 13.0, 16.0 ] },
                "up": { "texture": "#1", "uv": [ 2.0, 3.0, 3.0, 5.0 ] },
                "down": { "texture": "#1", "uv": [ 1.0, 4.0, 2.0, 6.0 ] }
            }
        },
        {
            "name": "bottom_south_south_east",
            "from": [ 11.0, 0.0, 13.0 ], 
            "to": [ 13.0, 3.0, 14.0 ], 
            "faces": {
                "north": { "texture": "#0", "uv": [ 3.0, 13.0, 5.0, 16.0 ] },
                "east": { "texture": "#0", "uv": [ 2.0, 13.0, 3.0, 16.0 ] },
                "south": { "texture": "#0", "uv": [ 11.0, 13.0, 13.0, 16.0 ] },
                "west": { "texture": "#0", "uv": [ 13.0, 13.0, 14.0, 16.0 ] },
                "up": { "texture": "#1", "uv": [ 3.0, 2.0, 5.0, 3.0 ] },
                "down": { "texture": "#1", "uv": [ 6.0, 1.0, 8.0, 2.0 ] }
            }
        },
        {
            "name": "bottom_south",
            "from": [ 5.0, 0.0, 14.0 ], 
            "to": [ 11.0, 3.0, 15.0 ], 
            "faces": {
                "north": { "texture": "#0", "uv": [ 5.0, 13.0, 11.0, 16.0 ] },
                "east": { "texture": "#0", "uv": [ 1.0, 13.0, 2.0, 16.0 ] },
                "south": { "texture": "#0", "uv": [ 5.0, 13.0, 11.0, 16.0 ] },
                "west": { "texture": "#0", "uv": [ 14.0, 13.0, 15.0, 16.0 ] },
                "up": { "texture": "#1", "uv": [ 5.0, 1.0, 11.0, 2.0 ] },
                "down": { "texture": "#1", "uv": [ 7.0, 14.0, 13.0, 15.0 ] }
            }
        },
        {
            "name": "bottom_north_north_west",
            "from": [ 3.0, 0.0, 2.0 ], 
            "to": [ 5.0, 3.0, 3.0 ], 
            "faces": {
                "north": { "texture": "#0", "uv": [ 11.0, 13.0, 13.0, 16.0 ] },
                "east": { "texture": "#0", "uv": [ 14.0, 13.0, 15.0, 16.0 ] },
                "south": { "texture": "#0", "uv": [ 3.0, 13.0, 5.0, 16.0 ] },
                "west": { "texture": "#0", "uv": [ 2.0, 13.0, 3.0, 16.0 ] },
                "up": { "texture": "#1", "uv": [ 11.0, 13.0, 13.0, 14.0 ] },
                "down": { "texture": "#1", "uv": [ 6.0, 14.0, 8.0, 15.0 ] }
            }
        },
        {
            "name": "bottom_south_south_west",
            "from": [ 3.0, 0.0, 13.0 ], 
            "to": [ 5.0, 3.0, 14.0 ], 
            "faces": {
                "north": { "texture": "#0", "uv": [ 11.0, 13.0, 13.0, 16.0 ] },
                "east": { "texture": "#0", "uv": [ 13.0, 13.0, 14.0, 16.0 ] },
                "south": { "texture": "#0", "uv": [ 3.0, 13.0, 5.0, 16.0 ] },
                "west": { "texture": "#0", "uv": [ 13.0, 13.0, 14.0, 16.0 ] },
                "up": { "texture": "#1", "uv": [ 11.0, 2.0, 13.0, 3.0 ] },
                "down": { "texture": "#1", "uv": [ 6.0, 1.0, 8.0, 2.0 ] }
            }
        },
        {
            "name": "bottom_west_south_west",
            "from": [ 2.0, 0.0, 11.0 ], 
            "to": [ 3.0, 3.0, 13.0 ], 
            "faces": {
                "north": { "texture": "#0", "uv": [ 13.0, 13.0, 14.0, 16.0 ] },
                "east": { "texture": "#0", "uv": [ 3.0, 13.0, 5.0, 16.0 ] },
                "south": { "texture": "#0", "uv": [ 2.0, 13.0, 3.0, 16.0 ] },
                "west": { "texture": "#0", "uv": [ 11.0, 13.0, 13.0, 16.0 ] },
                "up": { "texture": "#1", "uv": [ 13.0, 3.0, 14.0, 5.0 ] },
                "down": { "texture": "#1", "uv": [ 13.0, 12.0, 14.0, 14.0 ] }
            }
        },
        {
            "name": "bottom_west_north_west",
            "from": [ 2.0, 0.0, 3.0 ], 
            "to": [ 3.0, 3.0, 5.0 ], 
            "faces": {
                "north": { "texture": "#0", "uv": [ 13.0, 13.0, 14.0, 16.0 ] },
                "east": { "texture": "#0", "uv": [ 11.0, 13.0, 13.0, 16.0 ] },
                "south": { "texture": "#0", "uv": [ 2.0, 13.0, 3.0, 16.0 ] },
                "west": { "texture": "#0", "uv": [ 3.0, 13.0, 5.0, 16.0 ] },
                "up": { "texture": "#1", "uv": [ 13.0, 11.0, 14.0, 13.0 ] },
                "down": { "texture": "#1", "uv": [ 1.0, 5.0, 2.0, 7.0 ] }
            }
        },
        {
            "name": "bottom_west",
            "from": [ 1.0, 0.0, 5.0 ], 
            "to": [ 2.0, 3.0, 11.0 ], 
            "faces": {
                "north": { "texture": "#0", "uv": [ 14.0, 13.0, 15.0, 16.0 ] },
                "east": { "texture": "#0", "uv": [ 5.0, 13.0, 11.0, 16.0 ] },
                "south": { "texture": "#0", "uv": [ 1.0, 13.0, 2.0, 16.0 ] },
                "west": { "texture": "#0", "uv": [ 5.0, 13.0, 11.0, 16.0 ] },
                "up": { "texture": "#1", "uv": [ 14.0, 5.0, 15.0, 11.0 ] },
                "down": { "texture": "#1", "uv": [ 14.0, 6.0, 15.0, 12.0 ] }
            }
        },
        {
            "name": "center_north",
            "from": [ 5.0, 3.0, 0.0 ], 
            "to": [ 11.0, 13.0, 1.0 ], 
            "faces": {
                "north": { "texture": "#0", "uv": [ 5.0, 3.0, 11.0, 13.0 ] },
                "east": { "texture": "#0", "uv": [ 15.0, 3.0, 16.0, 13.0 ] },
                "south": { "texture": "#0", "uv": [ 5.0, 3.0, 11.0, 13.0 ] },
                "west": { "texture": "#0", "uv": [ 0.0, 3.0, 1.0, 13.0 ] },
                "up": { "texture": "#1", "uv": [ 4.0, 14.0, 10.0, 15.0 ] },
                "down": { "texture": "#1", "uv": [ 5.0, 0.0, 11.0, 1.0 ] }
            }
        },
        {
            "name": "center_north_north_east",
            "from": [ 11.0, 3.0, 1.0 ], 
            "to": [ 13.0, 13.0, 2.0 ], 
            "faces": {
                "north": { "texture": "#0", "uv": [ 3.0, 3.0, 5.0, 13.0 ] },
                "east": { "texture": "#0", "uv": [ 14.0, 3.0, 15.0, 13.0 ] },
                "south": { "texture": "#0", "uv": [ 11.0, 3.0, 13.0, 13.0 ] },
                "west": { "texture": "#0", "uv": [ 1.0, 3.0, 2.0, 13.0 ] },
                "up": { "texture": "#1", "uv": [ 6.0, 15.0, 8.0, 16.0 ] },
                "down": { "texture": "#1", "uv": [ 11.0, 1.0, 13.0, 2.0 ] }
            }
        },
        {
            "name": "center_north_east",
            "from": [ 13.0, 3.0, 2.0 ], 
            "to": [ 14.0, 13.0, 3.0 ], 
            "faces": {
                "north": { "texture": "#0", "uv": [ 2.0, 3.0, 3.0, 13.0 ] },
                "east": { "texture": "#0", "uv": [ 13.0, 3.0, 14.0, 13.0 ] },
                "south": { "texture": "#0", "uv": [ 13.0, 3.0, 14.0, 13.0 ] },
                "west": { "texture": "#0", "uv": [ 2.0, 3.0, 3.0, 13.0 ] },
                "up": { "texture": "#1", "uv": [ 2.0, 13.0, 3.0, 14.0 ] },
                "down": { "texture": "#1", "uv": [ 13.0, 2.0, 14.0, 3.0 ] }
            }
        },
        {
            "name": "center_east_north_east",
            "from": [ 14.0, 3.0, 3.0 ], 
            "to": [ 15.0, 13.0, 5.0 ], 
            "faces": {
                "north": { "texture": "#0", "uv": [ 1.0, 3.0, 2.0, 13.0 ] },
                "east": { "texture": "#0", "uv": [ 11.0, 3.0, 13.0, 13.0 ] },
                "south": { "texture": "#0", "uv": [ 14.0, 3.0, 15.0, 13.0 ] },
                "west": { "texture": "#0", "uv": [ 3.0, 3.0, 5.0, 13.0 ] },
                "up": { "texture": "#1", "uv": [ 1.0, 9.0, 2.0, 11.0 ] },
                "down": { "texture": "#1", "uv": [ 1.0, 4.0, 2.0, 6.0 ] }
            }
        },
        {
            "name": "center_east",
            "from": [ 15.0, 3.0, 5.0 ], 
            "to": [ 16.0, 13.0, 10.0 ], 
            "faces": {
                "north": { "texture": "#0", "uv": [ 0.0, 3.0, 1.0, 13.0 ] },
                "east": { "texture": "#0", "uv": [ 5.0, 3.0, 10.0, 13.0 ] },
                "south": { "texture": "#0", "uv": [ 15.0, 3.0, 16.0, 13.0 ] },
                "west": { "texture": "#0", "uv": [ 5.0, 3.0, 10.0, 13.0 ] },
                "up": { "texture": "#1", "uv": [ 1.0, 7.0, 2.0, 12.0 ] },
                "down": { "texture": "#1", "uv": [ 1.0, 6.0, 2.0, 11.0 ] }
            }
        },
        {
            "name": "center_east_south_east",
            "from": [ 14.0, 3.0, 11.0 ], 
            "to": [ 15.0, 8.0, 13.0 ], 
            "faces": {
                "north": { "texture": "#0", "uv": [ 0.0, 3.0, 1.0, 8.0 ] },
                "east": { "texture": "#0", "uv": [ 3.0, 3.0, 5.0, 8.0 ] },
                "south": { "texture": "#0", "uv": [ 14.0, 3.0, 15.0, 8.0 ] },
                "west": { "texture": "#0", "uv": [ 11.0, 3.0, 13.0, 8.0 ] },
                "up": { "texture": "#1", "uv": [ 14.0, 11.0, 15.0, 13.0 ] },
                "down": { "texture": "#1", "uv": [ 1.0, 4.0, 2.0, 6.0 ] }
            }
        },
        {
            "name": "center_south_east",
            "from": [ 13.0, 3.0, 13.0 ], 
            "to": [ 14.0, 8.0, 14.0 ], 
            "faces": {
                "north": { "texture": "#0", "uv": [ 1.0, 3.0, 2.0, 8.0 ] },
                "east": { "texture": "#0", "uv": [ 2.0, 3.0, 3.0, 8.0 ] },
                "south": { "texture": "#0", "uv": [ 13.0, 3.0, 14.0, 8.0 ] },
                "west": { "texture": "#0", "uv": [ 13.0, 3.0, 14.0, 8.0 ] },
                "up": { "texture": "#1", "uv": [ 13.0, 13.0, 14.0, 14.0 ] },
                "down": { "texture": "#1", "uv": [ 2.0, 2.0, 3.0, 3.0 ] }
            }
        },
        {
            "name": "center_south_south_east",
            "from": [ 11.0, 3.0, 14.0 ], 
            "to": [ 13.0, 8.0, 15.0 ], 
            "faces": {
                "north": { "texture": "#0", "uv": [ 3.0, 3.0, 5.0, 8.0 ] },
                "east": { "texture": "#0", "uv": [ 1.0, 3.0, 2.0, 8.0 ] },
                "south": { "texture": "#0", "uv": [ 11.0, 3.0, 13.0, 8.0 ] },
                "west": { "texture": "#0", "uv": [ 14.0, 3.0, 15.0, 8.0 ] },
                "up": { "texture": "#1", "uv": [ 11.0, 14.0, 13.0, 15.0 ] },
                "down": { "texture": "#1", "uv": [ 5.0, 14.0, 7.0, 15.0 ] }
            }
        },
        {
            "name": "center_south",
            "from": [ 5.0, 3.0, 15.0 ], 
            "to": [ 11.0, 8.0, 16.0 ], 
            "faces": {
                "north": { "texture": "#0", "uv": [ 5.0, 3.0, 11.0, 8.0 ] },
                "east": { "texture": "#0", "uv": [ 0.0, 3.0, 1.0, 8.0 ] },
                "south": { "texture": "#0", "uv": [ 5.0, 3.0, 11.0, 8.0 ] },
                "west": { "texture": "#0", "uv": [ 14.0, 2.0, 15.0, 7.0 ] },
                "up": { "texture": "#1", "uv": [ 5.0, 15.0, 11.0, 16.0 ] },
                "down": { "texture": "#1", "uv": [ 3.0, 14.0, 9.0, 15.0 ] }
            }
        },
        {
            "name": "center_north_north_west",
            "from": [ 3.0, 3.0, 1.0 ], 
            "to": [ 5.0, 13.0, 2.0 ], 
            "faces": {
                "north": { "texture": "#0", "uv": [ 11.0, 3.0, 13.0, 13.0 ] },
                "east": { "texture": "#0", "uv": [ 14.0, 3.0, 15.0, 13.0 ] },
                "south": { "texture": "#0", "uv": [ 3.0, 3.0, 5.0, 13.0 ] },
                "west": { "texture": "#0", "uv": [ 1.0, 3.0, 2.0, 13.0 ] },
                "up": { "texture": "#1", "uv": [ 7.0, 1.0, 9.0, 2.0 ] },
                "down": { "texture": "#1", "uv": [ 10.0, 14.0, 12.0, 15.0 ] }
            }
        },
        {
            "name": "center_north_west",
            "from": [ 2.0, 3.0, 2.0 ], 
            "to": [ 3.0, 13.0, 3.0 ], 
            "faces": {
                "north": { "texture": "#0", "uv": [ 13.0, 3.0, 14.0, 13.0 ] },
                "east": { "texture": "#0", "uv": [ 13.0, 3.0, 14.0, 13.0 ] },
                "south": { "texture": "#0", "uv": [ 2.0, 3.0, 3.0, 13.0 ] },
                "west": { "texture": "#0", "uv": [ 2.0, 3.0, 3.0, 13.0 ] },
                "up": { "texture": "#1", "uv": [ 13.0, 13.0, 14.0, 14.0 ] },
                "down": { "texture": "#1", "uv": [ 13.0, 13.0, 14.0, 14.0 ] }
            }
        },
        {
            "name": "center_west_north_west",
            "from": [ 1.0, 3.0, 3.0 ], 
            "to": [ 2.0, 13.0, 5.0 ], 
            "faces": {
                "north": { "texture": "#0", "uv": [ 14.0, 3.0, 15.0, 13.0 ] },
                "east": { "texture": "#0", "uv": [ 11.0, 3.0, 13.0, 13.0 ] },
                "south": { "texture": "#0", "uv": [ 1.0, 3.0, 2.0, 13.0 ] },
                "west": { "texture": "#0", "uv": [ 3.0, 3.0, 5.0, 13.0 ] },
                "up": { "texture": "#1", "uv": [ 15.0, 7.0, 16.0, 9.0 ] },
                "down": { "texture": "#1", "uv": [ 0.0, 5.0, 1.0, 7.0 ] }
            }
        },
        {
            "name": "center_west",
            "from": [ 0.0, 3.0, 5.0 ], 
            "to": [ 1.0, 13.0, 10.0 ], 
            "faces": {
                "north": { "texture": "#0", "uv": [ 15.0, 3.0, 16.0, 13.0 ] },
                "east": { "texture": "#0", "uv": [ 5.0, 3.0, 10.0, 13.0 ] },
                "south": { "texture": "#0", "uv": [ 0.0, 3.0, 1.0, 13.0 ] },
                "west": { "texture": "#0", "uv": [ 5.0, 3.0, 10.0, 13.0 ] },
                "up": { "texture": "#1", "uv": [ 15.0, 5.0, 16.0, 10.0 ] },
                "down": { "texture": "#1", "uv": [ 14.0, 6.0, 15.0, 12.0 ] }
            }
        },
        {
            "name": "center_west_south_west",
            "from": [ 1.0, 3.0, 11.0 ], 
            "to": [ 2.0, 8.0, 13.0 ], 
            "faces": {
                "north": { "texture": "#0", "uv": [ 14.0, 3.0, 15.0, 8.0 ] },
                "east": { "texture": "#0", "uv": [ 3.0, 3.0, 5.0, 8.0 ] },
                "south": { "texture": "#0", "uv": [ 1.0, 3.0, 2.0, 8.0 ] },
                "west": { "texture": "#0", "uv": [ 11.0, 3.0, 13.0, 8.0 ] },
                "up": { "texture": "#1", "uv": [ 1.0, 11.0, 2.0, 13.0 ] },
                "down": { "texture": "#1", "uv": [ 1.0, 5.0, 2.0, 7.0 ] }
            }
        },
        {
            "name": "center_south_south_west",
            "from": [ 3.0, 3.0, 14.0 ], 
            "to": [ 5.0, 8.0, 15.0 ], 
            "faces": {
                "north": { "texture": "#0", "uv": [ 11.0, 3.0, 13.0, 8.0 ] },
                "east": { "texture": "#0", "uv": [ 2.0, 3.0, 3.0, 8.0 ] },
                "south": { "texture": "#0", "uv": [ 3.0, 3.0, 5.0, 8.0 ] },
                "west": { "texture": "#0", "uv": [ 13.0, 3.0, 14.0, 8.0 ] },
                "up": { "texture": "#1", "uv": [ 3.0, 14.0, 5.0, 15.0 ] },
                "down": { "texture": "#1", "uv": [ 6.0, 1.0, 8.0, 2.0 ] }
            }
        },
        {
            "name": "center_south_west",
            "from": [ 2.0, 3.0, 13.0 ], 
            "to": [ 3.0, 8.0, 14.0 ], 
            "faces": {
                "north": { "texture": "#0", "uv": [ 13.0, 4.0, 14.0, 9.0 ] },
                "east": { "texture": "#0", "uv": [ 1.0, 3.0, 2.0, 8.0 ] },
                "south": { "texture": "#0", "uv": [ 2.0, 3.0, 3.0, 8.0 ] },
                "west": { "texture": "#0", "uv": [ 14.0, 3.0, 15.0, 8.0 ] },
                "up": { "texture": "#1", "uv": [ 2.0, 13.0, 3.0, 14.0 ] },
                "down": { "texture": "#1", "uv": [ 2.0, 13.0, 3.0, 14.0 ] }
            }
        },
        {
            "name": "top_north",
            "from": [ 5.0, 13.0, 1.0 ], 
            "to": [ 11.0, 16.0, 2.0 ], 
            "faces": {
                "north": { "texture": "#0", "uv": [ 5.0, 0.0, 11.0, 3.0 ] },
                "east": { "texture": "#0", "uv": [ 14.0, 0.0, 15.0, 3.0 ] },
                "south": { "texture": "#0", "uv": [ 5.0, 0.0, 11.0, 3.0 ] },
                "west": { "texture": "#0", "uv": [ 1.0, 0.0, 2.0, 3.0 ] },
                "up": { "texture": "#1", "uv": [ 5.0, 0.0, 11.0, 1.0 ] },
                "down": { "texture": "#1", "uv": [ 5.0, 0.0, 11.0, 1.0 ] }
            }
        },
        {
            "name": "top_north_north",
            "from": [ 11.0, 13.0, 2.0 ], 
            "to": [ 13.0, 16.0, 3.0 ], 
            "faces": {
                "north": { "texture": "#0", "uv": [ 3.0, 0.0, 5.0, 3.0 ] },
                "east": { "texture": "#0", "uv": [ 13.0, 0.0, 14.0, 3.0 ] },
                "south": { "texture": "#0", "uv": [ 11.0, 0.0, 13.0, 3.0 ] },
                "west": { "texture": "#0", "uv": [ 2.0, 0.0, 3.0, 3.0 ] },
                "up": { "texture": "#1", "uv": [ 3.0, 1.0, 5.0, 2.0 ] },
                "down": { "texture": "#1", "uv": [ 3.0, 1.0, 5.0, 2.0 ] }
            }
        },
        {
            "name": "top_east_north_east",
            "from": [ 13.0, 13.0, 3.0 ], 
            "to": [ 14.0, 16.0, 5.0 ], 
            "faces": {
                "north": { "texture": "#0", "uv": [ 2.0, 0.0, 3.0, 3.0 ] },
                "east": { "texture": "#0", "uv": [ 11.0, 0.0, 13.0, 3.0 ] },
                "south": { "texture": "#0", "uv": [ 13.0, 0.0, 14.0, 3.0 ] },
                "west": { "texture": "#0", "uv": [ 3.0, 0.0, 5.0, 3.0 ] },
                "up": { "texture": "#1", "uv": [ 1.0, 5.0, 2.0, 7.0 ] },
                "down": { "texture": "#1", "uv": [ 1.0, 5.0, 2.0, 7.0 ] }
            }
        },
        {
            "name": "top_east",
            "from": [ 14.0, 13.0, 5.0 ], 
            "to": [ 15.0, 15.0, 9.0 ], 
            "faces": {
                "north": { "texture": "#0", "uv": [ 1.0, 1.0, 2.0, 3.0 ] },
                "east": { "texture": "#0", "uv": [ 5.0, 1.0, 9.0, 3.0 ] },
                "south": { "texture": "#0", "uv": [ 14.0, 1.0, 15.0, 3.0 ] },
                "west": { "texture": "#0", "uv": [ 5.0, 1.0, 9.0, 3.0 ] },
                "up": { "texture": "#1", "uv": [ 14.0, 6.0, 15.0, 10.0 ] },
                "down": { "texture": "#1", "uv": [ 14.0, 6.0, 15.0, 10.0 ] }
            }
        },
        {
            "name": "top_north_west_north",
            "from": [ 3.0, 13.0, 2.0 ], 
            "to": [ 5.0, 16.0, 3.0 ], 
            "faces": {
                "north": { "texture": "#0", "uv": [ 11.0, 0.0, 13.0, 3.0 ] },
                "east": { "texture": "#0", "uv": [ 13.0, 0.0, 14.0, 3.0 ] },
                "south": { "texture": "#0", "uv": [ 3.0, 0.0, 5.0, 3.0 ] },
                "west": { "texture": "#0", "uv": [ 1.0, 0.0, 2.0, 3.0 ] },
                "up": { "texture": "#1", "uv": [ 6.0, 1.0, 8.0, 2.0 ] },
                "down": { "texture": "#1", "uv": [ 6.0, 1.0, 8.0, 2.0 ] }
            }
        },
        {
            "name": "top_west_west_north",
            "from": [ 2.0, 13.0, 3.0 ], 
            "to": [ 3.0, 16.0, 5.0 ], 
            "faces": {
                "north": { "texture": "#0", "uv": [ 13.0, 0.0, 14.0, 3.0 ] },
                "east": { "texture": "#0", "uv": [ 11.0, 0.0, 13.0, 3.0 ] },
                "south": { "texture": "#0", "uv": [ 2.0, 0.0, 3.0, 3.0 ] },
                "west": { "texture": "#0", "uv": [ 3.0, 0.0, 5.0, 3.0 ] },
                "up": { "texture": "#1", "uv": [ 1.0, 4.0, 2.0, 6.0 ] },
                "down": { "texture": "#1", "uv": [ 1.0, 4.0, 2.0, 6.0 ] }
            }
        },
        {
            "name": "top_west",
            "from": [ 1.0, 13.0, 5.0 ], 
            "to": [ 2.0, 15.0, 8.0 ], 
            "faces": {
                "north": { "texture": "#0", "uv": [ 12.0, 1.0, 13.0, 3.0 ] },
                "east": { "texture": "#0", "uv": [ 5.0, 1.0, 8.0, 3.0 ] },
                "south": { "texture": "#0", "uv": [ 1.0, 1.0, 2.0, 3.0 ] },
                "west": { "texture": "#0", "uv": [ 5.0, 1.0, 8.0, 3.0 ] },
                "up": { "texture": "#1", "uv": [ 15.0, 5.0, 16.0, 8.0 ] },
                "down": { "texture": "#1", "uv": [ 15.0, 5.0, 16.0, 8.0 ] }
            }
        },
        {
            "name": "ground_center",
            "from": [ 5.0, 1.0, 2.0 ], 
            "to": [ 11.0, 2.0, 14.0 ], 
            "faces": {
                "north": { "texture": "#-1", "uv": [ 6.0, 8.0, 12.0, 9.0 ] },
                "east": { "texture": "#-1", "uv": [ 0.0, 0.0, 12.0, 1.0 ] },
                "south": { "texture": "#-1", "uv": [ 0.0, 0.0, 6.0, 1.0 ] },
                "west": { "texture": "#-1", "uv": [ 0.0, 0.0, 12.0, 1.0 ] },
                "up": { "texture": "#1", "uv": [ 5.0, 2.0, 11.0, 14.0 ] },
                "down": { "texture": "#1", "uv": [ 5.0, 2.0, 11.0, 14.0 ] }
            }
        },
        {
            "name": "ground_west1",
            "from": [ 3.0, 1.0, 3.0 ], 
            "to": [ 5.0, 2.0, 13.0 ], 
            "faces": {
                "north": { "texture": "#-1", "uv": [ 2.0, 4.0, 4.0, 5.0 ] },
                "east": { "texture": "#-1", "uv": [ 0.0, 0.0, 10.0, 1.0 ] },
                "south": { "texture": "#-1", "uv": [ 0.0, 0.0, 2.0, 1.0 ] },
                "west": { "texture": "#-1", "uv": [ 0.0, 0.0, 10.0, 1.0 ] },
                "up": { "texture": "#1", "uv": [ 3.0, 3.0, 5.0, 13.0 ] },
                "down": { "texture": "#1", "uv": [ 3.0, 3.0, 5.0, 13.0 ] }
            }
        },
        {
            "name": "ground_west2",
            "from": [ 2.0, 1.0, 5.0 ], 
            "to": [ 3.0, 2.0, 11.0 ], 
            "faces": {
                "north": { "texture": "#-1", "uv": [ 3.0, 3.0, 4.0, 4.0 ] },
                "east": { "texture": "#-1", "uv": [ 0.0, 0.0, 6.0, 1.0 ] },
                "south": { "texture": "#-1", "uv": [ 0.0, 0.0, 1.0, 1.0 ] },
                "west": { "texture": "#-1", "uv": [ 0.0, 0.0, 6.0, 1.0 ] },
                "up": { "texture": "#1", "uv": [ 2.0, 5.0, 3.0, 11.0 ] },
                "down": { "texture": "#1", "uv": [ 2.0, 5.0, 3.0, 11.0 ] }
            }
        },
        {
            "name": "ground_east1",
            "from": [ 11.0, 1.0, 3.0 ], 
            "to": [ 13.0, 2.0, 13.0 ], 
            "faces": {
                "north": { "texture": "#-1", "uv": [ 0.0, 0.0, 2.0, 1.0 ] },
                "east": { "texture": "#-1", "uv": [ 0.0, 0.0, 10.0, 1.0 ] },
                "south": { "texture": "#-1", "uv": [ 0.0, 0.0, 2.0, 1.0 ] },
                "west": { "texture": "#-1", "uv": [ 0.0, 0.0, 10.0, 1.0 ] },
                "up": { "texture": "#1", "uv": [ 11.0, 3.0, 13.0, 13.0 ] },
                "down": { "texture": "#1", "uv": [ 11.0, 3.0, 13.0, 13.0 ] }
            }
        },
        {
            "name": "ground_east2",
            "from": [ 13.0, 1.0, 5.0 ], 
            "to": [ 14.0, 2.0, 11.0 ], 
            "faces": {
                "north": { "texture": "#-1", "uv": [ 0.0, 0.0, 1.0, 1.0 ] },
                "east": { "texture": "#-1", "uv": [ 0.0, 0.0, 6.0, 1.0 ] },
                "south": { "texture": "#-1", "uv": [ 0.0, 0.0, 1.0, 1.0 ] },
                "west": { "texture": "#-1", "uv": [ 0.0, 0.0, 6.0, 1.0 ] },
                "up": { "texture": "#1", "uv": [ 13.0, 5.0, 14.0, 11.0 ] },
                "down": { "texture": "#1", "uv": [ 13.0, 5.0, 14.0, 11.0 ] }
            }
        },
        {
            "name": "top_center",
            "from": [ 5.0, 7.0, 1.0 ], 
            "to": [ 11.0, 8.0, 15.0 ], 
            "faces": {
                "up": { "texture": "#1", "uv": [ 5.0, 1.0, 11.0, 15.0 ] }
            }
        },
        {
            "name": "top_west1",
            "from": [ 3.0, 7.0, 2.0 ], 
            "to": [ 5.0, 8.0, 14.0 ], 
            "faces": {
                "up": { "texture": "#1", "uv": [ 3.0, 2.0, 5.0, 14.0 ] }
            }
        },
        {
            "name": "top_west2",
            "from": [ 2.0, 7.0, 3.0 ], 
            "to": [ 3.0, 8.0, 13.0 ], 
            "faces": {
                "up": { "texture": "#1", "uv": [ 2.0, 3.0, 3.0, 13.0 ] }
            }
        },
        {
            "name": "top_east1",
            "from": [ 11.0, 7.0, 2.0 ], 
            "to": [ 13.0, 8.0, 14.0 ], 
            "faces": {
                "up": { "texture": "#1", "uv": [ 11.0, 2.0, 13.0, 14.0 ] }
            }
        },
        {
            "name": "top_east2",
            "from": [ 13.0, 7.0, 3.0 ], 
            "to": [ 14.0, 8.0, 13.0 ], 
            "faces": {
                "north": { "texture": "#-1", "uv": [ 0.0, 0.0, 1.0, 1.0 ] },
                "east": { "texture": "#-1", "uv": [ 0.0, 0.0, 6.0, 1.0 ] },
                "south": { "texture": "#-1", "uv": [ 0.0, 0.0, 1.0, 1.0 ] },
                "west": { "texture": "#-1", "uv": [ 0.0, 0.0, 6.0, 1.0 ] },
                "up": { "texture": "#1", "uv": [ 13.0, 3.0, 14.0, 13.0 ] },
                "down": { "texture": "#1", "uv": [ 13.0, 3.0, 14.0, 13.0 ] }
            }
        },
        {
            "name": "cube",
            "from": [ 14.0, 7.0, 5.0 ], 
            "to": [ 15.0, 8.0, 11.0 ], 
            "faces": {
                "up": { "texture": "#1", "uv": [ 14.0, 6.0, 15.0, 12.0 ] }
            }
        },
        {
            "name": "cube",
            "from": [ 1.0, 7.0, 5.0 ], 
            "to": [ 2.0, 8.0, 11.0 ], 
            "faces": {
                "up": { "texture": "#1", "uv": [ 15.0, 5.0, 16.0, 11.0 ] }
            }
        },
        {
            "name": "cube",
            "from": [ 15.0, 3.0, 10.0 ], 
            "to": [ 16.0, 11.0, 11.0 ], 
            "faces": {
                "north": { "texture": "#0", "uv": [ 0.0, 3.0, 1.0, 11.0 ] },
                "east": { "texture": "#0", "uv": [ 10.0, 5.0, 11.0, 13.0 ] },
                "south": { "texture": "#0", "uv": [ 15.0, 5.0, 16.0, 13.0 ] },
                "west": { "texture": "#0", "uv": [ 10.0, 5.0, 11.0, 13.0 ] },
                "up": { "texture": "#1", "uv": [ 1.0, 7.0, 2.0, 8.0 ] },
                "down": { "texture": "#1", "uv": [ 1.0, 6.0, 2.0, 7.0 ] }
            }
        },
        {
            "name": "cube",
            "from": [ 0.0, 3.0, 10.0 ], 
            "to": [ 1.0, 11.0, 11.0 ], 
            "faces": {
                "north": { "texture": "#0", "uv": [ 15.0, 6.0, 16.0, 14.0 ] },
                "east": { "texture": "#0", "uv": [ 10.0, 5.0, 11.0, 13.0 ] },
                "south": { "texture": "#0", "uv": [ 0.0, 5.0, 1.0, 13.0 ] },
                "west": { "texture": "#0", "uv": [ 10.0, 5.0, 11.0, 13.0 ] },
                "up": { "texture": "#1", "uv": [ 15.0, 5.0, 16.0, 6.0 ] },
                "down": { "texture": "#1", "uv": [ 14.0, 6.0, 15.0, 12.0 ] }
            }
        }
    ],
    "display": {
        "gui": {
            "rotation": [ 30, 45, 0 ],
            "translation": [ 0, 0.2, 0 ],
            "scale": [ 0.65 ,0.65 ,0.65 ]
        },
        "firstperson_righthand": {
            "rotation": [ 0, 0, 0 ],
            "translation": [ 4, 0, 0 ],
            "scale": [ 0.5 ,0.5 ,0.5 ]
        },
        "firstperson_lefthand": {
            "rotation": [ 0, 0, 0 ],
            "translation": [ 4, 0, 0 ],
            "scale": [ 0.5 ,0.5 ,0.5 ]
        },
        "thirdperson_righthand": {
            "rotation": [ 0, 0, 0 ],
            "translation": [ 0, 5, 0 ],
            "scale": [ 0.5 ,0.5 ,0.5 ]
        },
        "thirdperson_lefthand": {
            "rotation": [ 0, 0, 0 ],
            "translation": [ 0, 5, 0 ],
            "scale": [ 0.5 ,0.5 ,0.5 ]
        },
        "head": {
            "rotation": [ 0, 0, 0 ],
            "translation": [ 0, 15, 0 ],
            "scale": [ 1,1,1 ]
        },
        "ground": {
            "rotation": [ 0, 0, 0 ],
            "translation": [ 0, 5, 0 ],
            "scale": [ 1, 1, 1 ]
        }
    }
}
