{
    "parent": "drpmedieval:block/barrels/barrel_closed",
    "display": {
		"gui": {
            "rotation": [ 30, 45, 0 ],
            "translation": [ 0, 0, 0 ],
            "scale": [ 0.75 ,0.75 ,0.75 ]
        },
		"firstperson_righthand": {
            "rotation": [ 0, 0, 0 ],
            "translation": [ 4, 0, 0 ],
            "scale": [ 0.5 ,0.5 ,0.5 ]
        },
        "firstperson_lefthand": {
            "rotation": [ 0, 0, 0 ],
            "translation": [ 4, 0, 0 ],
            "scale": [ 0.5 ,0.5 ,0.5 ]
        },
        "thirdperson_righthand": {
            "rotation": [ 0, 0, 0 ],
            "translation": [ 0, 5, 0 ],
            "scale": [ 0.5 ,0.5 ,0.5 ]
        },
        "thirdperson_lefthand": {
            "rotation": [ 0, 0, 0 ],
            "translation": [ 0, 5, 0 ],
            "scale": [ 0.5 ,0.5 ,0.5 ]
        },
        "head": {
            "rotation": [ 0, 0, 0 ],
            "translation": [ 0, 15, 0 ],
            "scale": [ 1,1,1 ]
        },
        "ground": {
            "rotation": [ 0, 0, 0 ],
            "translation": [ 0, 5, 0 ],
            "scale": [ 1, 1, 1 ]
        }
    }
}
