{
    "forge_marker": 1,
    "defaults": {
		"model": "cube_column",
        "textures":{
					"end": "drpmedieval:blocks/apple_wood/log_apple_top",
					"side": "drpmedieval:blocks/apple_wood/log_apple"
		},
        "transform": "forge:default-block"
    },
	"variants": {
		"axis":{
			"y":{},
			"z":{"x":90},
			"x":{"x":90, "y":90},
			"none":{}
		},
		"variant": {
			"apple":{
				"textures":{
					"end": "drpmedieval:blocks/apple_wood/log_apple_top",
					"side": "drpmedieval:blocks/apple_wood/log_apple"
				}
			},
			"pear":{
				"textures":{
					"end": "drpmedieval:blocks/apple_wood/log_apple_top",
					"side": "drpmedieval:blocks/apple_wood/log_apple"
				}
			}
		}
	}
}