{
	"__comment": "Designed by JTK222 with Cubik Studio - https://cubik.studio",
	"textures": {
		"particle": "drpmedieval:blocks/lantern/metal",
		"wax": "drpmedieval:blocks/lantern/beeswax",
		"wick": "drpmedieval:blocks/lantern/wick",
		"metal": "drpmedieval:blocks/lantern/metal",
		"glass": "drpmedieval:blocks/lantern/lamp_glass"
	},
	"elements": [ 	 
		{
			"__comment": "Box45",
			"from": [ 4.5, 9.5, 2.9998 ],
			"to": [ 13, 10, 4.4998 ],
			"faces": {
				"down": { "uv": [ 4.499997, 11.50022, 13, 13.00022 ], "texture": "#metal" },
				"up": { "uv": [ 4.499997, 2.999783, 13, 4.499783 ], "texture": "#metal" },
				"north": { "uv": [ 3.000003, 6, 11.5, 6.5 ], "texture": "#metal" },
				"south": { "uv": [ 4.499997, 6, 13, 6.5 ], "texture": "#metal" },
				"east": { "uv": [ 11.50022, 6, 13.00022, 6.5 ], "texture": "#metal" }
			}
		},
		{
			"__comment": "Box45",
			"from": [ 7, 13, 7.5 ],
			"to": [ 9, 13.5, 8.5 ],
			"faces": {
				"down": { "uv": [ 7, 7.5, 9, 8.5 ], "texture": "#metal" },
				"up": { "uv": [ 7, 7.5, 9, 8.5 ], "texture": "#metal" },
				"north": { "uv": [ 7, 2.5, 9, 3 ], "texture": "#metal" },
				"south": { "uv": [ 7, 2.5, 9, 3 ], "texture": "#metal" },
				"west": { "uv": [ 7.5, 2.5, 8.5, 3 ], "texture": "#metal" },
				"east": { "uv": [ 7.5, 2.5, 8.5, 3 ], "texture": "#metal" }
			}
		},
		{
			"__comment": "Box45",
			"from": [ 4.5, 0.5, 4.5 ],
			"to": [ 11, 1, 5 ],
			"faces": {
				"down": { "uv": [ 4.5, 11, 11, 11.5 ], "texture": "#metal" },
				"up": { "uv": [ 4.5, 4.5, 11, 5 ], "texture": "#metal" },
				"north": { "uv": [ 5, 15, 11.5, 15.5 ], "texture": "#metal" },
				"south": { "uv": [ 4.5, 15, 11, 15.5 ], "texture": "#metal" },
				"west": { "uv": [ 4.5, 15, 5, 15.5 ], "texture": "#metal" }
			}
		},
		{
			"__comment": "Box45",
			"from": [ 12, 6.5, 3.5 ],
			"to": [ 12.5, 9.5, 4 ],
			"faces": {
				"down": { "uv": [ 12.00001, 12, 12.50001, 12.5 ], "texture": "#metal" },
				"north": { "uv": [ 3.499994, 6.5, 3.999994, 9.5 ], "texture": "#metal" },
				"south": { "uv": [ 12.00001, 6.5, 12.50001, 9.5 ], "texture": "#metal" },
				"west": { "uv": [ 3.499999, 6.5, 3.999999, 9.5 ], "texture": "#metal" },
				"east": { "uv": [ 12, 6.5, 12.5, 9.5 ], "texture": "#metal" }
			}
		},
		{
			"__comment": "Box45",
			"from": [ 4.5, 0.5, 5 ],
			"to": [ 5, 1, 11.5 ],
			"faces": {
				"down": { "uv": [ 4.5, 4.5, 5, 11 ], "texture": "#metal" },
				"up": { "uv": [ 4.5, 5, 5, 11.5 ], "texture": "#metal" },
				"south": { "uv": [ 4.5, 15, 5, 15.5 ], "texture": "#metal" },
				"west": { "uv": [ 5, 15, 11.5, 15.5 ], "texture": "#metal" },
				"east": { "uv": [ 4.5, 15, 11, 15.5 ], "texture": "#metal" }
			}
		},
		{
			"__comment": "Box45",
			"from": [ 5, 0.5, 11 ],
			"to": [ 11.5, 1, 11.5 ],
			"faces": {
				"down": { "uv": [ 5, 4.5, 11.5, 5 ], "texture": "#metal" },
				"up": { "uv": [ 5, 11, 11.5, 11.5 ], "texture": "#metal" },
				"north": { "uv": [ 4.5, 15, 11, 15.5 ], "texture": "#metal" },
				"south": { "uv": [ 5, 15, 11.5, 15.5 ], "texture": "#metal" },
				"east": { "uv": [ 4.5, 15, 5, 15.5 ], "texture": "#metal" }
			}
		},
		{
			"__comment": "Box45",
			"from": [ 4.5, 1, 4.5 ],
			"to": [ 5, 3.5, 5 ],
			"faces": {
				"up": { "uv": [ 4.500006, 4.499999, 5.000006, 4.999999 ], "texture": "#metal" },
				"north": { "uv": [ 10.99999, 12.5, 11.49999, 15 ], "texture": "#metal" },
				"west": { "uv": [ 4.499999, 12.5, 4.999999, 15 ], "texture": "#metal" }
			}
		},
		{
			"__comment": "Box45",
			"from": [ 4, 3, 4 ],
			"to": [ 4.5, 7, 4.5 ],
			"faces": {
				"down": { "uv": [ 4.000006, 11.5, 4.500006, 12 ], "texture": "#metal" },
				"up": { "uv": [ 4.000006, 3.999999, 4.500006, 4.499999 ], "texture": "#metal" },
				"north": { "uv": [ 11.49999, 9, 11.99999, 13 ], "texture": "#metal" },
				"south": { "uv": [ 4.000006, 9, 4.500006, 13 ], "texture": "#metal" },
				"west": { "uv": [ 3.999999, 9, 4.499999, 13 ], "texture": "#metal" },
				"east": { "uv": [ 11.5, 9, 12, 13 ], "texture": "#metal" }
			}
		},
		{
			"__comment": "Box45",
			"from": [ 3.5, 6.5, 3.5 ],
			"to": [ 4, 9.5, 4 ],
			"faces": {
				"down": { "uv": [ 3.500006, 12, 4.000006, 12.5 ], "texture": "#metal" },
				"north": { "uv": [ 11.99999, 6.5, 12.49999, 9.5 ], "texture": "#metal" },
				"south": { "uv": [ 3.500006, 6.5, 4.000006, 9.5 ], "texture": "#metal" },
				"west": { "uv": [ 3.499999, 6.5, 3.999999, 9.5 ], "texture": "#metal" },
				"east": { "uv": [ 12, 6.5, 12.5, 9.5 ], "texture": "#metal" }
			}
		},
		{
			"__comment": "Box45",
			"from": [ 11, 1, 11 ],
			"to": [ 11.5, 3.5, 11.5 ],
			"faces": {
				"up": { "uv": [ 11.00001, 11, 11.50001, 11.5 ], "texture": "#metal" },
				"south": { "uv": [ 11.00001, 12.5, 11.50001, 15 ], "texture": "#metal" },
				"east": { "uv": [ 4.500001, 12.5, 5.000001, 15 ], "texture": "#metal" }
			}
		},
		{
			"__comment": "Box45",
			"from": [ 11.5, 3, 11.5 ],
			"to": [ 12, 7, 12 ],
			"faces": {
				"down": { "uv": [ 11.50001, 4.000001, 12.00001, 4.500001 ], "texture": "#metal" },
				"up": { "uv": [ 11.50001, 11.5, 12.00001, 12 ], "texture": "#metal" },
				"north": { "uv": [ 3.999994, 9, 4.499994, 13 ], "texture": "#metal" },
				"south": { "uv": [ 11.50001, 9, 12.00001, 13 ], "texture": "#metal" },
				"west": { "uv": [ 11.5, 9, 12, 13 ], "texture": "#metal" },
				"east": { "uv": [ 4.000001, 9, 4.500001, 13 ], "texture": "#metal" }
			}
		},
		{
			"__comment": "Box45",
			"from": [ 12, 6.5, 12 ],
			"to": [ 12.5, 9.5, 12.5 ],
			"faces": {
				"down": { "uv": [ 12.00001, 3.500001, 12.50001, 4.000001 ], "texture": "#metal" },
				"north": { "uv": [ 3.499994, 6.5, 3.999994, 9.5 ], "texture": "#metal" },
				"south": { "uv": [ 12.00001, 6.5, 12.50001, 9.5 ], "texture": "#metal" },
				"west": { "uv": [ 12, 6.5, 12.5, 9.5 ], "texture": "#metal" },
				"east": { "uv": [ 3.500001, 6.5, 4.000001, 9.5 ], "texture": "#metal" }
			}
		},
		{
			"__comment": "Box45",
			"from": [ 3.5, 6.5, 12 ],
			"to": [ 4, 9.5, 12.5 ],
			"faces": {
				"down": { "uv": [ 3.500006, 3.500001, 4.000006, 4.000001 ], "texture": "#metal" },
				"north": { "uv": [ 11.99999, 6.5, 12.49999, 9.5 ], "texture": "#metal" },
				"south": { "uv": [ 3.500006, 6.5, 4.000006, 9.5 ], "texture": "#metal" },
				"west": { "uv": [ 12, 6.5, 12.5, 9.5 ], "texture": "#metal" },
				"east": { "uv": [ 3.500001, 6.5, 4.000001, 9.5 ], "texture": "#metal" }
			}
		},
		{
			"__comment": "Box45",
			"from": [ 4.5, 1, 11 ],
			"to": [ 5, 3.5, 11.5 ],
			"faces": {
				"up": { "uv": [ 4.500006, 11, 5.000006, 11.5 ], "texture": "#metal" },
				"south": { "uv": [ 4.500006, 12.5, 5.000006, 15 ], "texture": "#metal" },
				"west": { "uv": [ 11, 12.5, 11.5, 15 ], "texture": "#metal" }
			}
		},
		{
			"__comment": "Box45",
			"from": [ 11, 1, 5 ],
			"to": [ 11.5, 3.5, 11 ],
			"faces": {
				"up": { "uv": [ 11, 5, 11.5, 11 ], "texture": "#glass" },
				"west": { "uv": [ 5, 12.5, 11, 15 ], "texture": "#glass" },
				"east": { "uv": [ 5, 12.5, 11, 15 ], "texture": "#glass" }
			}
		},
		{
			"__comment": "Box45",
			"from": [ 11, 0.5, 4.5 ],
			"to": [ 11.5, 1, 11 ],
			"faces": {
				"down": { "uv": [ 11, 5, 11.5, 11.5 ], "texture": "#metal" },
				"up": { "uv": [ 11, 4.5, 11.5, 11 ], "texture": "#metal" },
				"north": { "uv": [ 4.5, 15, 5, 15.5 ], "texture": "#metal" },
				"west": { "uv": [ 4.5, 15, 11, 15.5 ], "texture": "#metal" },
				"east": { "uv": [ 5, 15, 11.5, 15.5 ], "texture": "#metal" }
			}
		},
		{
			"__comment": "Box45",
			"from": [ 11.5, 9.5, 3.5 ],
			"to": [ 13, 10, 13 ],
			"faces": {
				"down": { "uv": [ 11.5, 3.000002, 13, 12.5 ], "texture": "#metal" },
				"up": { "uv": [ 11.5, 3.499998, 13, 13 ], "texture": "#metal" },
				"south": { "uv": [ 11.5, 6, 13, 6.5 ], "texture": "#metal" },
				"west": { "uv": [ 3.499998, 6, 13, 6.5 ], "texture": "#metal" },
				"east": { "uv": [ 3.000002, 6, 12.5, 6.5 ], "texture": "#metal" }
			}
		},
		{
			"__comment": "Box45",
			"from": [ 3, 9.5, 11.5 ],
			"to": [ 11.5, 10, 13 ],
			"faces": {
				"down": { "uv": [ 2.999989, 3, 11.49999, 4.5 ], "texture": "#metal" },
				"up": { "uv": [ 2.999989, 11.5, 11.49999, 13 ], "texture": "#metal" },
				"north": { "uv": [ 4.500011, 6, 13.00001, 6.5 ], "texture": "#metal" },
				"south": { "uv": [ 2.999989, 6, 11.49999, 6.5 ], "texture": "#metal" },
				"west": { "uv": [ 11.5, 6, 13, 6.5 ], "texture": "#metal" }
			}
		},
		{
			"__comment": "Box45",
			"from": [ 3, 9.5, 3 ],
			"to": [ 4.5, 10, 11.5 ],
			"faces": {
				"down": { "uv": [ 3, 4.5, 4.5, 13 ], "texture": "#metal" },
				"up": { "uv": [ 3, 3, 4.5, 11.5 ], "texture": "#metal" },
				"north": { "uv": [ 11.5, 6, 13, 6.5 ], "texture": "#metal" },
				"west": { "uv": [ 3, 6, 11.5, 6.5 ], "texture": "#metal" },
				"east": { "uv": [ 4.5, 6, 13, 6.5 ], "texture": "#metal" }
			}
		},
		{
			"__comment": "Box45",
			"from": [ 5, 0, 5 ],
			"to": [ 11, 0.5, 11 ],
			"faces": {
				"down": { "uv": [ 5, 5, 11, 11 ], "texture": "#metal", "cullface": "down" },
				"up": { "uv": [ 5, 5, 11, 11 ], "texture": "#metal" },
				"north": { "uv": [ 5, 15.5, 11, 16 ], "texture": "#metal" },
				"south": { "uv": [ 5, 15.5, 11, 16 ], "texture": "#metal" },
				"west": { "uv": [ 5, 15.5, 11, 16 ], "texture": "#metal" },
				"east": { "uv": [ 5, 15.5, 11, 16 ], "texture": "#metal" }
			}
		},
		{
			"__comment": "Box45",
			"from": [ 3.5, 9, 4 ],
			"to": [ 4, 9.5, 12 ],
			"faces": {
				"up": { "uv": [ 4, 11, 12, 11.5 ], "texture": "#metal", "rotation": 270 },
				"west": { "uv": [ 4, 6.5, 12, 7 ], "texture": "#metal" },
				"east": { "uv": [ 4, 6.5, 12, 7 ], "texture": "#metal" }
			}
		},
		{
			"__comment": "Box45",
			"from": [ 3.5, 10, 3.5 ],
			"to": [ 12.5, 10.5, 12.5 ],
			"faces": {
				"down": { "uv": [ 3.5, 3.5, 12.5, 12.5 ], "texture": "#metal" },
				"up": { "uv": [ 3.5, 3.5, 12.5, 12.5 ], "texture": "#metal" },
				"north": { "uv": [ 3.5, 5.5, 12.5, 6 ], "texture": "#metal" },
				"south": { "uv": [ 3.5, 5.5, 12.5, 6 ], "texture": "#metal" },
				"west": { "uv": [ 3.5, 5.5, 12.5, 6 ], "texture": "#metal" },
				"east": { "uv": [ 3.5, 5.5, 12.5, 6 ], "texture": "#metal" }
			}
		},
		{
			"__comment": "Box45",
			"from": [ 4, 9, 3.5 ],
			"to": [ 12, 9.5, 4 ],
			"faces": {
				"up": { "uv": [ 4, 3.5, 12, 4 ], "texture": "#metal" },
				"north": { "uv": [ 4, 6.5, 12, 7 ], "texture": "#metal" },
				"south": { "uv": [ 4, 6.5, 12, 7 ], "texture": "#metal" }
			}
		},
		{
			"__comment": "Box45",
			"from": [ 12, 9, 4 ],
			"to": [ 12.5, 9.5, 12 ],
			"faces": {
				"west": { "uv": [ 4, 6.5, 12, 7 ], "texture": "#metal" },
				"east": { "uv": [ 4, 6.5, 12, 7 ], "texture": "#metal" }
			}
		},
		{
			"__comment": "Box45",
			"from": [ 4, 9, 12 ],
			"to": [ 12, 9.5, 12.5 ],
			"faces": {
				"up": { "uv": [ 4, 12, 12, 12.5 ], "texture": "#metal" },
				"north": { "uv": [ 4, 6.5, 12, 7 ], "texture": "#metal" },
				"south": { "uv": [ 4, 6.5, 12, 7 ], "texture": "#metal" }
			}
		},
		{
			"__comment": "Box45",
			"from": [ 4, 10.5, 4 ],
			"to": [ 12, 11, 12 ],
			"faces": {
				"up": { "uv": [ 4, 4, 12, 12 ], "texture": "#metal" },
				"north": { "uv": [ 4, 5, 12, 5.5 ], "texture": "#metal" },
				"south": { "uv": [ 4, 5, 12, 5.5 ], "texture": "#metal" },
				"west": { "uv": [ 4, 5, 12, 5.5 ], "texture": "#metal" },
				"east": { "uv": [ 4, 5, 12, 5.5 ], "texture": "#metal" }
			}
		},
		{
			"__comment": "Box45",
			"from": [ 4.5, 11, 4.5 ],
			"to": [ 11.5, 11.5, 11.5 ],
			"faces": {
				"up": { "uv": [ 4.5, 4.5, 11.5, 11.5 ], "texture": "#metal" },
				"north": { "uv": [ 4.5, 4.5, 11.5, 5 ], "texture": "#metal" },
				"south": { "uv": [ 4.5, 4.5, 11.5, 5 ], "texture": "#metal" },
				"west": { "uv": [ 4.5, 4.5, 11.5, 5 ], "texture": "#metal" },
				"east": { "uv": [ 4.5, 4.5, 11.5, 5 ], "texture": "#metal" }
			}
		},
		{
			"__comment": "Box45",
			"from": [ 5.5, 11.5, 5.5 ],
			"to": [ 10.5, 12, 10.5 ],
			"faces": {
				"up": { "uv": [ 5.5, 5.5, 10.5, 10.5 ], "texture": "#metal" },
				"north": { "uv": [ 5.5, 4, 10.5, 4.5 ], "texture": "#metal" },
				"south": { "uv": [ 5.5, 4, 10.5, 4.5 ], "texture": "#metal" },
				"west": { "uv": [ 5.5, 4, 10.5, 4.5 ], "texture": "#metal" },
				"east": { "uv": [ 5.5, 4, 10.5, 4.5 ], "texture": "#metal" }
			}
		},
		{
			"__comment": "Box45",
			"from": [ 6.5, 12, 7.5 ],
			"to": [ 7, 13, 8.5 ],
			"faces": {
				"up": { "uv": [ 6.5, 7.5, 7, 8.5 ], "texture": "#metal" },
				"north": { "uv": [ 9, 3, 9.5, 4 ], "texture": "#metal" },
				"south": { "uv": [ 6.5, 3, 7, 4 ], "texture": "#metal" },
				"west": { "uv": [ 7.5, 3, 8.5, 4 ], "texture": "#metal" },
				"east": { "uv": [ 7.5, 3, 8.5, 4 ], "texture": "#metal" }
			}
		},
		{
			"__comment": "Box45",
			"from": [ 9, 12, 7.5 ],
			"to": [ 9.5, 13, 8.5 ],
			"faces": {
				"up": { "uv": [ 9, 7.5, 9.5, 8.5 ], "texture": "#metal" },
				"north": { "uv": [ 6.5, 3, 7, 4 ], "texture": "#metal" },
				"south": { "uv": [ 9, 3, 9.5, 4 ], "texture": "#metal" },
				"west": { "uv": [ 7.5, 3, 8.5, 4 ], "texture": "#metal" },
				"east": { "uv": [ 7.5, 3, 8.5, 4 ], "texture": "#metal" }
			}
		},
		{
			"__comment": "Box45",
			"from": [ 4, 3, 11.5 ],
			"to": [ 4.5, 7, 12 ],
			"faces": {
				"down": { "uv": [ 4.000006, 4.000001, 4.500006, 4.500001 ], "texture": "#metal" },
				"up": { "uv": [ 4.000006, 11.5, 4.500006, 12 ], "texture": "#metal" },
				"north": { "uv": [ 11.49999, 9, 11.99999, 13 ], "texture": "#metal" },
				"south": { "uv": [ 4.000006, 9, 4.500006, 13 ], "texture": "#metal" },
				"west": { "uv": [ 11.5, 9, 12, 13 ], "texture": "#metal" },
				"east": { "uv": [ 4.000001, 9, 4.500001, 13 ], "texture": "#metal" }
			}
		},
		{
			"__comment": "Box45",
			"from": [ 12, 7, 4 ],
			"to": [ 12.5, 9, 12 ],
			"faces": {
				"down": { "uv": [ 12, 3.999998, 12.5, 12 ], "texture": "#glass" },
				"west": { "uv": [ 4.000001, 7, 12, 9 ], "texture": "#glass" },
				"east": { "uv": [ 3.999999, 7, 12, 9 ], "texture": "#glass" }
			}
		},
		{
			"__comment": "Box45",
			"from": [ 11.5, 3.5, 4.5 ],
			"to": [ 12, 7, 11.5 ],
			"faces": {
				"down": { "uv": [ 11.5, 4.5, 12, 11.5 ], "texture": "#glass" },
				"up": { "uv": [ 11.5, 4.5, 12, 11.5 ], "texture": "#glass" },
				"west": { "uv": [ 4.5, 9, 11.5, 12.5 ], "texture": "#glass" },
				"east": { "uv": [ 4.5, 9, 11.5, 12.5 ], "texture": "#glass" }
			}
		},
		{
			"__comment": "Box45",
			"from": [ 4, 7, 12 ],
			"to": [ 12, 9, 12.5 ],
			"faces": {
				"down": { "uv": [ 3.999998, 3.500001, 12, 4.000001 ], "texture": "#glass" },
				"north": { "uv": [ 4.000002, 7, 12, 9 ], "texture": "#glass" },
				"south": { "uv": [ 3.999998, 7, 12, 9 ], "texture": "#glass" }
			}
		},
		{
			"__comment": "Box45",
			"from": [ 4.5, 3.5, 11.5 ],
			"to": [ 11.5, 7, 12 ],
			"faces": {
				"down": { "uv": [ 4.5, 4.000001, 11.5, 4.500001 ], "texture": "#glass" },
				"up": { "uv": [ 4.5, 11.5, 11.5, 12 ], "texture": "#glass" },
				"north": { "uv": [ 4.5, 9, 11.5, 12.5 ], "texture": "#glass" },
				"south": { "uv": [ 4.5, 9, 11.5, 12.5 ], "texture": "#glass" }
			}
		},
		{
			"__comment": "Box45",
			"from": [ 3.5, 7, 4 ],
			"to": [ 4, 9, 12 ],
			"faces": {
				"down": { "uv": [ 3.5, 4.000002, 4, 12 ], "texture": "#glass" },
				"west": { "uv": [ 3.999999, 7, 12, 9 ], "texture": "#glass" },
				"east": { "uv": [ 4.000001, 7, 12, 9 ], "texture": "#glass" }
			}
		},
		{
			"__comment": "Box45",
			"from": [ 4, 3.5, 4.5 ],
			"to": [ 4.5, 7, 11.5 ],
			"faces": {
				"down": { "uv": [ 4, 4.5, 4.5, 11.5 ], "texture": "#glass" },
				"up": { "uv": [ 4, 4.5, 4.5, 11.5 ], "texture": "#glass" },
				"west": { "uv": [ 4.5, 9, 11.5, 12.5 ], "texture": "#glass" },
				"east": { "uv": [ 4.5, 9, 11.5, 12.5 ], "texture": "#glass" }
			}
		},
		{
			"__comment": "Box45",
			"from": [ 4, 7, 3.5 ],
			"to": [ 12, 9, 4 ],
			"faces": {
				"down": { "uv": [ 4.000001, 12, 12, 12.5 ], "texture": "#glass" },
				"north": { "uv": [ 3.999999, 7, 12, 9 ], "texture": "#glass" },
				"south": { "uv": [ 4.000001, 7, 12, 9 ], "texture": "#glass" }
			}
		},
		{
			"__comment": "Box45",
			"from": [ 4.5, 3.5, 4 ],
			"to": [ 11.5, 7, 4.5 ],
			"faces": {
				"down": { "uv": [ 4.5, 11.5, 11.5, 12 ], "texture": "#glass" },
				"up": { "uv": [ 4.5, 4, 11.5, 4.5 ], "texture": "#glass" },
				"north": { "uv": [ 4.5, 9, 11.5, 12.5 ], "texture": "#glass" },
				"south": { "uv": [ 4.5, 9, 11.5, 12.5 ], "texture": "#glass" }
			}
		},
		{
			"__comment": "Box45",
			"from": [ 5, 1, 11 ],
			"to": [ 11, 3.5, 11.5 ],
			"faces": {
				"up": { "uv": [ 5, 11, 11, 11.5 ], "texture": "#glass" },
				"north": { "uv": [ 5, 12.5, 11, 15 ], "texture": "#glass" },
				"south": { "uv": [ 5, 12.5, 11, 15 ], "texture": "#glass" }
			}
		},
		{
			"__comment": "Box45",
			"from": [ 4.5, 1, 5 ],
			"to": [ 5, 3.5, 11 ],
			"faces": {
				"up": { "uv": [ 4.5, 5, 5, 11 ], "texture": "#glass" },
				"west": { "uv": [ 5, 12.5, 11, 15 ], "texture": "#glass" },
				"east": { "uv": [ 5, 12.5, 11, 15 ], "texture": "#glass" }
			}
		},
		{
			"__comment": "Box45",
			"from": [ 5, 1, 4.5 ],
			"to": [ 11, 3.5, 5 ],
			"faces": {
				"up": { "uv": [ 5, 4.5, 11, 5 ], "texture": "#glass" },
				"north": { "uv": [ 5, 12.5, 11, 15 ], "texture": "#glass" },
				"south": { "uv": [ 5, 12.5, 11, 15 ], "texture": "#glass" }
			}
		},
		{
			"__comment": "Box45",
			"from": [ 11.5, 3, 4 ],
			"to": [ 12, 7, 4.5 ],
			"faces": {
				"down": { "uv": [ 11.50001, 11.5, 12.00001, 12 ], "texture": "#metal" },
				"up": { "uv": [ 11.50001, 3.999999, 12.00001, 4.499999 ], "texture": "#metal" },
				"north": { "uv": [ 3.999994, 9, 4.499994, 13 ], "texture": "#metal" },
				"south": { "uv": [ 11.50001, 9, 12.00001, 13 ], "texture": "#metal" },
				"west": { "uv": [ 3.999999, 9, 4.499999, 13 ], "texture": "#metal" },
				"east": { "uv": [ 11.5, 9, 12, 13 ], "texture": "#metal" }
			}
		},
		{
			"__comment": "Box46",
			"from": [ 3.75, 6.341, 3.7375 ],
			"to": [ 4.25, 6.841, 11.7375 ],
			"rotation": { "origin": [ 3.5, 5.5, 4.500001 ], "axis": "x", "angle": 22.5 },
			"faces": {
				"down": { "uv": [ 4.4916, 11.75, 12.4916, 12.25 ], "texture": "#metal", "rotation": 90 },
				"up": { "uv": [ 4.4916, 3.75, 12.4916, 4.25 ], "texture": "#metal", "rotation": 270 },
				"north": { "uv": [ 11.75, 11.9927, 12.25, 12.4927 ], "texture": "#metal" },
				"south": { "uv": [ 3.75, 11.9927, 4.25, 12.4927 ], "texture": "#metal" },
				"west": { "uv": [ 3.5084, 11.9927, 11.5084, 12.4927 ], "texture": "#metal" },
				"east": { "uv": [ 4.4916, 11.9927, 12.4916, 12.4927 ], "texture": "#metal" }
			}
		},
		{
			"__comment": "Box46",
			"from": [ 3.76, 3.841, 4.7374 ],
			"to": [ 4.26, 4.341, 12.7374 ],
			"rotation": { "origin": [ 3.5, 3, 5.500001 ], "axis": "x", "angle": -22.5 },
			"faces": {
				"down": { "uv": [ 4.135263, 11.75, 12.13526, 12.25 ], "texture": "#metal", "rotation": 90 },
				"up": { "uv": [ 4.135263, 3.75, 12.13526, 4.25 ], "texture": "#metal", "rotation": 270 },
				"north": { "uv": [ 11.75, 8.953359, 12.25, 9.453359 ], "texture": "#metal" },
				"south": { "uv": [ 3.75, 8.953359, 4.25, 9.453359 ], "texture": "#metal" },
				"west": { "uv": [ 3.864737, 8.953359, 11.86474, 9.453359 ], "texture": "#metal" },
				"east": { "uv": [ 4.135263, 8.953359, 12.13526, 9.453359 ], "texture": "#metal" }
			}
		},
		{
			"__comment": "Box46",
			"from": [ 4.2625, 6.341, 3.75 ],
			"to": [ 12.2625, 6.841, 4.25 ],
			"rotation": { "origin": [ 11.5, 5.5, 3.5 ], "axis": "z", "angle": 22.5 },
			"faces": {
				"down": { "uv": [ 4.4916, 11.75, 12.4916, 12.25 ], "texture": "#metal" },
				"up": { "uv": [ 4.4916, 3.75, 12.4916, 4.25 ], "texture": "#metal" },
				"north": { "uv": [ 3.5084, 11.9927, 11.5084, 12.4927 ], "texture": "#metal" },
				"south": { "uv": [ 4.4916, 11.9927, 12.4916, 12.4927 ], "texture": "#metal" },
				"west": { "uv": [ 3.75, 11.9927, 4.25, 12.4927 ], "texture": "#metal" },
				"east": { "uv": [ 11.75, 11.9927, 12.25, 12.4927 ], "texture": "#metal" }
			}
		},
		{
			"__comment": "Box46",
			"from": [ 3.2626, 3.841, 3.76 ],
			"to": [ 11.2626, 4.341, 4.26 ],
			"rotation": { "origin": [ 10.5, 3, 3.5 ], "axis": "z", "angle": -22.5 },
			"faces": {
				"down": { "uv": [ 4.135263, 11.75, 12.13526, 12.25 ], "texture": "#metal" },
				"up": { "uv": [ 4.135263, 3.75, 12.13526, 4.25 ], "texture": "#metal" },
				"north": { "uv": [ 3.864737, 8.953359, 11.86474, 9.453359 ], "texture": "#metal" },
				"south": { "uv": [ 4.135263, 8.953359, 12.13526, 9.453359 ], "texture": "#metal" },
				"west": { "uv": [ 3.75, 8.953359, 4.25, 9.453359 ], "texture": "#metal" },
				"east": { "uv": [ 11.75, 8.953359, 12.25, 9.453359 ], "texture": "#metal" }
			}
		},
		{
			"__comment": "Box46",
			"from": [ 11.75, 6.341, 4.2625 ],
			"to": [ 12.25, 6.841, 12.2625 ],
			"rotation": { "origin": [ 12.5, 5.5, 11.5 ], "axis": "x", "angle": -22.5 },
			"faces": {
				"down": { "uv": [ 4.4916, 11.75, 12.4916, 12.25 ], "texture": "#metal", "rotation": 270 },
				"up": { "uv": [ 4.4916, 3.75, 12.4916, 4.25 ], "texture": "#metal", "rotation": 90 },
				"north": { "uv": [ 3.75, 11.9927, 4.25, 12.4927 ], "texture": "#metal" },
				"south": { "uv": [ 11.75, 11.9927, 12.25, 12.4927 ], "texture": "#metal" },
				"west": { "uv": [ 4.4916, 11.9927, 12.4916, 12.4927 ], "texture": "#metal" },
				"east": { "uv": [ 3.5084, 11.9927, 11.5084, 12.4927 ], "texture": "#metal" }
			}
		},
		{
			"__comment": "Box46",
			"from": [ 11.74, 3.841, 3.2626 ],
			"to": [ 12.24, 4.341, 11.2626 ],
			"rotation": { "origin": [ 12.5, 3, 10.5 ], "axis": "x", "angle": 22.5 },
			"faces": {
				"down": { "uv": [ 4.135263, 11.75, 12.13526, 12.25 ], "texture": "#metal", "rotation": 270 },
				"up": { "uv": [ 4.135263, 3.75, 12.13526, 4.25 ], "texture": "#metal", "rotation": 90 },
				"north": { "uv": [ 3.75, 8.953359, 4.25, 9.453359 ], "texture": "#metal" },
				"south": { "uv": [ 11.75, 8.953359, 12.25, 9.453359 ], "texture": "#metal" },
				"west": { "uv": [ 4.135263, 8.953359, 12.13526, 9.453359 ], "texture": "#metal" },
				"east": { "uv": [ 3.864737, 8.953359, 11.86474, 9.453359 ], "texture": "#metal" }
			}
		},
		{
			"__comment": "Box46",
			"from": [ 3.7375, 6.341, 11.75 ],
			"to": [ 11.7375, 6.841, 12.25 ],
			"rotation": { "origin": [ 4.5, 5.5, 12.5 ], "axis": "z", "angle": -22.5 },
			"faces": {
				"down": { "uv": [ 4.4916, 11.75, 12.4916, 12.25 ], "texture": "#metal", "rotation": 180 },
				"up": { "uv": [ 4.4916, 3.75, 12.4916, 4.25 ], "texture": "#metal", "rotation": 180 },
				"north": { "uv": [ 4.4916, 11.9927, 12.4916, 12.4927 ], "texture": "#metal" },
				"south": { "uv": [ 3.5084, 11.9927, 11.5084, 12.4927 ], "texture": "#metal" },
				"west": { "uv": [ 11.75, 11.9927, 12.25, 12.4927 ], "texture": "#metal" },
				"east": { "uv": [ 3.75, 11.9927, 4.25, 12.4927 ], "texture": "#metal" }
			}
		},
		{
			"__comment": "Box46",
			"from": [ 4.7374, 3.841, 11.74 ],
			"to": [ 12.7374, 4.341, 12.24 ],
			"rotation": { "origin": [ 5.5, 3, 12.5 ], "axis": "z", "angle": 22.5 },
			"faces": {
				"down": { "uv": [ 4.135263, 11.75, 12.13526, 12.25 ], "texture": "#metal", "rotation": 180 },
				"up": { "uv": [ 4.135263, 3.75, 12.13526, 4.25 ], "texture": "#metal", "rotation": 180 },
				"north": { "uv": [ 4.135263, 8.953359, 12.13526, 9.453359 ], "texture": "#metal" },
				"south": { "uv": [ 3.864737, 8.953359, 11.86474, 9.453359 ], "texture": "#metal" },
				"west": { "uv": [ 11.75, 8.953359, 12.25, 9.453359 ], "texture": "#metal" },
				"east": { "uv": [ 3.75, 8.953359, 4.25, 9.453359 ], "texture": "#metal" }
			}
		},
		{
			"__comment": "Box45",
			"from": [ 11, 1, 4.5 ],
			"to": [ 11.5, 3.5, 5 ],
			"faces": {
				"up": { "uv": [ 11.00001, 4.499999, 11.50001, 4.999999 ], "texture": "#metal" },
				"north": { "uv": [ 4.499994, 12.5, 4.999994, 15 ], "texture": "#metal" },
				"east": { "uv": [ 11, 12.5, 11.5, 15 ], "texture": "#metal" }
			}
		},
		{
			"__comment": "Box45",
			"from": [ 6.5, 0.5, 6.5 ],
			"to": [ 7, 1, 7 ],
			"faces": {
				"up": { "uv": [ 6.5, 6.5, 7, 7 ], "texture": "#metal" },
				"north": { "uv": [ 9, 15, 9.5, 15.5 ], "texture": "#metal" },
				"south": { "uv": [ 6.5, 15, 7, 15.5 ], "texture": "#metal" },
				"west": { "uv": [ 6.5, 15, 7, 15.5 ], "texture": "#metal" },
				"east": { "uv": [ 9, 15, 9.5, 15.5 ], "texture": "#metal" }
			}
		},
		{
			"__comment": "Box45",
			"from": [ 6.25, 0.5, 7 ],
			"to": [ 6.75, 1, 9 ],
			"faces": {
				"up": { "uv": [ 6.25, 7, 6.75, 9 ], "texture": "#metal" },
				"north": { "uv": [ 9.25, 15, 9.75, 15.5 ], "texture": "#metal" },
				"south": { "uv": [ 6.25, 15, 6.75, 15.5 ], "texture": "#metal" },
				"west": { "uv": [ 7, 15, 9, 15.5 ], "texture": "#metal" },
				"east": { "uv": [ 7, 15, 9, 15.5 ], "texture": "#metal" }
			}
		},
		{
			"__comment": "Box45",
			"from": [ 9, 0.5, 6.5 ],
			"to": [ 9.5, 1, 7 ],
			"faces": {
				"up": { "uv": [ 9, 6.5, 9.5, 7 ], "texture": "#metal" },
				"north": { "uv": [ 6.5, 15, 7, 15.5 ], "texture": "#metal" },
				"south": { "uv": [ 9, 15, 9.5, 15.5 ], "texture": "#metal" },
				"west": { "uv": [ 6.5, 15, 7, 15.5 ], "texture": "#metal" },
				"east": { "uv": [ 9, 15, 9.5, 15.5 ], "texture": "#metal" }
			}
		},
		{
			"__comment": "Box45",
			"from": [ 7, 0.5, 6.25 ],
			"to": [ 9, 1, 6.75 ],
			"faces": {
				"up": { "uv": [ 7, 6.25, 9, 6.75 ], "texture": "#metal" },
				"north": { "uv": [ 7, 15, 9, 15.5 ], "texture": "#metal" },
				"south": { "uv": [ 7, 15, 9, 15.5 ], "texture": "#metal" },
				"west": { "uv": [ 6.25, 15, 6.75, 15.5 ], "texture": "#metal" },
				"east": { "uv": [ 9.25, 15, 9.75, 15.5 ], "texture": "#metal" }
			}
		},
		{
			"__comment": "Box45",
			"from": [ 9, 0.5, 9 ],
			"to": [ 9.5, 1, 9.5 ],
			"faces": {
				"up": { "uv": [ 9, 9, 9.5, 9.5 ], "texture": "#metal" },
				"north": { "uv": [ 6.5, 15, 7, 15.5 ], "texture": "#metal" },
				"south": { "uv": [ 9, 15, 9.5, 15.5 ], "texture": "#metal" },
				"west": { "uv": [ 9, 15, 9.5, 15.5 ], "texture": "#metal" },
				"east": { "uv": [ 6.5, 15, 7, 15.5 ], "texture": "#metal" }
			}
		},
		{
			"__comment": "Box45",
			"from": [ 9.25, 0.5, 7 ],
			"to": [ 9.75, 1, 9 ],
			"faces": {
				"up": { "uv": [ 9.25, 7, 9.75, 9 ], "texture": "#metal" },
				"north": { "uv": [ 6.25, 15, 6.75, 15.5 ], "texture": "#metal" },
				"south": { "uv": [ 9.25, 15, 9.75, 15.5 ], "texture": "#metal" },
				"west": { "uv": [ 7, 15, 9, 15.5 ], "texture": "#metal" },
				"east": { "uv": [ 7, 15, 9, 15.5 ], "texture": "#metal" }
			}
		},
		{
			"__comment": "Box45",
			"from": [ 6.5, 0.5, 9 ],
			"to": [ 7, 1, 9.5 ],
			"faces": {
				"up": { "uv": [ 6.5, 9, 7, 9.5 ], "texture": "#metal" },
				"north": { "uv": [ 9, 15, 9.5, 15.5 ], "texture": "#metal" },
				"south": { "uv": [ 6.5, 15, 7, 15.5 ], "texture": "#metal" },
				"west": { "uv": [ 9, 15, 9.5, 15.5 ], "texture": "#metal" },
				"east": { "uv": [ 6.5, 15, 7, 15.5 ], "texture": "#metal" }
			}
		},
		{
			"__comment": "Box45",
			"from": [ 7, 0.5, 9.25 ],
			"to": [ 9, 1, 9.75 ],
			"faces": {
				"up": { "uv": [ 7, 9.25, 9, 9.75 ], "texture": "#metal" },
				"north": { "uv": [ 7, 15, 9, 15.5 ], "texture": "#metal" },
				"south": { "uv": [ 7, 15, 9, 15.5 ], "texture": "#metal" },
				"west": { "uv": [ 9.25, 15, 9.75, 15.5 ], "texture": "#metal" },
				"east": { "uv": [ 6.25, 15, 6.75, 15.5 ], "texture": "#metal" }
			}
		}
	],
	"display": {
		"thirdperson_righthand": {
			"translation":  [ 0, 2.0869, 0 ]
		},
		"thirdperson_lefthand": {
			"translation":  [ 0, 2.0869, 0 ]
		},
		"firstperson_righthand": {
			"translation":  [ 0, 4, 0 ]
		},
		"firstperson_lefthand": {
			"translation":  [ 0, 4, 0 ]
		},
		"gui": {
			"rotation":  [ 35, 25, 0 ],
			"translation":  [ 0, 5, 0 ],
			"scale":  [ 1.5, 1.5, 1.5 ]
		},
		"head": {
			"translation":  [ 0, 23, 0 ],
			"scale":  [ 2, 2, 2 ]
		},
		"ground": {
			"translation":  [ 0, 6, 0 ]
		},
		"fixed": {
			"translation":  [ 0, 7.5, 0 ],
			"scale":  [ 2, 2, 2 ]
		}
	}
}