{
    "__comment": "model generated using mr_crayfish's model creator (http://mrcrayfish.com/modelcreator/)",
    "textures": {
		"particle": "drpmedieval:blocks/mugs/mug",
        "0": "drpmedieval:blocks/mugs/mug"
    },
    "elements": [
        {
            "name": "beer",
            "from": [ 6.5, 0.0, 6.5 ], 
            "to": [ 9.5, 6.0, 9.5 ], 
            "faces": {
                "north": { "texture": "#0", "uv": [ 0.0, 0.0, 3.0, 6.0 ] },
                "east": { "texture": "#0", "uv": [ 0.0, 0.0, 3.0, 6.0 ] },
                "south": { "texture": "#0", "uv": [ 0.0, 0.0, 3.0, 6.0 ] },
                "west": { "texture": "#0", "uv": [ 0.0, 0.0, 3.0, 6.0 ] },
                "up": { "texture": "#0", "uv": [ 0.0, 13.0, 3.0, 16.0 ] },
                "down": { "texture": "#0", "uv": [ 3.0, 13.0, 6.0, 16.0 ] }
            }
        },
        {
            "name": "north",
            "from": [ 6.5, 0.0, 5.5 ], 
            "to": [ 9.5, 7.0, 6.5 ], 
            "faces": {
                "north": { "texture": "#0", "uv": [ 0.0, 0.0, 3.0, 7.0 ] },
                "east": { "texture": "#0", "uv": [ 0.0, 0.0, 1.0, 7.0 ] },
                "south": { "texture": "#0", "uv": [ 2.0, 0.0, 5.0, 6.0 ] },
                "west": { "texture": "#0", "uv": [ 0.0, 0.0, 1.0, 7.0 ] },
                "up": { "texture": "#0", "uv": [ 2.0, 0.0, 5.0, 1.0 ] },
                "down": { "texture": "#0", "uv": [ 0.0, 0.0, 3.0, 1.0 ] }
            }
        },
        {
            "name": "east",
            "from": [ 9.5, 0.0, 6.5 ], 
            "to": [ 10.5, 7.0, 9.5 ], 
            "faces": {
                "north": { "texture": "#0", "uv": [ 0.0, 0.0, 1.0, 7.0 ] },
                "east": { "texture": "#0", "uv": [ 0.0, 0.0, 3.0, 7.0 ] },
                "south": { "texture": "#0", "uv": [ 0.0, 0.0, 1.0, 7.0 ] },
                "west": { "texture": "#0", "uv": [ 0.0, 0.0, 3.0, 7.0 ] },
                "up": { "texture": "#0", "uv": [ 1.0, 2.0, 2.0, 5.0 ] },
                "down": { "texture": "#0", "uv": [ 3.0, 2.0, 4.0, 5.0 ] }
            }
        },
        {
            "name": "north_east",
            "from": [ 9.3, 0.0, 6.0 ], 
            "to": [ 10.3, 7.0, 7.0 ], 
            "rotation": { "origin": [ 9.5, 0.0, 6.5 ], "axis": "y", "angle": 45.0 },
            "faces": {
                "north": { "texture": "#0", "uv": [ 12.0, 0.0, 13.0, 7.0 ] },
                "east": { "texture": "#0", "uv": [ 13.0, 0.0, 14.0, 7.0 ] },
                "south": { "texture": "#0", "uv": [ 0.0, 0.0, 1.0, 7.0 ] },
                "west": { "texture": "#0", "uv": [ 0.0, 0.0, 1.0, 7.0 ] },
                "up": { "texture": "#0", "uv": [ 12.0, 0.0, 13.0, 1.0 ] },
                "down": { "texture": "#0", "uv": [ 9.0, 0.0, 10.0, 1.0 ] }
            }
        },
        {
            "name": "south_east",
            "from": [ 9.0, 0.0, 9.3 ], 
            "to": [ 10.0, 7.0, 10.3 ], 
            "rotation": { "origin": [ 9.5, 0.0, 9.5 ], "axis": "y", "angle": 45.0 },
            "faces": {
                "north": { "texture": "#0", "uv": [ 11.0, 0.0, 12.0, 7.0 ] },
                "east": { "texture": "#0", "uv": [ 5.0, 0.0, 6.0, 7.0 ] },
                "south": { "texture": "#0", "uv": [ 7.0, 0.0, 8.0, 7.0 ] },
                "west": { "texture": "#0", "uv": [ 2.0, 0.0, 3.0, 7.0 ] },
                "up": { "texture": "#0", "uv": [ 8.0, 2.0, 9.0, 3.0 ] },
                "down": { "texture": "#0", "uv": [ 8.0, 3.0, 9.0, 4.0 ] }
            }
        },
        {
            "name": "south_west",
            "from": [ 5.7, 0.0, 9.0 ], 
            "to": [ 6.7, 7.0, 10.0 ], 
            "rotation": { "origin": [ 6.5, 0.0, 9.5 ], "axis": "y", "angle": 45.0 },
            "faces": {
                "north": { "texture": "#0", "uv": [ 7.0, 0.0, 8.0, 7.0 ] },
                "east": { "texture": "#0", "uv": [ 8.0, 0.0, 9.0, 7.0 ] },
                "south": { "texture": "#0", "uv": [ 7.0, 0.0, 8.0, 7.0 ] },
                "west": { "texture": "#0", "uv": [ 4.0, 0.0, 5.0, 7.0 ] },
                "up": { "texture": "#0", "uv": [ 3.0, 0.0, 4.0, 1.0 ] },
                "down": { "texture": "#0", "uv": [ 7.0, 0.0, 8.0, 1.0 ] }
            }
        },
        {
            "name": "south",
            "from": [ 6.5, 0.0, 9.5 ], 
            "to": [ 9.5, 7.0, 10.5 ], 
            "faces": {
                "north": { "texture": "#0", "uv": [ 10.0, 0.0, 13.0, 7.0 ] },
                "east": { "texture": "#0", "uv": [ 5.0, 0.0, 6.0, 7.0 ] },
                "south": { "texture": "#0", "uv": [ 8.0, 0.0, 11.0, 7.0 ] },
                "west": { "texture": "#0", "uv": [ 8.0, 0.0, 9.0, 7.0 ] },
                "up": { "texture": "#0", "uv": [ 7.0, 2.0, 10.0, 3.0 ] },
                "down": { "texture": "#0", "uv": [ 3.0, 6.0, 6.0, 7.0 ] }
            }
        },
        {
            "name": "west",
            "from": [ 5.5, 0.0, 6.5 ], 
            "to": [ 6.5, 7.0, 9.5 ], 
            "faces": {
                "north": { "texture": "#0", "uv": [ 3.0, 0.0, 4.0, 7.0 ] },
                "east": { "texture": "#0", "uv": [ 0.0, 0.0, 3.0, 7.0 ] },
                "south": { "texture": "#0", "uv": [ 3.0, 0.0, 4.0, 7.0 ] },
                "west": { "texture": "#0", "uv": [ 2.0, 0.0, 5.0, 7.0 ] },
                "up": { "texture": "#0", "uv": [ 5.0, 2.0, 6.0, 5.0 ] },
                "down": { "texture": "#0", "uv": [ 4.0, 2.0, 5.0, 5.0 ] }
            }
        },
        {
            "name": "north_west",
            "from": [ 6.0, 0.0, 5.7 ], 
            "to": [ 7.0, 7.0, 6.7 ], 
            "rotation": { "origin": [ 6.5, 0.0, 6.5 ], "axis": "y", "angle": 45.0 },
            "faces": {
                "north": { "texture": "#0", "uv": [ 0.0, 0.0, 1.0, 7.0 ] },
                "east": { "texture": "#0", "uv": [ 0.0, 0.0, 1.0, 7.0 ] },
                "south": { "texture": "#0", "uv": [ 0.0, 0.0, 1.0, 7.0 ] },
                "west": { "texture": "#0", "uv": [ 0.0, 0.0, 1.0, 7.0 ] },
                "up": { "texture": "#0", "uv": [ 0.0, 0.0, 1.0, 1.0 ] },
                "down": { "texture": "#0", "uv": [ 0.0, 0.0, 1.0, 1.0 ] }
            }
        },
        {
            "name": "cube",
            "from": [ 3.0, 5.5, 7.5 ], 
            "to": [ 6.0, 6.5, 8.5 ], 
            "faces": {
                "north": { "texture": "#0", "uv": [ 0.0, 7.0, 3.0, 8.0 ] },
                "east": { "texture": "#0", "uv": [ 1.0, 9.0, 2.0, 10.0 ] },
                "south": { "texture": "#0", "uv": [ 1.0, 9.0, 4.0, 10.0 ] },
                "west": { "texture": "#0", "uv": [ 1.0, 8.0, 2.0, 9.0 ] },
                "up": { "texture": "#0", "uv": [ 0.0, 10.0, 3.0, 11.0 ] },
                "down": { "texture": "#0", "uv": [ 0.0, 10.0, 3.0, 11.0 ] }
            }
        },
        {
            "name": "cube",
            "from": [ 4.0, 0.5, 7.5 ], 
            "to": [ 6.0, 1.5, 8.5 ], 
            "rotation": { "origin": [ 5.5, 1.0, 8.0 ], "axis": "z", "angle": -22.5 },
            "faces": {
                "north": { "texture": "#0", "uv": [ 0.0, 8.0, 2.0, 9.0 ] },
                "east": { "texture": "#0", "uv": [ 3.0, 11.0, 4.0, 12.0 ] },
                "south": { "texture": "#0", "uv": [ 1.0, 9.0, 3.0, 10.0 ] },
                "west": { "texture": "#0", "uv": [ 1.0, 10.0, 2.0, 11.0 ] },
                "up": { "texture": "#0", "uv": [ 1.0, 11.0, 3.0, 12.0 ] },
                "down": { "texture": "#0", "uv": [ 1.0, 10.0, 3.0, 11.0 ] }
            }
        },
        {
            "name": "cube",
            "from": [ 2.0, 1.0, 7.5 ], 
            "to": [ 5.0, 2.0, 8.5 ], 
            "rotation": { "origin": [ 4.5, 2.0, 8.0 ], "axis": "z", "angle": -45.0 },
            "faces": {
                "north": { "texture": "#0", "uv": [ 0.0, 9.0, 3.0, 10.0 ] },
                "east": { "texture": "#0", "uv": [ 0.0, 11.0, 1.0, 12.0 ] },
                "south": { "texture": "#0", "uv": [ 0.0, 10.0, 3.0, 11.0 ] },
                "west": { "texture": "#0", "uv": [ 2.0, 10.0, 3.0, 11.0 ] },
                "up": { "texture": "#0", "uv": [ 0.0, 9.0, 3.0, 10.0 ] },
                "down": { "texture": "#0", "uv": [ 0.0, 10.0, 3.0, 11.0 ] }
            }
        },
        {
            "name": "cube",
            "from": [ 2.0, 3.0, 7.5 ], 
            "to": [ 3.0, 5.5, 8.5 ], 
            "faces": {
                "north": { "texture": "#0", "uv": [ 3.0, 10.0, 4.0, 12.5 ] },
                "east": { "texture": "#0", "uv": [ 1.0, 10.0, 2.0, 12.5 ] },
                "south": { "texture": "#0", "uv": [ 2.0, 10.0, 3.0, 12.5 ] },
                "west": { "texture": "#0", "uv": [ 1.0, 9.0, 2.0, 11.5 ] },
                "up": { "texture": "#0", "uv": [ 0.0, 8.0, 1.0, 9.0 ] },
                "down": { "texture": "#0", "uv": [ 2.0, 11.0, 3.0, 12.0 ] }
            }
        },
        {
            "name": "cube",
            "from": [ 2.5, 5.3, 7.5 ], 
            "to": [ 3.5, 6.3, 8.5 ], 
            "rotation": { "origin": [ 3.0, 5.5, 8.0 ], "axis": "z", "angle": 45.0 },
            "faces": {
                "north": { "texture": "#0", "uv": [ 1.0, 8.0, 2.0, 9.0 ] },
                "east": { "texture": "#0", "uv": [ 3.0, 9.0, 4.0, 10.0 ] },
                "south": { "texture": "#0", "uv": [ 1.0, 11.0, 2.0, 12.0 ] },
                "west": { "texture": "#0", "uv": [ 0.0, 8.0, 1.0, 9.0 ] },
                "up": { "texture": "#0", "uv": [ 1.0, 10.0, 2.0, 11.0 ] },
                "down": { "texture": "#0", "uv": [ 2.0, 9.0, 3.0, 10.0 ] }
            }
        }
    ]
}
