{
	"credit": "Made for Dark Roleplay",
	"textures": {
		"0": "drpmedieval:blocks/decoration/advent_wreath/leaves",
		"1": "drpmedieval:blocks/decoration/advent_wreath/candle",
		"2": "drpmedieval:blocks/candles/wick",
		"particle": "drpmedieval:blocks/decoration/advent_wreath/leaves"
	},
	"elements": [
		{
			"name": "octagon",
			"from": [4.68629, 0, 0],
			"to": [11.31371, 3, 1],
			"rotation": {"angle": 45, "axis": "y", "origin": [8, 1.5, 8]},
			"faces": {
				"north": {"uv": [3, 12, 9.62742, 15], "texture": "#0"},
				"east": {"uv": [2, 9, 2, 9], "texture": "#0"},
				"south": {"uv": [8, 12, 14.62742, 15], "texture": "#0"},
				"west": {"uv": [7, 15, 7, 15], "texture": "#0"}
			}
		},
		{
			"name": "octagon",
			"from": [4.68629, 0, 0],
			"to": [11.31371, 3, 1],
			"faces": {
				"north": {"uv": [1, 11, 7.62742, 14], "texture": "#0"},
				"east": {"uv": [3, 8, 3, 8], "texture": "#0"},
				"south": {"uv": [6, 11, 12.62742, 14], "texture": "#0"},
				"west": {"uv": [5, 12, 5, 12], "texture": "#0"}
			}
		},
		{
			"name": "octagon",
			"from": [4.68629, 0, 15],
			"to": [11.31371, 3, 16],
			"rotation": {"angle": 45, "axis": "y", "origin": [8, 1.5, 8]},
			"faces": {
				"north": {"uv": [1, 5, 7.62742, 8], "texture": "#0"},
				"east": {"uv": [0, 9, 0, 9], "texture": "#0"},
				"south": {"uv": [0, 4, 6.62735, 7], "texture": "#0"},
				"west": {"uv": [10, 14, 10, 14], "texture": "#0"}
			}
		},
		{
			"name": "octagon",
			"from": [4.68629, 0, 15],
			"to": [11.31371, 3, 16],
			"faces": {
				"north": {"uv": [7, 10, 13.62742, 13], "texture": "#0"},
				"east": {"uv": [2, 2, 2, 2], "texture": "#0"},
				"south": {"uv": [3, 10, 9.62735, 13], "texture": "#0"},
				"west": {"uv": [11, 0, 11, 0], "texture": "#0"}
			}
		},
		{
			"name": "octagon",
			"from": [0, 0, 4.68629],
			"to": [1, 3, 11.31371],
			"rotation": {"angle": 45, "axis": "y", "origin": [8, 1.5, 8]},
			"faces": {
				"north": {"uv": [7, 12, 7, 12], "texture": "#0"},
				"east": {"uv": [2, 2, 8.62742, 5], "texture": "#0"},
				"south": {"uv": [4, 3, 4, 3], "texture": "#0"},
				"west": {"uv": [4, 5, 10.62742, 8], "texture": "#0"}
			}
		},
		{
			"name": "octagon",
			"from": [0, 0, 4.68629],
			"to": [1, 3, 11.31371],
			"faces": {
				"north": {"uv": [1, 1, 1, 1], "texture": "#0"},
				"east": {"uv": [1, 3, 7.62742, 6], "texture": "#0"},
				"south": {"uv": [12, 1, 12, 1], "texture": "#0"},
				"west": {"uv": [1, 1, 7.62742, 4], "texture": "#0"}
			}
		},
		{
			"name": "octagon",
			"from": [15, 0, 4.68629],
			"to": [16, 3, 11.31371],
			"rotation": {"angle": 45, "axis": "y", "origin": [8, 1.5, 8]},
			"faces": {
				"north": {"uv": [12, 1, 12, 1], "texture": "#0"},
				"east": {"uv": [3, 5, 9.62742, 8], "texture": "#0"},
				"south": {"uv": [6, 8, 6, 8], "texture": "#0"},
				"west": {"uv": [4, 3, 10.62742, 6], "texture": "#0"}
			}
		},
		{
			"name": "octagon",
			"from": [15, 0, 4.68629],
			"to": [16, 3, 11.31371],
			"faces": {
				"north": {"uv": [0, 13, 0, 13], "texture": "#0"},
				"east": {"uv": [1, 0, 7.62735, 3], "texture": "#0"},
				"south": {"uv": [15, 11, 15, 11], "texture": "#0"},
				"west": {"uv": [7, 8, 13.62742, 11], "texture": "#0"}
			}
		},
		{
			"name": "octagon",
			"from": [5.10051, 0, 1],
			"to": [10.89949, 3, 2],
			"shade": false,
			"rotation": {"angle": 45, "axis": "y", "origin": [8, 1.5, 8]},
			"faces": {
				"north": {"uv": [3, 7, 8.79899, 10], "texture": "#0"},
				"east": {"uv": [12, 8, 12, 8], "texture": "#0"},
				"south": {"uv": [10, 9, 15.79899, 12], "texture": "#0"},
				"west": {"uv": [9, 0, 9, 0], "texture": "#0"}
			}
		},
		{
			"name": "octagon",
			"from": [5.10051, 0, 1],
			"to": [10.89949, 3, 2],
			"shade": false,
			"faces": {
				"north": {"uv": [6, 5, 11.79899, 8], "texture": "#0"},
				"east": {"uv": [4, 9, 4, 9], "texture": "#0"},
				"south": {"uv": [8, 1, 13.79899, 4], "texture": "#0"},
				"west": {"uv": [4, 7, 4, 7], "texture": "#0"}
			}
		},
		{
			"name": "octagon",
			"from": [5.10051, 0, 14],
			"to": [10.89949, 3, 15],
			"shade": false,
			"rotation": {"angle": 45, "axis": "y", "origin": [8, 1.5, 8]},
			"faces": {
				"north": {"uv": [7, 1, 12.79899, 4], "texture": "#0"},
				"east": {"uv": [9, 15, 9, 15], "texture": "#0"},
				"south": {"uv": [9, 4, 14.79845, 7], "texture": "#0"},
				"west": {"uv": [3, 15, 3, 15], "texture": "#0"}
			}
		},
		{
			"name": "octagon",
			"from": [5.10051, 0, 14],
			"to": [10.89949, 3, 15],
			"shade": false,
			"faces": {
				"north": {"uv": [3, 12, 8.79899, 15], "texture": "#0"},
				"east": {"uv": [4, 14, 4, 14], "texture": "#0"},
				"south": {"uv": [8, 7, 13.79845, 10], "texture": "#0"},
				"west": {"uv": [12, 14, 12, 14], "texture": "#0"}
			}
		},
		{
			"name": "octagon",
			"from": [1, 0, 5.10051],
			"to": [2, 3, 10.89949],
			"shade": false,
			"rotation": {"angle": 45, "axis": "y", "origin": [8, 1.5, 8]},
			"faces": {
				"north": {"uv": [4, 1, 4, 1], "texture": "#0"},
				"east": {"uv": [7, 1, 12.79899, 4], "texture": "#0"},
				"south": {"uv": [9, 10, 9, 10], "texture": "#0"},
				"west": {"uv": [9, 11, 14.79898, 14], "texture": "#0"}
			}
		},
		{
			"name": "octagon",
			"from": [1, 0, 5.10051],
			"to": [2, 3, 10.89949],
			"shade": false,
			"faces": {
				"north": {"uv": [14, 14, 14, 14], "texture": "#0"},
				"east": {"uv": [0, 5, 5.79899, 8], "texture": "#0"},
				"south": {"uv": [5, 0, 5, 0], "texture": "#0"},
				"west": {"uv": [10, 7, 15.79898, 10], "texture": "#0"}
			}
		},
		{
			"name": "octagon",
			"from": [14, 0, 5.10051],
			"to": [15, 3, 10.89949],
			"shade": false,
			"rotation": {"angle": 45, "axis": "y", "origin": [8, 1.5, 8]},
			"faces": {
				"north": {"uv": [12, 15, 12, 15], "texture": "#0"},
				"east": {"uv": [9, 7, 14.79845, 10], "texture": "#0"},
				"south": {"uv": [3, 6, 3, 6], "texture": "#0"},
				"west": {"uv": [9, 8, 14.79898, 11], "texture": "#0"}
			}
		},
		{
			"name": "octagon",
			"from": [14, 0, 5.10051],
			"to": [15, 3, 10.89949],
			"shade": false,
			"faces": {
				"north": {"uv": [4, 11, 4, 11], "texture": "#0"},
				"east": {"uv": [2, 1, 7.79899, 4], "texture": "#0"},
				"south": {"uv": [7, 6, 7, 6], "texture": "#0"},
				"west": {"uv": [2, 1, 7.79898, 4], "texture": "#0"}
			}
		},
		{
			"name": "octagon",
			"from": [5.51472, 0, 2],
			"to": [10.48528, 3, 3],
			"rotation": {"angle": 45, "axis": "y", "origin": [8, 1.5, 8]},
			"faces": {
				"north": {"uv": [1, 10, 5.97056, 13], "texture": "#0"},
				"east": {"uv": [10, 11, 10, 11], "texture": "#0"},
				"south": {"uv": [1, 11, 5.97056, 14], "texture": "#0"},
				"west": {"uv": [5, 11, 5, 11], "texture": "#0"}
			}
		},
		{
			"name": "octagon",
			"from": [5.51472, 0, 2],
			"to": [10.48528, 3, 3],
			"faces": {
				"north": {"uv": [6, 1, 10.97056, 4], "texture": "#0"},
				"east": {"uv": [2, 14, 2, 14], "texture": "#0"},
				"south": {"uv": [2, 11, 6.97056, 14], "texture": "#0"},
				"west": {"uv": [2, 10, 2, 10], "texture": "#0"}
			}
		},
		{
			"name": "octagon",
			"from": [5.51472, 0, 13],
			"to": [10.48528, 3, 14],
			"rotation": {"angle": 45, "axis": "y", "origin": [8, 1.5, 8]},
			"faces": {
				"north": {"uv": [5, 5, 9.97056, 8], "texture": "#0"},
				"east": {"uv": [15, 10, 15, 10], "texture": "#0"},
				"south": {"uv": [9, 2, 13.97032, 5], "texture": "#0"},
				"west": {"uv": [1, 10, 1, 10], "texture": "#0"}
			}
		},
		{
			"name": "octagon",
			"from": [5.51472, 0, 13],
			"to": [10.48528, 3, 14],
			"faces": {
				"north": {"uv": [3, 0, 7.97056, 3], "texture": "#0"},
				"east": {"uv": [13, 3, 13, 3], "texture": "#0"},
				"south": {"uv": [8, 6, 12.97032, 9], "texture": "#0"},
				"west": {"uv": [15, 6, 15, 6], "texture": "#0"}
			}
		},
		{
			"name": "octagon",
			"from": [2, 0, 5.51472],
			"to": [3, 3, 10.48528],
			"rotation": {"angle": 45, "axis": "y", "origin": [8, 1.5, 8]},
			"faces": {
				"north": {"uv": [12, 13, 12, 13], "texture": "#0"},
				"east": {"uv": [9, 5, 13.97056, 8], "texture": "#0"},
				"south": {"uv": [15, 8, 15, 8], "texture": "#0"},
				"west": {"uv": [0, 2, 4.97056, 5], "texture": "#0"}
			}
		},
		{
			"name": "octagon",
			"from": [2, 0, 5.51472],
			"to": [3, 3, 10.48528],
			"faces": {
				"north": {"uv": [8, 5, 8, 5], "texture": "#0"},
				"east": {"uv": [10, 7, 14.97056, 10], "texture": "#0"},
				"south": {"uv": [2, 0, 2, 0], "texture": "#0"},
				"west": {"uv": [4, 0, 8.97056, 3], "texture": "#0"}
			}
		},
		{
			"name": "octagon",
			"from": [13, 0, 5.51472],
			"to": [14, 3, 10.48528],
			"rotation": {"angle": 45, "axis": "y", "origin": [8, 1.5, 8]},
			"faces": {
				"north": {"uv": [8, 1, 8, 1], "texture": "#0"},
				"east": {"uv": [2, 12, 6.97032, 15], "texture": "#0"},
				"south": {"uv": [2, 15, 2, 15], "texture": "#0"},
				"west": {"uv": [3, 4, 7.97056, 7], "texture": "#0"}
			}
		},
		{
			"name": "octagon",
			"from": [13, 0, 5.51472],
			"to": [14, 3, 10.48528],
			"faces": {
				"north": {"uv": [14, 3, 14, 3], "texture": "#0"},
				"east": {"uv": [9, 3, 13.97032, 6], "texture": "#0"},
				"south": {"uv": [2, 14, 2, 14], "texture": "#0"},
				"west": {"uv": [5, 5, 9.97056, 8], "texture": "#0"}
			}
		},
		{
			"name": "octagon",
			"from": [4.68629, 0, 0],
			"to": [11.31371, 3, 3],
			"rotation": {"angle": 45, "axis": "y", "origin": [8, 1.5, 8]},
			"faces": {
				"up": {"uv": [9, 10, 15.62742, 13], "texture": "#0"},
				"down": {"uv": [1, 5, 7.62742, 8], "texture": "#0"}
			}
		},
		{
			"name": "octagon",
			"from": [4.68629, 0.001, 0],
			"to": [11.31371, 3.001, 3],
			"faces": {
				"up": {"uv": [5, 12, 11.62742, 15], "texture": "#0"},
				"down": {"uv": [0, 6, 6.62742, 9], "texture": "#0"}
			}
		},
		{
			"name": "octagon",
			"from": [4.68629, 0, 13],
			"to": [11.31371, 3, 16],
			"rotation": {"angle": 45, "axis": "y", "origin": [8, 1.5, 8]},
			"faces": {
				"up": {"uv": [5, 9, 11.62742, 12], "texture": "#0"},
				"down": {"uv": [4, 4, 10.62742, 7], "texture": "#0"}
			}
		},
		{
			"name": "octagon",
			"from": [4.68629, 0.001, 13],
			"to": [11.31371, 3.001, 16],
			"faces": {
				"up": {"uv": [4, 2, 10.62742, 5], "texture": "#0"},
				"down": {"uv": [7, 4, 13.62742, 7], "texture": "#0"}
			}
		},
		{
			"name": "octagon",
			"from": [0, 0, 4.68629],
			"to": [3, 3, 11.31371],
			"rotation": {"angle": 45, "axis": "y", "origin": [8, 1.5, 8]},
			"faces": {
				"up": {"uv": [3, 0, 6, 6.62742], "texture": "#0"},
				"down": {"uv": [5, 2, 8, 8.62742], "texture": "#0"}
			}
		},
		{
			"name": "octagon",
			"from": [0, 0.001, 4.68629],
			"to": [3, 3.001, 11.31371],
			"faces": {
				"up": {"uv": [0, 8, 3, 14.62742], "texture": "#0"},
				"down": {"uv": [10, 7, 13, 13.62742], "texture": "#0"}
			}
		},
		{
			"name": "octagon",
			"from": [13, 0, 4.68629],
			"to": [16, 3, 11.31371],
			"rotation": {"angle": 45, "axis": "y", "origin": [8, 1.5, 8]},
			"faces": {
				"up": {"uv": [9, 2, 12, 8.62742], "texture": "#0"},
				"down": {"uv": [7, 7, 10, 13.62742], "texture": "#0"}
			}
		},
		{
			"name": "octagon",
			"from": [13, 0.001, 4.68629],
			"to": [16, 3.001, 11.31371],
			"faces": {
				"up": {"uv": [0, 8, 3, 14.62742], "texture": "#0"},
				"down": {"uv": [9, 4, 12, 10.62742], "texture": "#0"}
			}
		},
		{
			"from": [0, 3, 6.5],
			"to": [3, 9, 9.5],
			"faces": {
				"north": {"uv": [0, 10, 3, 16], "texture": "#1"},
				"east": {"uv": [9, 10, 12, 16], "texture": "#1"},
				"south": {"uv": [3, 10, 6, 16], "texture": "#1"},
				"west": {"uv": [6, 10, 9, 16], "texture": "#1"},
				"up": {"uv": [13, 10, 16, 13], "texture": "#1"},
				"down": {"uv": [13, 13, 16, 16], "texture": "#1"}
			}
		},
		{
			"from": [0.25, 3, 6.75],
			"to": [2.75, 8.75, 9.25],
			"faces": {
				"north": {"uv": [0, 0, 2.5, 5.75], "texture": "#1"},
				"east": {"uv": [9, 0, 11.5, 5.75], "texture": "#1"},
				"south": {"uv": [3, 0, 5.5, 5.75], "texture": "#1"},
				"west": {"uv": [6, 0, 8.5, 5.75], "texture": "#1"}
			}
		},
		{
			"from": [1.25, 9, 7.75],
			"to": [1.75, 10, 8.25],
			"faces": {
				"north": {"uv": [0, 0, 0.5, 1], "texture": "#2"},
				"east": {"uv": [0, 0, 0.5, 1], "texture": "#2"},
				"south": {"uv": [0, 0, 0.5, 1], "texture": "#2"},
				"west": {"uv": [0, 0, 0.5, 1], "texture": "#2"},
				"up": {"uv": [0, 0, 0.5, 0.5], "texture": "#2"},
				"down": {"uv": [0, 0, 0.5, 0.5], "texture": "#2"}
			}
		},
		{
			"from": [6.5, 3, 0],
			"to": [9.5, 9, 3],
			"faces": {
				"north": {"uv": [0, 10, 3, 16], "texture": "#1"},
				"east": {"uv": [9, 10, 12, 16], "texture": "#1"},
				"south": {"uv": [3, 10, 6, 16], "texture": "#1"},
				"west": {"uv": [6, 10, 9, 16], "texture": "#1"},
				"up": {"uv": [13, 10, 16, 13], "texture": "#1"},
				"down": {"uv": [13, 13, 16, 16], "texture": "#1"}
			}
		},
		{
			"from": [6.75, 3, 0.25],
			"to": [9.25, 8.75, 2.75],
			"faces": {
				"north": {"uv": [0, 0, 2.5, 5.75], "texture": "#1"},
				"east": {"uv": [9, 0, 11.5, 5.75], "texture": "#1"},
				"south": {"uv": [3, 0, 5.5, 5.75], "texture": "#1"},
				"west": {"uv": [6, 0, 8.5, 5.75], "texture": "#1"}
			}
		},
		{
			"from": [7.75, 9, 1.25],
			"to": [8.25, 10, 1.75],
			"faces": {
				"north": {"uv": [0, 0, 0.5, 1], "texture": "#2"},
				"east": {"uv": [0, 0, 0.5, 1], "texture": "#2"},
				"south": {"uv": [0, 0, 0.5, 1], "texture": "#2"},
				"west": {"uv": [0, 0, 0.5, 1], "texture": "#2"},
				"up": {"uv": [0, 0, 0.5, 0.5], "texture": "#2"},
				"down": {"uv": [0, 0, 0.5, 0.5], "texture": "#2"}
			}
		},
		{
			"from": [6.5, 3, 13],
			"to": [9.5, 9, 16],
			"faces": {
				"north": {"uv": [0, 10, 3, 16], "texture": "#1"},
				"east": {"uv": [9, 10, 12, 16], "texture": "#1"},
				"south": {"uv": [3, 10, 6, 16], "texture": "#1"},
				"west": {"uv": [6, 10, 9, 16], "texture": "#1"},
				"up": {"uv": [13, 10, 16, 13], "texture": "#1"},
				"down": {"uv": [13, 13, 16, 16], "texture": "#1"}
			}
		},
		{
			"from": [6.75, 3, 13.25],
			"to": [9.25, 8.75, 15.75],
			"faces": {
				"north": {"uv": [0, 0, 2.5, 5.75], "texture": "#1"},
				"east": {"uv": [9, 0, 11.5, 5.75], "texture": "#1"},
				"south": {"uv": [3, 0, 5.5, 5.75], "texture": "#1"},
				"west": {"uv": [6, 0, 8.5, 5.75], "texture": "#1"}
			}
		},
		{
			"from": [7.75, 9, 14.25],
			"to": [8.25, 10, 14.75],
			"faces": {
				"north": {"uv": [0, 0, 0.5, 1], "texture": "#2"},
				"east": {"uv": [0, 0, 0.5, 1], "texture": "#2"},
				"south": {"uv": [0, 0, 0.5, 1], "texture": "#2"},
				"west": {"uv": [0, 0, 0.5, 1], "texture": "#2"},
				"up": {"uv": [0, 0, 0.5, 0.5], "texture": "#2"},
				"down": {"uv": [0, 0, 0.5, 0.5], "texture": "#2"}
			}
		},
		{
			"from": [13, 3, 6.5],
			"to": [16, 9, 9.5],
			"faces": {
				"north": {"uv": [0, 10, 3, 16], "texture": "#1"},
				"east": {"uv": [9, 10, 12, 16], "texture": "#1"},
				"south": {"uv": [3, 10, 6, 16], "texture": "#1"},
				"west": {"uv": [6, 10, 9, 16], "texture": "#1"},
				"up": {"uv": [13, 10, 16, 13], "texture": "#1"},
				"down": {"uv": [13, 13, 16, 16], "texture": "#1"}
			}
		},
		{
			"from": [13.25, 3, 6.75],
			"to": [15.75, 8.75, 9.25],
			"faces": {
				"north": {"uv": [0, 0, 2.5, 5.75], "texture": "#1"},
				"east": {"uv": [9, 0, 11.5, 5.75], "texture": "#1"},
				"south": {"uv": [3, 0, 5.5, 5.75], "texture": "#1"},
				"west": {"uv": [6, 0, 8.5, 5.75], "texture": "#1"}
			}
		},
		{
			"from": [14.25, 9, 7.75],
			"to": [14.75, 10, 8.25],
			"faces": {
				"north": {"uv": [0, 0, 0.5, 1], "texture": "#2"},
				"east": {"uv": [0, 0, 0.5, 1], "texture": "#2"},
				"south": {"uv": [0, 0, 0.5, 1], "texture": "#2"},
				"west": {"uv": [0, 0, 0.5, 1], "texture": "#2"},
				"up": {"uv": [0, 0, 0.5, 0.5], "texture": "#2"},
				"down": {"uv": [0, 0, 0.5, 0.5], "texture": "#2"}
			}
		}
	],
	"groups": [
		{
			"name": "octagon",
			"children": []
		},
		{
			"name": "outer_ring",
			"children": [0, 1, 2, 3, 4, 5, 6, 7]
		},
		{
			"name": "center_ring",
			"shade": false,
			"children": [8, 9, 10, 11, 12, 13, 14, 15]
		},
		{
			"name": "inner_ring",
			"children": [16, 17, 18, 19, 20, 21, 22, 23]
		},
		{
			"name": "octagon",
			"children": [24, 25, 26, 27, 28, 29, 30, 31]
		},
		{
			"name": "candle_1",
			"children": [32, 33, 34]
		},
		{
			"name": "candle_1",
			"children": [35, 36, 37]
		},
		{
			"name": "candle_1",
			"children": [38, 39, 40]
		},
		{
			"name": "candle_1",
			"children": [41, 42, 43]
		}
	]
}