{
	"type":"wood",
	"outputs":[
		"drpmedieval:textures/blocks/barrels/%wood%_barrel_side",
		"drpmedieval:textures/blocks/barrels/%wood%_barrel_top"
	],
	"required_textures":[
		"drpmedieval:arg/textures/overlays/barrel_side.png",
		"drpmedieval:arg/textures/overlays/barrel_top.png"
	],
	"textures":[
		{
			"base":"planks",
			"manipulations":[
				{
					"type":"rotate",
					"angle":90
				},
				{
					"type":"overlay",
					"texture":0
				}
			],
			"output":"drpmedieval:textures/blocks/barrels/%wood%_barrel_side"
		},
		{
			"base":"planks",
			"manipulations":[
				{
					"type":"rotate",
					"angle":90
				},
				{
					"type":"overlay",
					"texture":1
				}
			],
			"output":"drpmedieval:textures/blocks/barrels/%wood%_barrel_top"
		}
	]
}