{
	"required_textures":[
		"drpmedieval:argh/textures/textures/timbered_clay.png",
		"drpmedieval:argh/textures/masks/timbered_clay/double_diagonal_t_bt.png", "drpmedieval:argh/textures/overlays/timbered_clay/double_diagonal_t_bt.png",
		"drpmedieval:argh/textures/masks/timbered_clay/double_diagonal_b_bt.png", "drpmedieval:argh/textures/overlays/timbered_clay/double_diagonal_b_bt.png",
		"drpmedieval:argh/textures/masks/timbered_clay/double_diagonal_t_tb.png", "drpmedieval:argh/textures/overlays/timbered_clay/double_diagonal_t_tb.png",
		"drpmedieval:argh/textures/masks/timbered_clay/double_diagonal_b_tb.png", "drpmedieval:argh/textures/overlays/timbered_clay/double_diagonal_b_tb.png"
	],
	"textures":[
		{"base":"clean_plank", "manipulations":[{"type":"mask","texture":"1"},{"type":"overlay","texture":"2"}], "cache":"%wood%_double_diagonal_t_bt"},
		{"base":"clean_plank", "manipulations":[{"type":"mask","texture":"3"},{"type":"overlay","texture":"4"}], "cache":"%wood%_double_diagonal_b_bt"},
		{"base":"clean_plank", "manipulations":[{"type":"mask","texture":"5"},{"type":"overlay","texture":"6"}], "cache":"%wood%_double_diagonal_t_tb"},
		{"base":"clean_plank", "manipulations":[{"type":"mask","texture":"7"},{"type":"overlay","texture":"8"}], "cache":"%wood%_double_diagonal_b_tb"},
	
		{"base":0, "manipulations":[{"type":"overlay","cached_texture":"%wood%_double_diagonal_t_bt"}], "output":"drpmedieval:textures/blocks/timbered_clay/double_diagonal_t_bt/%wood%_timbered_clay_0000"},
		{"base":0, "manipulations":[{"type":"overlay","cached_texture":"%wood%_double_diagonal_t_bt"}, {"type":"overlay","cached_texture":"%wood%_timbered_clay_top"}], "output":"drpmedieval:textures/blocks/timbered_clay/double_diagonal_t_bt/%wood%_timbered_clay_1000"},
		{"base":0, "manipulations":[{"type":"overlay","cached_texture":"%wood%_double_diagonal_t_bt"}, {"type":"overlay","cached_texture":"%wood%_timbered_clay_right"}], "output":"drpmedieval:textures/blocks/timbered_clay/double_diagonal_t_bt/%wood%_timbered_clay_0100"},
		{"base":0, "manipulations":[{"type":"overlay","cached_texture":"%wood%_double_diagonal_t_bt"}, {"type":"overlay","cached_texture":"%wood%_timbered_clay_top"}, {"type":"overlay","cached_texture":"%wood%_timbered_clay_right"}], "output":"drpmedieval:textures/blocks/timbered_clay/double_diagonal_t_bt/%wood%_timbered_clay_1100"},
		{"base":0, "manipulations":[{"type":"overlay","cached_texture":"%wood%_double_diagonal_t_bt"}, {"type":"overlay","cached_texture":"%wood%_timbered_clay_bottom"}], "output":"drpmedieval:textures/blocks/timbered_clay/double_diagonal_t_bt/%wood%_timbered_clay_0010"},
		{"base":0, "manipulations":[{"type":"overlay","cached_texture":"%wood%_double_diagonal_t_bt"}, {"type":"overlay","cached_texture":"%wood%_timbered_clay_top"}, {"type":"overlay","cached_texture":"%wood%_timbered_clay_bottom"}], "output":"drpmedieval:textures/blocks/timbered_clay/double_diagonal_t_bt/%wood%_timbered_clay_1010"},
		{"base":0, "manipulations":[{"type":"overlay","cached_texture":"%wood%_double_diagonal_t_bt"}, {"type":"overlay","cached_texture":"%wood%_timbered_clay_right"}, {"type":"overlay","cached_texture":"%wood%_timbered_clay_bottom"}], "output":"drpmedieval:textures/blocks/timbered_clay/double_diagonal_t_bt/%wood%_timbered_clay_0110"},
		{"base":0, "manipulations":[{"type":"overlay","cached_texture":"%wood%_double_diagonal_t_bt"}, {"type":"overlay","cached_texture":"%wood%_timbered_clay_top"}, {"type":"overlay","cached_texture":"%wood%_timbered_clay_right"}, {"type":"overlay","cached_texture":"%wood%_timbered_clay_bottom"}], "output":"drpmedieval:textures/blocks/timbered_clay/double_diagonal_t_bt/%wood%_timbered_clay_1110"},
		{"base":0, "manipulations":[{"type":"overlay","cached_texture":"%wood%_double_diagonal_t_bt"}, {"type":"overlay","cached_texture":"%wood%_timbered_clay_left"}], "output":"drpmedieval:textures/blocks/timbered_clay/double_diagonal_t_bt/%wood%_timbered_clay_0001"},
		{"base":0, "manipulations":[{"type":"overlay","cached_texture":"%wood%_double_diagonal_t_bt"}, {"type":"overlay","cached_texture":"%wood%_timbered_clay_top"}, {"type":"overlay","cached_texture":"%wood%_timbered_clay_left"}], "output":"drpmedieval:textures/blocks/timbered_clay/double_diagonal_t_bt/%wood%_timbered_clay_1001"},
		{"base":0, "manipulations":[{"type":"overlay","cached_texture":"%wood%_double_diagonal_t_bt"}, {"type":"overlay","cached_texture":"%wood%_timbered_clay_right"}, {"type":"overlay","cached_texture":"%wood%_timbered_clay_left"}], "output":"drpmedieval:textures/blocks/timbered_clay/double_diagonal_t_bt/%wood%_timbered_clay_0101"},
		{"base":0, "manipulations":[{"type":"overlay","cached_texture":"%wood%_double_diagonal_t_bt"}, {"type":"overlay","cached_texture":"%wood%_timbered_clay_top"}, {"type":"overlay","cached_texture":"%wood%_timbered_clay_right"}, {"type":"overlay","cached_texture":"%wood%_timbered_clay_left"}], "output":"drpmedieval:textures/blocks/timbered_clay/double_diagonal_t_bt/%wood%_timbered_clay_1101"},
		{"base":0, "manipulations":[{"type":"overlay","cached_texture":"%wood%_double_diagonal_t_bt"}, {"type":"overlay","cached_texture":"%wood%_timbered_clay_bottom"}, {"type":"overlay","cached_texture":"%wood%_timbered_clay_left"}], "output":"drpmedieval:textures/blocks/timbered_clay/double_diagonal_t_bt/%wood%_timbered_clay_0011"},
		{"base":0, "manipulations":[{"type":"overlay","cached_texture":"%wood%_double_diagonal_t_bt"}, {"type":"overlay","cached_texture":"%wood%_timbered_clay_top"}, {"type":"overlay","cached_texture":"%wood%_timbered_clay_bottom"}, {"type":"overlay","cached_texture":"%wood%_timbered_clay_left"}], "output":"drpmedieval:textures/blocks/timbered_clay/double_diagonal_t_bt/%wood%_timbered_clay_1011"},
		{"base":0, "manipulations":[{"type":"overlay","cached_texture":"%wood%_double_diagonal_t_bt"}, {"type":"overlay","cached_texture":"%wood%_timbered_clay_right"}, {"type":"overlay","cached_texture":"%wood%_timbered_clay_bottom"}, {"type":"overlay","cached_texture":"%wood%_timbered_clay_left"}], "output":"drpmedieval:textures/blocks/timbered_clay/double_diagonal_t_bt/%wood%_timbered_clay_0111"},
		{"base":0, "manipulations":[{"type":"overlay","cached_texture":"%wood%_double_diagonal_t_bt"}, {"type":"overlay","cached_texture":"%wood%_timbered_clay_top"}, {"type":"overlay","cached_texture":"%wood%_timbered_clay_right"}, {"type":"overlay","cached_texture":"%wood%_timbered_clay_bottom"}, {"type":"overlay","cached_texture":"%wood%_timbered_clay_left"}], "output":"drpmedieval:textures/blocks/timbered_clay/double_diagonal_t_bt/%wood%_timbered_clay_1111"},
	
		{"base":0, "manipulations":[{"type":"overlay","cached_texture":"%wood%_double_diagonal_b_bt"}], "output":"drpmedieval:textures/blocks/timbered_clay/double_diagonal_b_bt/%wood%_timbered_clay_0000"},
		{"base":0, "manipulations":[{"type":"overlay","cached_texture":"%wood%_double_diagonal_b_bt"}, {"type":"overlay","cached_texture":"%wood%_timbered_clay_top"}], "output":"drpmedieval:textures/blocks/timbered_clay/double_diagonal_b_bt/%wood%_timbered_clay_1000"},
		{"base":0, "manipulations":[{"type":"overlay","cached_texture":"%wood%_double_diagonal_b_bt"}, {"type":"overlay","cached_texture":"%wood%_timbered_clay_right"}], "output":"drpmedieval:textures/blocks/timbered_clay/double_diagonal_b_bt/%wood%_timbered_clay_0100"},
		{"base":0, "manipulations":[{"type":"overlay","cached_texture":"%wood%_double_diagonal_b_bt"}, {"type":"overlay","cached_texture":"%wood%_timbered_clay_top"}, {"type":"overlay","cached_texture":"%wood%_timbered_clay_right"}], "output":"drpmedieval:textures/blocks/timbered_clay/double_diagonal_b_bt/%wood%_timbered_clay_1100"},
		{"base":0, "manipulations":[{"type":"overlay","cached_texture":"%wood%_double_diagonal_b_bt"}, {"type":"overlay","cached_texture":"%wood%_timbered_clay_bottom"}], "output":"drpmedieval:textures/blocks/timbered_clay/double_diagonal_b_bt/%wood%_timbered_clay_0010"},
		{"base":0, "manipulations":[{"type":"overlay","cached_texture":"%wood%_double_diagonal_b_bt"}, {"type":"overlay","cached_texture":"%wood%_timbered_clay_top"}, {"type":"overlay","cached_texture":"%wood%_timbered_clay_bottom"}], "output":"drpmedieval:textures/blocks/timbered_clay/double_diagonal_b_bt/%wood%_timbered_clay_1010"},
		{"base":0, "manipulations":[{"type":"overlay","cached_texture":"%wood%_double_diagonal_b_bt"}, {"type":"overlay","cached_texture":"%wood%_timbered_clay_right"}, {"type":"overlay","cached_texture":"%wood%_timbered_clay_bottom"}], "output":"drpmedieval:textures/blocks/timbered_clay/double_diagonal_b_bt/%wood%_timbered_clay_0110"},
		{"base":0, "manipulations":[{"type":"overlay","cached_texture":"%wood%_double_diagonal_b_bt"}, {"type":"overlay","cached_texture":"%wood%_timbered_clay_top"}, {"type":"overlay","cached_texture":"%wood%_timbered_clay_right"}, {"type":"overlay","cached_texture":"%wood%_timbered_clay_bottom"}], "output":"drpmedieval:textures/blocks/timbered_clay/double_diagonal_b_bt/%wood%_timbered_clay_1110"},
		{"base":0, "manipulations":[{"type":"overlay","cached_texture":"%wood%_double_diagonal_b_bt"}, {"type":"overlay","cached_texture":"%wood%_timbered_clay_left"}], "output":"drpmedieval:textures/blocks/timbered_clay/double_diagonal_b_bt/%wood%_timbered_clay_0001"},
		{"base":0, "manipulations":[{"type":"overlay","cached_texture":"%wood%_double_diagonal_b_bt"}, {"type":"overlay","cached_texture":"%wood%_timbered_clay_top"}, {"type":"overlay","cached_texture":"%wood%_timbered_clay_left"}], "output":"drpmedieval:textures/blocks/timbered_clay/double_diagonal_b_bt/%wood%_timbered_clay_1001"},
		{"base":0, "manipulations":[{"type":"overlay","cached_texture":"%wood%_double_diagonal_b_bt"}, {"type":"overlay","cached_texture":"%wood%_timbered_clay_right"}, {"type":"overlay","cached_texture":"%wood%_timbered_clay_left"}], "output":"drpmedieval:textures/blocks/timbered_clay/double_diagonal_b_bt/%wood%_timbered_clay_0101"},
		{"base":0, "manipulations":[{"type":"overlay","cached_texture":"%wood%_double_diagonal_b_bt"}, {"type":"overlay","cached_texture":"%wood%_timbered_clay_top"}, {"type":"overlay","cached_texture":"%wood%_timbered_clay_right"}, {"type":"overlay","cached_texture":"%wood%_timbered_clay_left"}], "output":"drpmedieval:textures/blocks/timbered_clay/double_diagonal_b_bt/%wood%_timbered_clay_1101"},
		{"base":0, "manipulations":[{"type":"overlay","cached_texture":"%wood%_double_diagonal_b_bt"}, {"type":"overlay","cached_texture":"%wood%_timbered_clay_bottom"}, {"type":"overlay","cached_texture":"%wood%_timbered_clay_left"}], "output":"drpmedieval:textures/blocks/timbered_clay/double_diagonal_b_bt/%wood%_timbered_clay_0011"},
		{"base":0, "manipulations":[{"type":"overlay","cached_texture":"%wood%_double_diagonal_b_bt"}, {"type":"overlay","cached_texture":"%wood%_timbered_clay_top"}, {"type":"overlay","cached_texture":"%wood%_timbered_clay_bottom"}, {"type":"overlay","cached_texture":"%wood%_timbered_clay_left"}], "output":"drpmedieval:textures/blocks/timbered_clay/double_diagonal_b_bt/%wood%_timbered_clay_1011"},
		{"base":0, "manipulations":[{"type":"overlay","cached_texture":"%wood%_double_diagonal_b_bt"}, {"type":"overlay","cached_texture":"%wood%_timbered_clay_right"}, {"type":"overlay","cached_texture":"%wood%_timbered_clay_bottom"}, {"type":"overlay","cached_texture":"%wood%_timbered_clay_left"}], "output":"drpmedieval:textures/blocks/timbered_clay/double_diagonal_b_bt/%wood%_timbered_clay_0111"},
		{"base":0, "manipulations":[{"type":"overlay","cached_texture":"%wood%_double_diagonal_b_bt"}, {"type":"overlay","cached_texture":"%wood%_timbered_clay_top"}, {"type":"overlay","cached_texture":"%wood%_timbered_clay_right"}, {"type":"overlay","cached_texture":"%wood%_timbered_clay_bottom"}, {"type":"overlay","cached_texture":"%wood%_timbered_clay_left"}], "output":"drpmedieval:textures/blocks/timbered_clay/double_diagonal_b_bt/%wood%_timbered_clay_1111"},
			
		{"base":0, "manipulations":[{"type":"overlay","cached_texture":"%wood%_double_diagonal_t_tb"}], "output":"drpmedieval:textures/blocks/timbered_clay/double_diagonal_t_tb/%wood%_timbered_clay_0000"},
		{"base":0, "manipulations":[{"type":"overlay","cached_texture":"%wood%_double_diagonal_t_tb"}, {"type":"overlay","cached_texture":"%wood%_timbered_clay_top"}], "output":"drpmedieval:textures/blocks/timbered_clay/double_diagonal_t_tb/%wood%_timbered_clay_1000"},
		{"base":0, "manipulations":[{"type":"overlay","cached_texture":"%wood%_double_diagonal_t_tb"}, {"type":"overlay","cached_texture":"%wood%_timbered_clay_right"}], "output":"drpmedieval:textures/blocks/timbered_clay/double_diagonal_t_tb/%wood%_timbered_clay_0100"},
		{"base":0, "manipulations":[{"type":"overlay","cached_texture":"%wood%_double_diagonal_t_tb"}, {"type":"overlay","cached_texture":"%wood%_timbered_clay_top"}, {"type":"overlay","cached_texture":"%wood%_timbered_clay_right"}], "output":"drpmedieval:textures/blocks/timbered_clay/double_diagonal_t_tb/%wood%_timbered_clay_1100"},
		{"base":0, "manipulations":[{"type":"overlay","cached_texture":"%wood%_double_diagonal_t_tb"}, {"type":"overlay","cached_texture":"%wood%_timbered_clay_bottom"}], "output":"drpmedieval:textures/blocks/timbered_clay/double_diagonal_t_tb/%wood%_timbered_clay_0010"},
		{"base":0, "manipulations":[{"type":"overlay","cached_texture":"%wood%_double_diagonal_t_tb"}, {"type":"overlay","cached_texture":"%wood%_timbered_clay_top"}, {"type":"overlay","cached_texture":"%wood%_timbered_clay_bottom"}], "output":"drpmedieval:textures/blocks/timbered_clay/double_diagonal_t_tb/%wood%_timbered_clay_1010"},
		{"base":0, "manipulations":[{"type":"overlay","cached_texture":"%wood%_double_diagonal_t_tb"}, {"type":"overlay","cached_texture":"%wood%_timbered_clay_right"}, {"type":"overlay","cached_texture":"%wood%_timbered_clay_bottom"}], "output":"drpmedieval:textures/blocks/timbered_clay/double_diagonal_t_tb/%wood%_timbered_clay_0110"},
		{"base":0, "manipulations":[{"type":"overlay","cached_texture":"%wood%_double_diagonal_t_tb"}, {"type":"overlay","cached_texture":"%wood%_timbered_clay_top"}, {"type":"overlay","cached_texture":"%wood%_timbered_clay_right"}, {"type":"overlay","cached_texture":"%wood%_timbered_clay_bottom"}], "output":"drpmedieval:textures/blocks/timbered_clay/double_diagonal_t_tb/%wood%_timbered_clay_1110"},
		{"base":0, "manipulations":[{"type":"overlay","cached_texture":"%wood%_double_diagonal_t_tb"}, {"type":"overlay","cached_texture":"%wood%_timbered_clay_left"}], "output":"drpmedieval:textures/blocks/timbered_clay/double_diagonal_t_tb/%wood%_timbered_clay_0001"},
		{"base":0, "manipulations":[{"type":"overlay","cached_texture":"%wood%_double_diagonal_t_tb"}, {"type":"overlay","cached_texture":"%wood%_timbered_clay_top"}, {"type":"overlay","cached_texture":"%wood%_timbered_clay_left"}], "output":"drpmedieval:textures/blocks/timbered_clay/double_diagonal_t_tb/%wood%_timbered_clay_1001"},
		{"base":0, "manipulations":[{"type":"overlay","cached_texture":"%wood%_double_diagonal_t_tb"}, {"type":"overlay","cached_texture":"%wood%_timbered_clay_right"}, {"type":"overlay","cached_texture":"%wood%_timbered_clay_left"}], "output":"drpmedieval:textures/blocks/timbered_clay/double_diagonal_t_tb/%wood%_timbered_clay_0101"},
		{"base":0, "manipulations":[{"type":"overlay","cached_texture":"%wood%_double_diagonal_t_tb"}, {"type":"overlay","cached_texture":"%wood%_timbered_clay_top"}, {"type":"overlay","cached_texture":"%wood%_timbered_clay_right"}, {"type":"overlay","cached_texture":"%wood%_timbered_clay_left"}], "output":"drpmedieval:textures/blocks/timbered_clay/double_diagonal_t_tb/%wood%_timbered_clay_1101"},
		{"base":0, "manipulations":[{"type":"overlay","cached_texture":"%wood%_double_diagonal_t_tb"}, {"type":"overlay","cached_texture":"%wood%_timbered_clay_bottom"}, {"type":"overlay","cached_texture":"%wood%_timbered_clay_left"}], "output":"drpmedieval:textures/blocks/timbered_clay/double_diagonal_t_tb/%wood%_timbered_clay_0011"},
		{"base":0, "manipulations":[{"type":"overlay","cached_texture":"%wood%_double_diagonal_t_tb"}, {"type":"overlay","cached_texture":"%wood%_timbered_clay_top"}, {"type":"overlay","cached_texture":"%wood%_timbered_clay_bottom"}, {"type":"overlay","cached_texture":"%wood%_timbered_clay_left"}], "output":"drpmedieval:textures/blocks/timbered_clay/double_diagonal_t_tb/%wood%_timbered_clay_1011"},
		{"base":0, "manipulations":[{"type":"overlay","cached_texture":"%wood%_double_diagonal_t_tb"}, {"type":"overlay","cached_texture":"%wood%_timbered_clay_right"}, {"type":"overlay","cached_texture":"%wood%_timbered_clay_bottom"}, {"type":"overlay","cached_texture":"%wood%_timbered_clay_left"}], "output":"drpmedieval:textures/blocks/timbered_clay/double_diagonal_t_tb/%wood%_timbered_clay_0111"},
		{"base":0, "manipulations":[{"type":"overlay","cached_texture":"%wood%_double_diagonal_t_tb"}, {"type":"overlay","cached_texture":"%wood%_timbered_clay_top"}, {"type":"overlay","cached_texture":"%wood%_timbered_clay_right"}, {"type":"overlay","cached_texture":"%wood%_timbered_clay_bottom"}, {"type":"overlay","cached_texture":"%wood%_timbered_clay_left"}], "output":"drpmedieval:textures/blocks/timbered_clay/double_diagonal_t_tb/%wood%_timbered_clay_1111"},
		
		{"base":0, "manipulations":[{"type":"overlay","cached_texture":"%wood%_double_diagonal_b_tb"}], "output":"drpmedieval:textures/blocks/timbered_clay/double_diagonal_b_tb/%wood%_timbered_clay_0000"},
		{"base":0, "manipulations":[{"type":"overlay","cached_texture":"%wood%_double_diagonal_b_tb"}, {"type":"overlay","cached_texture":"%wood%_timbered_clay_top"}], "output":"drpmedieval:textures/blocks/timbered_clay/double_diagonal_b_tb/%wood%_timbered_clay_1000"},
		{"base":0, "manipulations":[{"type":"overlay","cached_texture":"%wood%_double_diagonal_b_tb"}, {"type":"overlay","cached_texture":"%wood%_timbered_clay_right"}], "output":"drpmedieval:textures/blocks/timbered_clay/double_diagonal_b_tb/%wood%_timbered_clay_0100"},
		{"base":0, "manipulations":[{"type":"overlay","cached_texture":"%wood%_double_diagonal_b_tb"}, {"type":"overlay","cached_texture":"%wood%_timbered_clay_top"}, {"type":"overlay","cached_texture":"%wood%_timbered_clay_right"}], "output":"drpmedieval:textures/blocks/timbered_clay/double_diagonal_b_tb/%wood%_timbered_clay_1100"},
		{"base":0, "manipulations":[{"type":"overlay","cached_texture":"%wood%_double_diagonal_b_tb"}, {"type":"overlay","cached_texture":"%wood%_timbered_clay_bottom"}], "output":"drpmedieval:textures/blocks/timbered_clay/double_diagonal_b_tb/%wood%_timbered_clay_0010"},
		{"base":0, "manipulations":[{"type":"overlay","cached_texture":"%wood%_double_diagonal_b_tb"}, {"type":"overlay","cached_texture":"%wood%_timbered_clay_top"}, {"type":"overlay","cached_texture":"%wood%_timbered_clay_bottom"}], "output":"drpmedieval:textures/blocks/timbered_clay/double_diagonal_b_tb/%wood%_timbered_clay_1010"},
		{"base":0, "manipulations":[{"type":"overlay","cached_texture":"%wood%_double_diagonal_b_tb"}, {"type":"overlay","cached_texture":"%wood%_timbered_clay_right"}, {"type":"overlay","cached_texture":"%wood%_timbered_clay_bottom"}], "output":"drpmedieval:textures/blocks/timbered_clay/double_diagonal_b_tb/%wood%_timbered_clay_0110"},
		{"base":0, "manipulations":[{"type":"overlay","cached_texture":"%wood%_double_diagonal_b_tb"}, {"type":"overlay","cached_texture":"%wood%_timbered_clay_top"}, {"type":"overlay","cached_texture":"%wood%_timbered_clay_right"}, {"type":"overlay","cached_texture":"%wood%_timbered_clay_bottom"}], "output":"drpmedieval:textures/blocks/timbered_clay/double_diagonal_b_tb/%wood%_timbered_clay_1110"},
		{"base":0, "manipulations":[{"type":"overlay","cached_texture":"%wood%_double_diagonal_b_tb"}, {"type":"overlay","cached_texture":"%wood%_timbered_clay_left"}], "output":"drpmedieval:textures/blocks/timbered_clay/double_diagonal_b_tb/%wood%_timbered_clay_0001"},
		{"base":0, "manipulations":[{"type":"overlay","cached_texture":"%wood%_double_diagonal_b_tb"}, {"type":"overlay","cached_texture":"%wood%_timbered_clay_top"}, {"type":"overlay","cached_texture":"%wood%_timbered_clay_left"}], "output":"drpmedieval:textures/blocks/timbered_clay/double_diagonal_b_tb/%wood%_timbered_clay_1001"},
		{"base":0, "manipulations":[{"type":"overlay","cached_texture":"%wood%_double_diagonal_b_tb"}, {"type":"overlay","cached_texture":"%wood%_timbered_clay_right"}, {"type":"overlay","cached_texture":"%wood%_timbered_clay_left"}], "output":"drpmedieval:textures/blocks/timbered_clay/double_diagonal_b_tb/%wood%_timbered_clay_0101"},
		{"base":0, "manipulations":[{"type":"overlay","cached_texture":"%wood%_double_diagonal_b_tb"}, {"type":"overlay","cached_texture":"%wood%_timbered_clay_top"}, {"type":"overlay","cached_texture":"%wood%_timbered_clay_right"}, {"type":"overlay","cached_texture":"%wood%_timbered_clay_left"}], "output":"drpmedieval:textures/blocks/timbered_clay/double_diagonal_b_tb/%wood%_timbered_clay_1101"},
		{"base":0, "manipulations":[{"type":"overlay","cached_texture":"%wood%_double_diagonal_b_tb"}, {"type":"overlay","cached_texture":"%wood%_timbered_clay_bottom"}, {"type":"overlay","cached_texture":"%wood%_timbered_clay_left"}], "output":"drpmedieval:textures/blocks/timbered_clay/double_diagonal_b_tb/%wood%_timbered_clay_0011"},
		{"base":0, "manipulations":[{"type":"overlay","cached_texture":"%wood%_double_diagonal_b_tb"}, {"type":"overlay","cached_texture":"%wood%_timbered_clay_top"}, {"type":"overlay","cached_texture":"%wood%_timbered_clay_bottom"}, {"type":"overlay","cached_texture":"%wood%_timbered_clay_left"}], "output":"drpmedieval:textures/blocks/timbered_clay/double_diagonal_b_tb/%wood%_timbered_clay_1011"},
		{"base":0, "manipulations":[{"type":"overlay","cached_texture":"%wood%_double_diagonal_b_tb"}, {"type":"overlay","cached_texture":"%wood%_timbered_clay_right"}, {"type":"overlay","cached_texture":"%wood%_timbered_clay_bottom"}, {"type":"overlay","cached_texture":"%wood%_timbered_clay_left"}], "output":"drpmedieval:textures/blocks/timbered_clay/double_diagonal_b_tb/%wood%_timbered_clay_0111"},
		{"base":0, "manipulations":[{"type":"overlay","cached_texture":"%wood%_double_diagonal_b_tb"}, {"type":"overlay","cached_texture":"%wood%_timbered_clay_top"}, {"type":"overlay","cached_texture":"%wood%_timbered_clay_right"}, {"type":"overlay","cached_texture":"%wood%_timbered_clay_bottom"}, {"type":"overlay","cached_texture":"%wood%_timbered_clay_left"}], "output":"drpmedieval:textures/blocks/timbered_clay/double_diagonal_b_tb/%wood%_timbered_clay_1111"}
	]
}