{
	"required_textures":[
		"drpmedieval:argh/textures/textures/timbered_clay.png",
		"drpmedieval:argh/textures/masks/timbered_clay/top.png", "drpmedieval:argh/textures/overlays/timbered_clay/top.png",
		"drpmedieval:argh/textures/masks/timbered_clay/right.png", "drpmedieval:argh/textures/overlays/timbered_clay/right.png",
		"drpmedieval:argh/textures/masks/timbered_clay/bottom.png", "drpmedieval:argh/textures/overlays/timbered_clay/bottom.png",
		"drpmedieval:argh/textures/masks/timbered_clay/left.png", "drpmedieval:argh/textures/overlays/timbered_clay/left.png"
	],
	"textures":[
		{"base":0, "manipulations":[], "global_cache":"%wood%_timbered_clay"},
		
		{"base":"clean_plank", "manipulations":[{"type":"mask","texture":"1"},{"type":"overlay","texture":"2"}], "global_cache":"%wood%_timbered_clay_top"},
		{"base":"clean_plank", "manipulations":[{"type":"mask","texture":"3"},{"type":"overlay","texture":"4"}], "global_cache":"%wood%_timbered_clay_right"},
		{"base":"clean_plank", "manipulations":[{"type":"mask","texture":"5"},{"type":"overlay","texture":"6"}],  "global_cache":"%wood%_timbered_clay_bottom"},
		{"base":"clean_plank", "manipulations":[{"type":"mask","texture":"7"},{"type":"overlay","texture":"8"}], "global_cache":"%wood%_timbered_clay_left"},
		
		{"base":0, "manipulations":[], "output":"drpmedieval:textures/blocks/timbered_clay/clean/%wood%_timbered_clay_0000"},
		{"base":0, "manipulations":[{"type":"overlay","cached_texture":"%wood%_timbered_clay_top"}], "output":"drpmedieval:textures/blocks/timbered_clay/clean/%wood%_timbered_clay_1000"},
		{"base":0, "manipulations":[{"type":"overlay","cached_texture":"%wood%_timbered_clay_right"}], "output":"drpmedieval:textures/blocks/timbered_clay/clean/%wood%_timbered_clay_0100"},
		{"base":0, "manipulations":[{"type":"overlay","cached_texture":"%wood%_timbered_clay_top"}, {"type":"overlay","cached_texture":"%wood%_timbered_clay_right"}], "output":"drpmedieval:textures/blocks/timbered_clay/clean/%wood%_timbered_clay_1100"},
		{"base":0, "manipulations":[{"type":"overlay","cached_texture":"%wood%_timbered_clay_bottom"}], "output":"drpmedieval:textures/blocks/timbered_clay/clean/%wood%_timbered_clay_0010"},
		{"base":0, "manipulations":[{"type":"overlay","cached_texture":"%wood%_timbered_clay_top"}, {"type":"overlay","cached_texture":"%wood%_timbered_clay_bottom"}], "output":"drpmedieval:textures/blocks/timbered_clay/clean/%wood%_timbered_clay_1010"},
		{"base":0, "manipulations":[{"type":"overlay","cached_texture":"%wood%_timbered_clay_right"}, {"type":"overlay","cached_texture":"%wood%_timbered_clay_bottom"}], "output":"drpmedieval:textures/blocks/timbered_clay/clean/%wood%_timbered_clay_0110"},
		{"base":0, "manipulations":[{"type":"overlay","cached_texture":"%wood%_timbered_clay_top"}, {"type":"overlay","cached_texture":"%wood%_timbered_clay_right"}, {"type":"overlay","cached_texture":"%wood%_timbered_clay_bottom"}], "output":"drpmedieval:textures/blocks/timbered_clay/clean/%wood%_timbered_clay_1110"},
		{"base":0, "manipulations":[{"type":"overlay","cached_texture":"%wood%_timbered_clay_left"}], "output":"drpmedieval:textures/blocks/timbered_clay/clean/%wood%_timbered_clay_0001"},
		{"base":0, "manipulations":[{"type":"overlay","cached_texture":"%wood%_timbered_clay_top"}, {"type":"overlay","cached_texture":"%wood%_timbered_clay_left"}], "output":"drpmedieval:textures/blocks/timbered_clay/clean/%wood%_timbered_clay_1001"},
		{"base":0, "manipulations":[{"type":"overlay","cached_texture":"%wood%_timbered_clay_right"}, {"type":"overlay","cached_texture":"%wood%_timbered_clay_left"}], "output":"drpmedieval:textures/blocks/timbered_clay/clean/%wood%_timbered_clay_0101"},
		{"base":0, "manipulations":[{"type":"overlay","cached_texture":"%wood%_timbered_clay_top"}, {"type":"overlay","cached_texture":"%wood%_timbered_clay_right"}, {"type":"overlay","cached_texture":"%wood%_timbered_clay_left"}], "output":"drpmedieval:textures/blocks/timbered_clay/clean/%wood%_timbered_clay_1101"},
		{"base":0, "manipulations":[{"type":"overlay","cached_texture":"%wood%_timbered_clay_bottom"}, {"type":"overlay","cached_texture":"%wood%_timbered_clay_left"}], "output":"drpmedieval:textures/blocks/timbered_clay/clean/%wood%_timbered_clay_0011"},
		{"base":0, "manipulations":[{"type":"overlay","cached_texture":"%wood%_timbered_clay_top"}, {"type":"overlay","cached_texture":"%wood%_timbered_clay_bottom"}, {"type":"overlay","cached_texture":"%wood%_timbered_clay_left"}], "output":"drpmedieval:textures/blocks/timbered_clay/clean/%wood%_timbered_clay_1011"},
		{"base":0, "manipulations":[{"type":"overlay","cached_texture":"%wood%_timbered_clay_right"}, {"type":"overlay","cached_texture":"%wood%_timbered_clay_bottom"}, {"type":"overlay","cached_texture":"%wood%_timbered_clay_left"}], "output":"drpmedieval:textures/blocks/timbered_clay/clean/%wood%_timbered_clay_0111"},
		{"base":0, "manipulations":[{"type":"overlay","cached_texture":"%wood%_timbered_clay_top"}, {"type":"overlay","cached_texture":"%wood%_timbered_clay_right"}, {"type":"overlay","cached_texture":"%wood%_timbered_clay_bottom"}, {"type":"overlay","cached_texture":"%wood%_timbered_clay_left"}], "output":"drpmedieval:textures/blocks/timbered_clay/clean/%wood%_timbered_clay_1111"}
	]
}