{
	"__comment": "Designed by JTK222",
	"textures": {
		"particle": "drpmedieval:blocks/barrels/%wood%_barrel_top",
		"texture": "drpmedieval:blocks/barrels/%wood%_barrel_top",
		"metal": "drpmedieval:blocks/barrels/metal"
	},
	"elements": [
		{
			"__comment": "Cube1",
			"from": [ 5.5, 0, 5 ],
			"to": [ 10.5, 1, 11 ],
			"faces": {
				"down": { "uv": [ 5.5, 5, 10.5, 11 ], "texture": "#metal", "cullface": "down" },
				"up": { "uv": [ 5.5, 5, 10.5, 11 ], "texture": "#metal" },
				"north": { "uv": [ 5.5, 15, 10.5, 16 ], "texture": "#metal" },
				"south": { "uv": [ 5.5, 15, 10.5, 16 ], "texture": "#metal" },
				"west": { "uv": [ 5, 15, 11, 16 ], "texture": "#metal" },
				"east": { "uv": [ 5, 15, 11, 16 ], "texture": "#metal" }
			}
		},
		{
			"__comment": "Cube2",
			"from": [ 7, 1, 7 ],
			"to": [ 9, 15, 9 ],
			"faces": {
				"north": { "uv": [ 7, 1, 9, 15 ], "texture": "#metal" },
				"south": { "uv": [ 7, 1, 9, 15 ], "texture": "#metal" },
				"west": { "uv": [ 7, 1, 9, 15 ], "texture": "#metal" },
				"east": { "uv": [ 7, 1, 9, 15 ], "texture": "#metal" }
			}
		},
		{
			"__comment": "Cube3",
			"from": [ 5, 15, 0 ],
			"to": [ 11, 16, 16 ],
			"faces": {
				"down": { "uv": [ 5, 0, 11, 16 ], "texture": "#texture" },
				"up": { "uv": [ 5, 0, 11, 16 ], "texture": "#texture", "cullface": "up" },
				"north": { "uv": [ 5, 0, 11, 1 ], "texture": "#texture", "cullface": "north" },
				"south": { "uv": [ 5, 0, 11, 1 ], "texture": "#texture", "cullface": "south" },
				"west": { "uv": [ 5, 0, 6, 16 ], "texture": "#texture", "rotation": 90 },
				"east": { "uv": [ 10, 0, 11, 16 ], "texture": "#texture", "rotation": 90 }
			}
		},
		{
			"__comment": "Cube4",
			"from": [ 3, 15, 1 ],
			"to": [ 5, 16, 15 ],
			"faces": {
				"down": { "uv": [ 3, 1, 5, 15 ], "texture": "#texture" },
				"up": { "uv": [ 3, 1, 5, 15 ], "texture": "#texture", "cullface": "up" },
				"north": { "uv": [ 11, 1, 13, 2 ], "texture": "#texture" },
				"south": { "uv": [ 3, 1, 5, 2 ], "texture": "#texture" },
				"west": { "uv": [ 3, 1, 4, 15 ], "texture": "#texture", "rotation": 270 }
			}
		},
		{
			"__comment": "Cube5",
			"from": [ 2, 15, 2 ],
			"to": [ 3, 16, 14 ],
			"faces": {
				"down": { "uv": [ 2, 2, 3, 14 ], "texture": "#texture" },
				"up": { "uv": [ 2, 2, 3, 14 ], "texture": "#texture", "cullface": "up" },
				"north": { "uv": [ 13, 2, 14, 3 ], "texture": "#texture" },
				"south": { "uv": [ 2, 2, 3, 3 ], "texture": "#texture" },
				"west": { "uv": [ 13, 2, 14, 14 ], "texture": "#texture", "rotation": 270 }
			}
		},
		{
			"__comment": "Cube6",
			"from": [ 1, 15, 3 ],
			"to": [ 2, 16, 13 ],
			"faces": {
				"down": { "uv": [ 1, 3, 2, 13 ], "texture": "#texture" },
				"up": { "uv": [ 1, 3, 2, 13 ], "texture": "#texture", "cullface": "up" },
				"north": { "uv": [ 14, 3, 15, 4 ], "texture": "#texture" },
				"south": { "uv": [ 1, 3, 2, 4 ], "texture": "#texture" },
				"west": { "uv": [ 14, 3, 15, 13 ], "texture": "#texture", "rotation": 270 }
			}
		},
		{
			"__comment": "Cube7",
			"from": [ 0, 15, 5 ],
			"to": [ 1, 16, 11 ],
			"faces": {
				"down": { "uv": [ 0, 5, 1, 11 ], "texture": "#texture" },
				"up": { "uv": [ 0, 5, 1, 11 ], "texture": "#texture", "cullface": "up" },
				"north": { "uv": [ 15, 5, 16, 6 ], "texture": "#texture" },
				"south": { "uv": [ 0, 5, 1, 6 ], "texture": "#texture" },
				"west": { "uv": [ 0, 5, 1, 11 ], "texture": "#texture", "cullface": "west", "rotation": 270 }
			}
		},
		{
			"__comment": "Cube8",
			"from": [ 11, 15, 1 ],
			"to": [ 13, 16, 15 ],
			"faces": {
				"down": { "uv": [ 11, 1, 13, 15 ], "texture": "#texture" },
				"up": { "uv": [ 11, 1, 13, 15 ], "texture": "#texture", "cullface": "up" },
				"north": { "uv": [ 3, 1, 5, 2 ], "texture": "#texture" },
				"south": { "uv": [ 11, 1, 13, 2 ], "texture": "#texture" },
				"east": { "uv": [ 4, 1, 5, 15 ], "texture": "#texture", "rotation": 270 }
			}
		},
		{
			"__comment": "Cube9",
			"from": [ 13, 15, 2 ],
			"to": [ 14, 16, 14 ],
			"faces": {
				"down": { "uv": [ 13, 2, 14, 14 ], "texture": "#texture" },
				"up": { "uv": [ 13, 2, 14, 14 ], "texture": "#texture", "cullface": "up" },
				"north": { "uv": [ 2, 2, 3, 3 ], "texture": "#texture" },
				"south": { "uv": [ 13, 2, 14, 3 ], "texture": "#texture" },
				"east": { "uv": [ 13, 2, 14, 14 ], "texture": "#texture", "rotation": 270 }
			}
		},
		{
			"__comment": "Cube10",
			"from": [ 14, 15, 3 ],
			"to": [ 15, 16, 13 ],
			"faces": {
				"down": { "uv": [ 14, 3, 15, 13 ], "texture": "#texture" },
				"up": { "uv": [ 14, 3, 15, 13 ], "texture": "#texture", "cullface": "up" },
				"north": { "uv": [ 1, 3, 2, 4 ], "texture": "#texture" },
				"south": { "uv": [ 14, 3, 15, 4 ], "texture": "#texture" },
				"east": { "uv": [ 14, 3, 15, 13 ], "texture": "#texture", "rotation": 270 }
			}
		},
		{
			"__comment": "Cube11",
			"from": [ 15, 15, 5 ],
			"to": [ 16, 16, 11 ],
			"faces": {
				"down": { "uv": [ 15, 5, 16, 11 ], "texture": "#texture" },
				"up": { "uv": [ 15, 5, 16, 11 ], "texture": "#texture", "cullface": "up" },
				"north": { "uv": [ 0, 5, 1, 6 ], "texture": "#texture" },
				"south": { "uv": [ 15, 5, 16, 6 ], "texture": "#texture" },
				"east": { "uv": [ 15, 5, 16, 11 ], "texture": "#texture", "cullface": "east", "rotation": 270 }
			}
		},
		{
			"__comment": "Cube12",
			"from": [ 5, 0, 5.5 ],
			"to": [ 5.5, 1, 10.5 ],
			"faces": {
				"down": { "uv": [ 5, 5.5, 5.5, 10.5 ], "texture": "#metal", "cullface": "down" },
				"up": { "uv": [ 5, 5.5, 5.5, 10.5 ], "texture": "#metal" },
				"north": { "uv": [ 10.5, 15, 11, 16 ], "texture": "#metal" },
				"south": { "uv": [ 5, 15, 5.5, 16 ], "texture": "#metal" },
				"west": { "uv": [ 5.5, 15, 10.5, 16 ], "texture": "#metal" }
			}
		},
		{
			"__comment": "Cube13",
			"from": [ 10.5, 0, 5.5 ],
			"to": [ 11, 1, 10.5 ],
			"faces": {
				"down": { "uv": [ 10.5, 5.5, 11, 10.5 ], "texture": "#metal", "cullface": "down" },
				"up": { "uv": [ 10.5, 5.5, 11, 10.5 ], "texture": "#metal" },
				"north": { "uv": [ 5, 15, 5.5, 16 ], "texture": "#metal" },
				"south": { "uv": [ 10.5, 15, 11, 16 ], "texture": "#metal" },
				"east": { "uv": [ 5.5, 15, 10.5, 16 ], "texture": "#metal" }
			}
		}
	],
	"display": {
		"thirdperson_righthand": {
			"translation":  [ 0, 2, 2 ],
			"scale":  [ 0.3, 0.3, 0.3 ]
		},
		"thirdperson_lefthand": {
			"translation":  [ 0, 2, 2 ],
			"scale":  [ 0.3, 0.3, 0.3 ]
		},
		"firstperson_righthand": {
			"rotation":  [ 0, 45, 0 ],
			"scale":  [ 0.4, 0.4, 0.4 ]
		},
		"firstperson_lefthand": {
			"rotation":  [ 0, 45, 0 ],
			"scale":  [ 0.4, 0.4, 0.4 ]
		},
		"gui": {
			"rotation":  [ 35, -135, 0 ],
			"scale":  [ 0.7, 0.7, 0.7 ],
			"translation":  [ 0, -1.5, 0 ]
		},
		"head": {
			"translation":  [ 0, 15, 0 ]
		},
		"ground": {
			"translation":  [ 0, 3, 0 ],
			"scale":  [ 0.25, 0.25, 0.25 ]
		},
		"fixed": {
			"scale":  [ 0.9, 0.9, 0.9 ]
		}
	}
}