{
	"textures": {
		"particle": "drpmedieval:blocks/log_chair/%wood%_log_chair_bark",
		"0": "drpmedieval:blocks/log_chair/%wood%_log_chair_bark",
		"1": "drpmedieval:blocks/log_chair/%wood%_log_chair_top",
		"2": "drpmedieval:blocks/log_chair/%wood%_log_chair_bark"
	},
	"elements": [
		{
			"from": [ 5, 0, 0 ],
			"to": [ 11, 6, 16 ],
			"faces": {
				"down": { "uv": [ 5, 0, 11, 16 ], "texture": "#1" },
				"up": { "uv": [ 5, 0, 11, 16 ], "texture": "#1" },
				"north": { "uv": [ 5, 10, 11, 16 ], "texture": "#0" },
				"south": { "uv": [ 5, 10, 11, 16 ], "texture": "#0" },
				"west": { "uv": [ 0, 10, 16, 16 ], "texture": "#0" },
				"east": { "uv": [ 0, 10, 16, 16 ], "texture": "#0" }
			}
		},
		{
			"from": [ 0, 0, 5 ],
			"to": [ 5, 6, 11 ],
			"faces": {
				"down": { "uv": [ 0, 5, 5, 11 ], "texture": "#1" },
				"up": { "uv": [ 0, 5, 5, 11 ], "texture": "#1" },
				"north": { "uv": [ 11, 10, 16, 16 ], "texture": "#0" },
				"south": { "uv": [ 0, 10, 5, 16 ], "texture": "#0" },
				"west": { "uv": [ 5, 8, 11, 14 ], "texture": "#0" },
				"east": { "uv": [ 5, 10, 11, 16 ], "texture": "#0" }
			}
		},
		{
			"from": [ 11, 0, 5 ],
			"to": [ 16, 6, 11 ],
			"faces": {
				"down": { "uv": [ 11, 5, 16, 11 ], "texture": "#1" },
				"up": { "uv": [ 11, 5, 16, 11 ], "texture": "#1" },
				"north": { "uv": [ 0, 10, 5, 16 ], "texture": "#0" },
				"south": { "uv": [ 11, 10, 16, 16 ], "texture": "#0" },
				"west": { "uv": [ 6, 10, 12, 16 ], "texture": "#0" },
				"east": { "uv": [ 5, 10, 11, 16 ], "texture": "#0" }
			}
		},
		{
			"from": [ 1, 0, 11 ],
			"to": [ 5, 6, 13 ],
			"faces": {
				"down": { "uv": [ 1, 11, 5, 13 ], "texture": "#1" },
				"up": { "uv": [ 1, 11, 5, 13 ], "texture": "#1" },
				"north": { "uv": [ 11, 10, 15, 16 ], "texture": "#0" },
				"south": { "uv": [ 1, 10, 5, 16 ], "texture": "#0" },
				"west": { "uv": [ 11, 10, 13, 16 ], "texture": "#0" },
				"east": { "uv": [ 10, 10, 12, 16 ], "texture": "#0" }
			}
		},
		{
			"from": [ 3, 0, 13 ],
			"to": [ 5, 6, 15 ],
			"faces": {
				"down": { "uv": [ 3, 13, 5, 15 ], "texture": "#1" },
				"up": { "uv": [ 3, 13, 5, 15 ], "texture": "#1" },
				"north": { "uv": [ 11, 10, 13, 16 ], "texture": "#0" },
				"south": { "uv": [ 3, 10, 5, 16 ], "texture": "#0" },
				"west": { "uv": [ 13, 10, 15, 16 ], "texture": "#0" },
				"east": { "uv": [ 13, 10, 15, 16 ], "texture": "#0" }
			}
		},
		{
			"from": [ 2, 0, 13 ],
			"to": [ 3, 6, 14 ],
			"faces": {
				"down": { "uv": [ 2, 13, 3, 14 ], "texture": "#1" },
				"up": { "uv": [ 2, 13, 3, 14 ], "texture": "#1" },
				"north": { "uv": [ 13, 10, 14, 16 ], "texture": "#0" },
				"south": { "uv": [ 2, 10, 3, 16 ], "texture": "#0" },
				"west": { "uv": [ 13, 10, 14, 16 ], "texture": "#0" },
				"east": { "uv": [ 13, 10, 14, 16 ], "texture": "#0" }
			}
		},
		{
			"from": [ 11, 0, 11 ],
			"to": [ 15, 6, 13 ],
			"faces": {
				"down": { "uv": [ 11, 12, 15, 14 ], "texture": "#1" },
				"up": { "uv": [ 11, 11, 15, 13 ], "texture": "#1" },
				"north": { "uv": [ 11, 10, 15, 16 ], "texture": "#0" },
				"south": { "uv": [ 11, 10, 15, 16 ], "texture": "#0" },
				"west": { "uv": [ 3, 10, 5, 16 ], "texture": "#0" },
				"east": { "uv": [ 5, 10, 7, 16 ], "texture": "#0" }
			}
		},
		{
			"from": [ 11, 0, 13 ],
			"to": [ 13, 6, 15 ],
			"faces": {
				"down": { "uv": [ 12, 12, 14, 14 ], "texture": "#1" },
				"up": { "uv": [ 11, 13, 13, 15 ], "texture": "#1" },
				"north": { "uv": [ 11, 10, 13, 16 ], "texture": "#0" },
				"south": { "uv": [ 11, 10, 13, 16 ], "texture": "#0" },
				"west": { "uv": [ 1, 10, 3, 16 ], "texture": "#0" },
				"east": { "uv": [ 1, 10, 3, 16 ], "texture": "#0" }
			}
		},
		{
			"from": [ 13, 0, 13 ],
			"to": [ 14, 6, 14 ],
			"faces": {
				"down": { "uv": [ 13, 13, 14, 14 ], "texture": "#1" },
				"up": { "uv": [ 13, 13, 14, 14 ], "texture": "#1" },
				"north": { "uv": [ 13, 10, 14, 16 ], "texture": "#0" },
				"south": { "uv": [ 13, 10, 14, 16 ], "texture": "#0" },
				"west": { "uv": [ 14, 10, 15, 16 ], "texture": "#0" },
				"east": { "uv": [ 2, 10, 3, 16 ], "texture": "#0" }
			}
		},
		{
			"from": [ 5, 6, 14 ],
			"to": [ 11, 15, 16 ],
			"faces": {
				"down": { "uv": [ 5, 0, 11, 2 ], "texture": "#1" },
				"up": { "uv": [ 5, 14, 11, 16 ], "texture": "#1" },
				"north": { "uv": [ 5, 1, 11, 10 ], "texture": "#2" },
				"south": { "uv": [ 5, 1, 11, 10 ], "texture": "#0" },
				"west": { "uv": [ 14, 1, 16, 10 ], "texture": "#0" },
				"east": { "uv": [ 0, 1, 2, 10 ], "texture": "#0" }
			}
		},
		{
			"from": [ 1, 0, 3 ],
			"to": [ 5, 6, 5 ],
			"faces": {
				"down": { "uv": [ 1, 3, 5, 5 ], "texture": "#1" },
				"up": { "uv": [ 1, 3, 5, 5 ], "texture": "#1" },
				"north": { "uv": [ 11, 10, 15, 16 ], "texture": "#0" },
				"south": { "uv": [ 11, 10, 15, 16 ], "texture": "#0" },
				"west": { "uv": [ 3, 10, 5, 16 ], "texture": "#0" },
				"east": { "uv": [ 3, 10, 5, 16 ], "texture": "#0" }
			}
		},
		{
			"from": [ 11, 0, 3 ],
			"to": [ 15, 6, 5 ],
			"faces": {
				"down": { "uv": [ 10, 3, 14, 5 ], "texture": "#1" },
				"up": { "uv": [ 11, 3, 15, 5 ], "texture": "#1" },
				"north": { "uv": [ 1, 10, 5, 16 ], "texture": "#0" },
				"south": { "uv": [ 11, 10, 15, 16 ], "texture": "#0" },
				"west": { "uv": [ 11, 10, 13, 16 ], "texture": "#0" },
				"east": { "uv": [ 10, 10, 12, 16 ], "texture": "#0" }
			}
		},
		{
			"from": [ 3, 0, 1 ],
			"to": [ 5, 6, 3 ],
			"faces": {
				"down": { "uv": [ 3, 1, 5, 3 ], "texture": "#1" },
				"up": { "uv": [ 3, 1, 5, 3 ], "texture": "#1" },
				"north": { "uv": [ 12, 10, 14, 16 ], "texture": "#0" },
				"south": { "uv": [ 12, 10, 14, 16 ], "texture": "#0" },
				"west": { "uv": [ 1, 10, 3, 16 ], "texture": "#0" },
				"east": { "uv": [ 1, 10, 3, 16 ], "texture": "#0" }
			}
		},
		{
			"from": [ 11, 0, 1 ],
			"to": [ 13, 6, 3 ],
			"faces": {
				"down": { "uv": [ 11, 1, 13, 3 ], "texture": "#1" },
				"up": { "uv": [ 11, 1, 13, 3 ], "texture": "#1" },
				"north": { "uv": [ 3, 10, 5, 16 ], "texture": "#0" },
				"south": { "uv": [ 13, 10, 15, 16 ], "texture": "#0" },
				"west": { "uv": [ 11, 10, 13, 16 ], "texture": "#0" },
				"east": { "uv": [ 13, 10, 15, 16 ], "texture": "#0" }
			}
		},
		{
			"from": [ 2, 0, 2 ],
			"to": [ 3, 6, 3 ],
			"faces": {
				"down": { "uv": [ 13, 13, 14, 14 ], "texture": "#1" },
				"up": { "uv": [ 13, 13, 14, 14 ], "texture": "#1" },
				"north": { "uv": [ 13, 10, 14, 16 ], "texture": "#0" },
				"south": { "uv": [ 13, 10, 14, 16 ], "texture": "#0" },
				"west": { "uv": [ 2, 10, 3, 16 ], "texture": "#0" },
				"east": { "uv": [ 2, 10, 3, 16 ], "texture": "#0" }
			}
		},
		{
			"from": [ 13, 0, 2 ],
			"to": [ 14, 6, 3 ],
			"faces": {
				"down": { "uv": [ 13, 2, 14, 3 ], "texture": "#1" },
				"up": { "uv": [ 13, 2, 14, 3 ], "texture": "#1" },
				"north": { "uv": [ 2, 10, 3, 16 ], "texture": "#0" },
				"south": { "uv": [ 12, 10, 13, 16 ], "texture": "#0" },
				"west": { "uv": [ 12, 10, 13, 16 ], "texture": "#0" },
				"east": { "uv": [ 12, 10, 13, 16 ], "texture": "#0" }
			}
		},
		{
			"from": [ 3, 6, 13 ],
			"to": [ 5, 15, 15 ],
			"faces": {
				"down": { "uv": [ 0, 0, 2, 2 ], "texture": "#0" },
				"up": { "uv": [ 0, 0, 2, 2 ], "texture": "#0" },
				"north": { "uv": [ 1, 0, 3, 9 ], "texture": "#2" },
				"south": { "uv": [ 3, 1, 5, 10 ], "texture": "#0" },
				"west": { "uv": [ 13, 1, 15, 10 ], "texture": "#0" },
				"east": { "uv": [ 1, 0, 3, 9 ], "texture": "#2" }
			}
		},
		{
			"from": [ 5, 15, 15 ],
			"to": [ 9, 16, 16 ],
			"faces": {
				"down": { "uv": [ 6, 1, 10, 2 ], "texture": "#0" },
				"up": { "uv": [ 4, 4, 8, 5 ], "texture": "#0" },
				"north": { "uv": [ 8, 1, 12, 2 ], "texture": "#0" },
				"south": { "uv": [ 1, 1, 5, 2 ], "texture": "#0" },
				"west": { "uv": [ 6, 6, 7, 7 ], "texture": "#0" },
				"east": { "uv": [ 4, 1, 5, 2 ], "texture": "#0" }
			}
		},
		{
			"from": [ 4, 15, 14 ],
			"to": [ 7, 16, 15 ],
			"faces": {
				"down": { "uv": [ 6, 0, 9, 1 ], "texture": "#0" },
				"up": { "uv": [ 6, 0, 9, 1 ], "texture": "#0" },
				"north": { "uv": [ 6, 0, 9, 1 ], "texture": "#0" },
				"south": { "uv": [ 6, 0, 9, 1 ], "texture": "#0" },
				"west": { "uv": [ 6, 0, 7, 1 ], "texture": "#0" },
				"east": { "uv": [ 8, 0, 9, 1 ], "texture": "#0" }
			}
		},
		{
			"from": [ 5, 6, 13 ],
			"to": [ 6, 12, 14 ],
			"faces": {
				"down": { "uv": [ 6, 2, 7, 3 ], "texture": "#2" },
				"up": { "uv": [ 3, 2, 4, 3 ], "texture": "#2" },
				"north": { "uv": [ 7, 6, 8, 12 ], "texture": "#2" },
				"south": { "uv": [ 5, 5, 6, 11 ], "texture": "#2" },
				"west": { "uv": [ 5, 5, 6, 11 ], "texture": "#2" },
				"east": { "uv": [ 5, 4, 6, 10 ], "texture": "#2" }
			}
		},
		{
			"from": [ 11, 6, 13 ],
			"to": [ 13, 14, 15 ],
			"faces": {
				"down": { "uv": [ 0, 0, 2, 2 ], "texture": "#0" },
				"up": { "uv": [ 0, 0, 2, 2 ], "texture": "#0" },
				"north": { "uv": [ 0, 0, 2, 8 ], "texture": "#2" },
				"south": { "uv": [ 11, 2, 13, 10 ], "texture": "#0" },
				"west": { "uv": [ 0, 0, 2, 8 ], "texture": "#2" },
				"east": { "uv": [ 1, 2, 3, 10 ], "texture": "#0" }
			}
		},
		{
			"from": [ 2, 6, 12 ],
			"to": [ 4, 14, 14 ],
			"faces": {
				"down": { "uv": [ 0, 0, 2, 2 ], "texture": "#0" },
				"up": { "uv": [ 0, 0, 2, 2 ], "texture": "#0" },
				"north": { "uv": [ 1, 0, 3, 8 ], "texture": "#2" },
				"south": { "uv": [ 2, 2, 4, 10 ], "texture": "#0" },
				"west": { "uv": [ 11, 3, 13, 11 ], "texture": "#0" },
				"east": { "uv": [ 1, 0, 3, 8 ], "texture": "#2" }
			}
		},
		{
			"from": [ 0, 6, 7 ],
			"to": [ 1, 11, 11 ],
			"faces": {
				"down": { "uv": [ 0, 0, 1, 4 ], "texture": "#0" },
				"up": { "uv": [ 0, 0, 1, 4 ], "texture": "#0" },
				"north": { "uv": [ 0, 0, 1, 5 ], "texture": "#0" },
				"south": { "uv": [ 0, 5, 1, 10 ], "texture": "#0" },
				"west": { "uv": [ 7, 5, 11, 10 ], "texture": "#0" },
				"east": { "uv": [ 4, 2, 8, 7 ], "texture": "#0" }
			}
		},
		{
			"from": [ 1, 6, 10 ],
			"to": [ 2, 12, 13 ],
			"faces": {
				"down": { "uv": [ 0, 0, 1, 3 ], "texture": "#0" },
				"up": { "uv": [ 0, 0, 1, 3 ], "texture": "#0" },
				"north": { "uv": [ 9, 2, 10, 8 ], "texture": "#0" },
				"south": { "uv": [ 1, 5, 2, 11 ], "texture": "#0" },
				"west": { "uv": [ 9, 3, 12, 9 ], "texture": "#0" },
				"east": { "uv": [ 2, 0, 5, 6 ], "texture": "#2" }
			}
		},
		{
			"from": [ 2, 6, 11 ],
			"to": [ 3, 11, 12 ],
			"faces": {
				"down": { "uv": [ 8, 6, 9, 7 ], "texture": "#2" },
				"up": { "uv": [ 3, 8, 4, 9 ], "texture": "#2" },
				"north": { "uv": [ 4, 6, 5, 11 ], "texture": "#2" },
				"south": { "uv": [ 3, 4, 4, 9 ], "texture": "#2" },
				"west": { "uv": [ 4, 7, 5, 12 ], "texture": "#2" },
				"east": { "uv": [ 2, 4, 3, 9 ], "texture": "#2" }
			}
		},
		{
			"from": [ 1, 6, 8 ],
			"to": [ 2, 11, 10 ],
			"faces": {
				"down": { "uv": [ 7, 9, 8, 11 ], "texture": "#2" },
				"up": { "uv": [ 4, 5, 5, 7 ], "texture": "#2" },
				"north": { "uv": [ 12, 9, 13, 14 ], "texture": "#2" },
				"south": { "uv": [ 5, 5, 6, 10 ], "texture": "#2" },
				"west": { "uv": [ 6, 10, 8, 15 ], "texture": "#2" },
				"east": { "uv": [ 8, 10, 10, 15 ], "texture": "#2" }
			}
		},
		{
			"from": [ 0, 6, 6 ],
			"to": [ 1, 9, 7 ],
			"faces": {
				"down": { "uv": [ 0, 0, 1, 1 ], "texture": "#0" },
				"up": { "uv": [ 0, 0, 1, 1 ], "texture": "#0" },
				"north": { "uv": [ 0, 0, 1, 3 ], "texture": "#0" },
				"south": { "uv": [ 0, 0, 1, 3 ], "texture": "#0" },
				"west": { "uv": [ 0, 0, 1, 3 ], "texture": "#0" },
				"east": { "uv": [ 0, 0, 1, 3 ], "texture": "#0" }
			}
		},
		{
			"from": [ 1, 6, 7 ],
			"to": [ 2, 10, 8 ],
			"faces": {
				"down": { "uv": [ 4, 3, 5, 4 ], "texture": "#2" },
				"up": { "uv": [ 9, 10, 10, 11 ], "texture": "#2" },
				"north": { "uv": [ 8, 4, 9, 8 ], "texture": "#2" },
				"south": { "uv": [ 5, 11, 6, 15 ], "texture": "#2" },
				"west": { "uv": [ 3, 8, 4, 12 ], "texture": "#2" },
				"east": { "uv": [ 6, 8, 7, 12 ], "texture": "#2" }
			}
		},
		{
			"from": [ 2, 6, 9 ],
			"to": [ 3, 7, 11 ],
			"faces": {
				"down": { "uv": [ 12, 2, 13, 4 ], "texture": "#2" },
				"up": { "uv": [ 13, 6, 14, 8 ], "texture": "#2" },
				"north": { "uv": [ 4, 3, 5, 4 ], "texture": "#2" },
				"south": { "uv": [ 9, 6, 10, 7 ], "texture": "#2" },
				"west": { "uv": [ 11, 10, 13, 11 ], "texture": "#2" },
				"east": { "uv": [ 9, 7, 11, 8 ], "texture": "#2" }
			}
		},
		{
			"from": [ 0, 11, 9 ],
			"to": [ 1, 12, 11 ],
			"faces": {
				"down": { "uv": [ 0, 0, 1, 2 ], "texture": "#0" },
				"up": { "uv": [ 0, 0, 1, 2 ], "texture": "#0" },
				"north": { "uv": [ 0, 0, 1, 1 ], "texture": "#0" },
				"south": { "uv": [ 0, 4, 1, 5 ], "texture": "#0" },
				"west": { "uv": [ 0, 0, 2, 1 ], "texture": "#0" },
				"east": { "uv": [ 0, 0, 2, 1 ], "texture": "#0" }
			}
		},
		{
			"from": [ 13, 6, 12 ],
			"to": [ 14, 13, 14 ],
			"faces": {
				"down": { "uv": [ 0, 0, 1, 2 ], "texture": "#0" },
				"up": { "uv": [ 0, 0, 1, 2 ], "texture": "#0" },
				"north": { "uv": [ 1, 0, 2, 7 ], "texture": "#2" },
				"south": { "uv": [ 13, 1, 14, 8 ], "texture": "#0" },
				"west": { "uv": [ 0, 0, 2, 7 ], "texture": "#0" },
				"east": { "uv": [ 2, 3, 4, 10 ], "texture": "#0" }
			}
		},
		{
			"from": [ 1, 12, 11 ],
			"to": [ 2, 13, 13 ],
			"faces": {
				"down": { "uv": [ 0, 0, 1, 2 ], "texture": "#0" },
				"up": { "uv": [ 0, 0, 1, 2 ], "texture": "#0" },
				"north": { "uv": [ 0, 0, 1, 1 ], "texture": "#0" },
				"south": { "uv": [ 1, 3, 2, 4 ], "texture": "#0" },
				"west": { "uv": [ 0, 0, 2, 1 ], "texture": "#0" },
				"east": { "uv": [ 0, 0, 2, 1 ], "texture": "#0" }
			}
		},
		{
			"from": [ 12, 6, 12 ],
			"to": [ 13, 14, 13 ],
			"faces": {
				"down": { "uv": [ 0, 0, 1, 1 ], "texture": "#0" },
				"up": { "uv": [ 0, 0, 1, 1 ], "texture": "#0" },
				"north": { "uv": [ 1, 0, 2, 8 ], "texture": "#2" },
				"south": { "uv": [ 0, 0, 1, 8 ], "texture": "#0" },
				"west": { "uv": [ 1, 0, 2, 8 ], "texture": "#2" },
				"east": { "uv": [ 0, 0, 1, 8 ], "texture": "#0" }
			}
		},
		{
			"from": [ 14, 6, 10 ],
			"to": [ 15, 12, 13 ],
			"faces": {
				"down": { "uv": [ 0, 0, 1, 3 ], "texture": "#0" },
				"up": { "uv": [ 0, 0, 1, 3 ], "texture": "#0" },
				"north": { "uv": [ 0, 0, 1, 6 ], "texture": "#0" },
				"south": { "uv": [ 13, 3, 14, 9 ], "texture": "#0" },
				"west": { "uv": [ 2, 0, 5, 6 ], "texture": "#2" },
				"east": { "uv": [ 4, 4, 7, 10 ], "texture": "#0" }
			}
		},
		{
			"from": [ 13, 6, 11 ],
			"to": [ 14, 11, 12 ],
			"faces": {
				"down": { "uv": [ 4, 2, 5, 3 ], "texture": "#2" },
				"up": { "uv": [ 1, 2, 2, 3 ], "texture": "#2" },
				"north": { "uv": [ 4, 3, 5, 8 ], "texture": "#2" },
				"south": { "uv": [ 6, 4, 7, 9 ], "texture": "#2" },
				"west": { "uv": [ 6, 5, 7, 10 ], "texture": "#2" },
				"east": { "uv": [ 10, 8, 11, 13 ], "texture": "#2" }
			}
		},
		{
			"from": [ 15, 6, 6 ],
			"to": [ 16, 9, 11 ],
			"faces": {
				"down": { "uv": [ 0, 0, 1, 5 ], "texture": "#2" },
				"up": { "uv": [ 0, 0, 1, 5 ], "texture": "#2" },
				"north": { "uv": [ 0, 0, 1, 3 ], "texture": "#0" },
				"south": { "uv": [ 0, 0, 1, 3 ], "texture": "#2" },
				"west": { "uv": [ 0, 0, 5, 3 ], "texture": "#2" },
				"east": { "uv": [ 6, 7, 11, 10 ], "texture": "#0" }
			}
		},
		{
			"from": [ 14, 6, 7 ],
			"to": [ 15, 8, 10 ],
			"faces": {
				"down": { "uv": [ 5, 3, 6, 6 ], "texture": "#2" },
				"up": { "uv": [ 8, 6, 9, 9 ], "texture": "#2" },
				"north": { "uv": [ 7, 2, 8, 4 ], "texture": "#2" },
				"south": { "uv": [ 3, 7, 4, 9 ], "texture": "#2" },
				"west": { "uv": [ 3, 6, 6, 8 ], "texture": "#2" },
				"east": { "uv": [ 9, 11, 12, 13 ], "texture": "#2" }
			}
		},
		{
			"from": [ 15, 9, 7 ],
			"to": [ 16, 11, 11 ],
			"faces": {
				"down": { "uv": [ 0, 0, 1, 4 ], "texture": "#0" },
				"up": { "uv": [ 0, 0, 1, 4 ], "texture": "#0" },
				"north": { "uv": [ 0, 0, 1, 2 ], "texture": "#1" },
				"south": { "uv": [ 15, 2, 16, 4 ], "texture": "#0" },
				"west": { "uv": [ 0, 0, 4, 2 ], "texture": "#2" },
				"east": { "uv": [ 6, 5, 10, 7 ], "texture": "#0" }
			}
		},
		{
			"from": [ 14, 8, 9 ],
			"to": [ 15, 11, 10 ],
			"faces": {
				"down": { "uv": [ 4, 3, 5, 4 ], "texture": "#2" },
				"up": { "uv": [ 5, 6, 6, 7 ], "texture": "#2" },
				"north": { "uv": [ 3, 9, 4, 12 ], "texture": "#2" },
				"south": { "uv": [ 7, 9, 8, 12 ], "texture": "#2" },
				"west": { "uv": [ 3, 4, 4, 7 ], "texture": "#2" },
				"east": { "uv": [ 3, 7, 4, 10 ], "texture": "#2" }
			}
		},
		{
			"from": [ 14, 8, 8 ],
			"to": [ 15, 10, 9 ],
			"faces": {
				"down": { "uv": [ 7, 4, 8, 5 ], "texture": "#2" },
				"up": { "uv": [ 8, 10, 9, 11 ], "texture": "#2" },
				"north": { "uv": [ 1, 2, 2, 4 ], "texture": "#2" },
				"south": { "uv": [ 3, 5, 4, 7 ], "texture": "#2" },
				"west": { "uv": [ 8, 13, 9, 15 ], "texture": "#2" },
				"east": { "uv": [ 2, 2, 3, 4 ], "texture": "#2" }
			}
		},
		{
			"from": [ 13, 6, 10 ],
			"to": [ 14, 8, 11 ],
			"faces": {
				"down": { "uv": [ 7, 4, 8, 5 ], "texture": "#2" },
				"up": { "uv": [ 4, 5, 5, 6 ], "texture": "#2" },
				"north": { "uv": [ 4, 6, 5, 8 ], "texture": "#2" },
				"south": { "uv": [ 5, 6, 6, 8 ], "texture": "#2" },
				"west": { "uv": [ 9, 9, 10, 11 ], "texture": "#2" },
				"east": { "uv": [ 3, 8, 4, 10 ], "texture": "#2" }
			}
		},
		{
			"from": [ 11, 6, 12 ],
			"to": [ 12, 12, 13 ],
			"faces": {
				"down": { "uv": [ 4, 3, 5, 4 ], "texture": "#2" },
				"up": { "uv": [ 5, 2, 6, 3 ], "texture": "#2" },
				"north": { "uv": [ 6, 5, 7, 11 ], "texture": "#2" },
				"south": { "uv": [ 6, 3, 7, 9 ], "texture": "#2" },
				"west": { "uv": [ 6, 5, 7, 11 ], "texture": "#2" },
				"east": { "uv": [ 9, 3, 10, 9 ], "texture": "#2" }
			}
		},
		{
			"from": [ 12, 6, 11 ],
			"to": [ 13, 9, 12 ],
			"faces": {
				"down": { "uv": [ 7, 5, 8, 6 ], "texture": "#2" },
				"up": { "uv": [ 4, 4, 5, 5 ], "texture": "#2" },
				"north": { "uv": [ 3, 3, 4, 6 ], "texture": "#2" },
				"south": { "uv": [ 7, 7, 8, 10 ], "texture": "#2" },
				"west": { "uv": [ 9, 5, 10, 8 ], "texture": "#2" },
				"east": { "uv": [ 4, 6, 5, 9 ], "texture": "#2" }
			}
		},
		{
			"from": [ 10, 6, 13 ],
			"to": [ 11, 13, 14 ],
			"faces": {
				"down": { "uv": [ 8, 5, 9, 6 ], "texture": "#2" },
				"up": { "uv": [ 9, 6, 10, 7 ], "texture": "#2" },
				"north": { "uv": [ 6, 6, 7, 13 ], "texture": "#2" },
				"south": { "uv": [ 6, 4, 7, 11 ], "texture": "#2" },
				"west": { "uv": [ 11, 4, 12, 11 ], "texture": "#2" },
				"east": { "uv": [ 7, 5, 8, 12 ], "texture": "#2" }
			}
		},
		{
			"from": [ 6, 6, 13 ],
			"to": [ 10, 9, 14 ],
			"faces": {
				"down": { "uv": [ 5, 5, 9, 6 ], "texture": "#2" },
				"up": { "uv": [ 5, 4, 9, 5 ], "texture": "#2" },
				"north": { "uv": [ 5, 4, 9, 7 ], "texture": "#2" },
				"south": { "uv": [ 2, 5, 6, 8 ], "texture": "#2" },
				"west": { "uv": [ 11, 11, 12, 14 ], "texture": "#2" },
				"east": { "uv": [ 8, 9, 9, 12 ], "texture": "#2" }
			}
		},
		{
			"from": [ 6, 9, 13 ],
			"to": [ 7, 10, 14 ],
			"faces": {
				"down": { "uv": [ 7, 4, 8, 5 ], "texture": "#2" },
				"up": { "uv": [ 6, 2, 7, 3 ], "texture": "#2" },
				"north": { "uv": [ 4, 5, 5, 6 ], "texture": "#2" },
				"south": { "uv": [ 8, 4, 9, 5 ], "texture": "#2" },
				"west": { "uv": [ 9, 10, 10, 11 ], "texture": "#2" },
				"east": { "uv": [ 7, 8, 8, 9 ], "texture": "#2" }
			}
		},
		{
			"from": [ 9, 9, 13 ],
			"to": [ 10, 11, 14 ],
			"faces": {
				"down": { "uv": [ 4, 4, 5, 5 ], "texture": "#2" },
				"up": { "uv": [ 4, 1, 5, 2 ], "texture": "#2" },
				"north": { "uv": [ 5, 5, 6, 7 ], "texture": "#2" },
				"south": { "uv": [ 5, 5, 6, 7 ], "texture": "#2" },
				"west": { "uv": [ 4, 8, 5, 10 ], "texture": "#2" },
				"east": { "uv": [ 5, 2, 6, 4 ], "texture": "#2" }
			}
		}
	],
	"display": {
		"thirdperson_righthand": {
			"translation":  [ 0, 2.5, 2 ],
			"scale":  [ 0.3, 0.3, 0.3 ]
		},
		"thirdperson_lefthand": {
			"translation":  [ 0, 2.5, 2 ],
			"scale":  [ 0.3, 0.3, 0.3 ]
		},
		"firstperson_righthand": {
			"rotation":  [ 0, 45, 0 ],
			"scale":  [ 0.4, 0.4, 0.4 ]
		},
		"firstperson_lefthand": {
			"rotation":  [ 0, 45, 0 ],
			"scale":  [ 0.4, 0.4, 0.4 ]
		},
		"gui": {
			"rotation":  [ 35, -135, 0 ],
			"scale":  [ 0.6, 0.6, 0.6 ]
		},
		"head": {
			"translation":  [ 0, 15, 0 ]
		},
		"ground": {
			"translation":  [ 0, 3, 0 ],
			"scale":  [ 0.25, 0.25, 0.25 ]
		},
		"fixed": {
			"rotation":  [ 0, 90, 0 ]
		}
	}
}
