{
	"__comment": "designed by j_t_k222",
	"textures": {
		"particle": "drpmedieval:blocks/simple_table/simple_%wood%_table",
		"texture": "drpmedieval:blocks/simple_table/simple_%wood%_table"
	},
	"elements": [
		{
			"__comment": "table_plate1",
			"from": [ 0.5, 15, 0 ],
			"to": [ 3.5, 16, 16 ],
			"faces": {
				"down": { "uv": [ 0.5, 6.67572e-06, 3.5, 16 ], "texture": "#texture" },
				"up": { "uv": [ 0.5, 0, 3.5, 15.99999 ], "texture": "#texture", "cullface": "up" },
				"north": { "uv": [ 12.5, 5.722046e-06, 15.5, 1.000006 ], "texture": "#texture", "cullface": "north" },
				"south": { "uv": [ 0.5, 5.722046e-06, 3.5, 1.000006 ], "texture": "#texture", "cullface": "south" },
				"west": { "uv": [ 0, 5.722046e-06, 15.99999, 1.000006 ], "texture": "#texture", "cullface": "west" },
				"east": { "uv": [ 6.67572e-06, 5.722046e-06, 16, 1.000006 ], "texture": "#texture", "cullface": "east" }
			}
		},
		{
			"__comment": "leg_n_w",
			"from": [ 1, 0, 1 ],
			"to": [ 3, 15, 3 ],
			"faces": {
				"down": { "uv": [ 1.5, 13.5, 2.5, 14.5 ], "texture": "#texture", "cullface": "down" },
				"up": { "uv": [ 1.5, 1.5, 2.5, 2.5 ], "texture": "#texture" },
				"north": { "uv": [ 13.5, 1, 14.5, 16 ], "texture": "#texture" },
				"south": { "uv": [ 1.5, 1, 2.5, 16 ], "texture": "#texture" },
				"west": { "uv": [ 1.5, 1, 2.5, 16 ], "texture": "#texture" },
				"east": { "uv": [ 13.5, 1, 14.5, 16 ], "texture": "#texture" }
			}
		},
		{
			"__comment": "leg_n_w",
			"from": [ 1, 0, 13 ],
			"to": [ 3, 15, 15 ],
			"faces": {
				"down": { "uv": [ 1.5, 1.5, 2.5, 2.5 ], "texture": "#texture" },
				"up": { "uv": [ 1.5, 13.5, 2.5, 14.5 ], "texture": "#texture" },
				"north": { "uv": [ 2.5, 15, 1.5, 0 ], "texture": "#texture" },
				"south": { "uv": [ 14.5, 15, 13.5, 0 ], "texture": "#texture" },
				"west": { "uv": [ 1.5, 0, 2.5, 15 ], "texture": "#texture", "rotation": 180 },
				"east": { "uv": [ 13.5, 0, 14.5, 15 ], "texture": "#texture", "rotation": 180 }
			}
		},
		{
			"__comment": "leg_n_e",
			"from": [ 13, 0, 13 ],
			"to": [ 15, 15, 15 ],
			"faces": {
				"down": { "uv": [ 13.5, 1.5, 14.5, 2.5 ], "texture": "#texture" },
				"up": { "uv": [ 13.5, 13.5, 14.5, 14.5 ], "texture": "#texture" },
				"north": { "uv": [ 14.5, 15, 13.5, 0 ], "texture": "#texture" },
				"south": { "uv": [ 2.5, 15, 1.5, 0 ], "texture": "#texture" },
				"west": { "uv": [ 1.5, 0, 2.5, 15 ], "texture": "#texture", "rotation": 180 },
				"east": { "uv": [ 13.5, 0, 14.5, 15 ], "texture": "#texture", "rotation": 180 }
			}
		},
		{
			"__comment": "leg_s_e",
			"from": [ 13, 0, 1 ],
			"to": [ 15, 15, 3 ],
			"faces": {
				"down": { "uv": [ 13.5, 13.5, 14.5, 14.5 ], "texture": "#texture" },
				"up": { "uv": [ 13.5, 1.5, 14.5, 2.5 ], "texture": "#texture" },
				"north": { "uv": [ 14.5, 15, 13.5, 0 ], "texture": "#texture" },
				"south": { "uv": [ 2.5, 15, 1.5, 0 ], "texture": "#texture" },
				"west": { "uv": [ 13.5, 0, 14.5, 15 ], "texture": "#texture", "rotation": 180 },
				"east": { "uv": [ 1.5, 0, 2.5, 15 ], "texture": "#texture", "rotation": 180 }
			}
		},
		{
			"__comment": "plate_south",
			"from": [ 1.5, 12.5, 3 ],
			"to": [ 2.5, 15, 13 ],
			"faces": {
				"down": { "uv": [ 1.5, 3, 2.5, 13 ], "texture": "#texture" },
				"up": { "uv": [ 1.5, 3, 2.5, 13 ], "texture": "#texture" },
				"north": { "uv": [ 2.5, 15, 1.5, 12.5 ], "texture": "#texture" },
				"south": { "uv": [ 14.5, 15, 13.5, 12.5 ], "texture": "#texture" },
				"west": { "uv": [ 3, 12.5, 13, 15 ], "texture": "#texture", "rotation": 180 },
				"east": { "uv": [ 3, 12.5, 13, 15 ], "texture": "#texture", "rotation": 180 }
			}
		},
		{
			"__comment": "cube8",
			"from": [ 3, 12.5, 13.5 ],
			"to": [ 13, 15, 14.5 ],
			"faces": {
				"down": { "uv": [ 3, 1.5, 13, 2.5 ], "texture": "#texture" },
				"up": { "uv": [ 3, 13.5, 13, 14.5 ], "texture": "#texture" },
				"north": { "uv": [ 13, 15, 3, 12.5 ], "texture": "#texture" },
				"south": { "uv": [ 13, 15, 3, 12.5 ], "texture": "#texture" },
				"west": { "uv": [ 1.5, 12.5, 2.5, 15 ], "texture": "#texture", "rotation": 180 },
				"east": { "uv": [ 13.5, 12.5, 14.5, 15 ], "texture": "#texture", "rotation": 180 }
			}
		},
		{
			"__comment": "plate_east",
			"from": [ 13.5, 12.5, 3 ],
			"to": [ 14.5, 15, 13 ],
			"faces": {
				"down": { "uv": [ 13.5, 3, 14.5, 13 ], "texture": "#texture" },
				"up": { "uv": [ 13.5, 3, 14.5, 13 ], "texture": "#texture" },
				"north": { "uv": [ 14.5, 15, 13.5, 12.5 ], "texture": "#texture" },
				"south": { "uv": [ 2.5, 15, 1.5, 12.5 ], "texture": "#texture" },
				"west": { "uv": [ 3, 12.5, 13, 15 ], "texture": "#texture", "rotation": 180 },
				"east": { "uv": [ 3, 12.5, 13, 15 ], "texture": "#texture", "rotation": 180 }
			}
		},
		{
			"__comment": "plate_north",
			"from": [ 3, 12.5, 1.5 ],
			"to": [ 13, 15, 2.5 ],
			"faces": {
				"down": { "uv": [ 3, 13.5, 13, 14.5 ], "texture": "#texture" },
				"up": { "uv": [ 3, 1.5, 13, 2.5 ], "texture": "#texture" },
				"north": { "uv": [ 13, 15, 3, 12.5 ], "texture": "#texture" },
				"south": { "uv": [ 13, 15, 3, 12.5 ], "texture": "#texture" },
				"west": { "uv": [ 13.5, 12.5, 14.5, 15 ], "texture": "#texture", "rotation": 180 },
				"east": { "uv": [ 1.5, 12.5, 2.5, 15 ], "texture": "#texture", "rotation": 180 }
			}
		},
		{
			"__comment": "table_plate2",
			"from": [ 4.5, 15, 0 ],
			"to": [ 7.5, 16, 16 ],
			"faces": {
				"down": { "uv": [ 4.5, 0, 7.5, 16 ], "texture": "#texture" },
				"up": { "uv": [ 4.5, 0, 7.5, 16 ], "texture": "#texture" },
				"north": { "uv": [ 8.5, 0, 11.5, 1 ], "texture": "#texture" },
				"south": { "uv": [ 4.5, 0, 7.5, 1 ], "texture": "#texture" },
				"west": { "uv": [ 0, 0, 16, 1 ], "texture": "#texture" },
				"east": { "uv": [ 0, 0, 16, 1 ], "texture": "#texture" }
			}
		},
		{
			"__comment": "table_plate4",
			"from": [ 12.5, 15, 0 ],
			"to": [ 15.5, 16, 16 ],
			"faces": {
				"down": { "uv": [ 12.5, 0, 15.5, 16 ], "texture": "#texture" },
				"up": { "uv": [ 12.5, 0, 15.5, 16 ], "texture": "#texture" },
				"north": { "uv": [ 0.5, 0, 3.5, 1 ], "texture": "#texture" },
				"south": { "uv": [ 12.5, 0, 15.5, 1 ], "texture": "#texture" },
				"west": { "uv": [ 0, 0, 16, 1 ], "texture": "#texture" },
				"east": { "uv": [ 0, 0, 16, 1 ], "texture": "#texture" }
			}
		},
		{
			"__comment": "table_plate3",
			"from": [ 8.5, 15, 0 ],
			"to": [ 11.5, 16, 16 ],
			"faces": {
				"down": { "uv": [ 8.5, 0, 11.5, 16 ], "texture": "#texture" },
				"up": { "uv": [ 8.5, 0, 11.5, 16 ], "texture": "#texture" },
				"north": { "uv": [ 4.5, 0, 7.5, 1 ], "texture": "#texture" },
				"south": { "uv": [ 8.5, 0, 11.5, 1 ], "texture": "#texture" },
				"west": { "uv": [ 0, 0, 16, 1 ], "texture": "#texture" },
				"east": { "uv": [ 0, 0, 16, 1 ], "texture": "#texture" }
			}
		}
	],
	"display": {
		"thirdperson_righthand": {
			"translation":  [ 0, 0, 2 ],
			"scale":  [ 0.3, 0.3, 0.3 ]
		},
		"thirdperson_lefthand": {
			"translation":  [ 0, 0, 2 ],
			"scale":  [ 0.3, 0.3, 0.3 ]
		},
		"firstperson_righthand": {
			"rotation":  [ 0, 45, 0 ],
			"scale":  [ 0.4, 0.4, 0.4 ]
		},
		"firstperson_lefthand": {
			"rotation":  [ 0, 45, 0 ],
			"scale":  [ 0.4, 0.4, 0.4 ]
		},
		"gui": {
			"rotation":  [ 35, 45, 0 ],
			"scale":  [ 0.5, 0.5, 0.5 ]
		},
		"head": {
			"translation":  [ 0, 15, 0 ]
		},
		"ground": {
			"translation":  [ 0, 3, 0 ],
			"scale":  [ 0.25, 0.25, 0.25 ]
		}
	}
}
