{
    "variants":{
       "addon_lighter=false,addon_trap=false,facing=north,powered=false":{"model":"drpmedieval:candles/candle_holder"},
	   "addon_lighter=false,addon_trap=false,facing=east,powered=false":{"model":"drpmedieval:candles/candle_holder","y":90},
	   "addon_lighter=false,addon_trap=false,facing=south,powered=false":{"model":"drpmedieval:candles/candle_holder","y":180},
	   "addon_lighter=false,addon_trap=false,facing=west,powered=false":{"model":"drpmedieval:candles/candle_holder","y":270},
	   
	   "addon_lighter=true,addon_trap=false,facing=north,powered=false":{"model":"drpmedieval:candles/candle_holder"},
	   "addon_lighter=true,addon_trap=false,facing=east,powered=false":{"model":"drpmedieval:candles/candle_holder","y":90},
	   "addon_lighter=true,addon_trap=false,facing=south,powered=false":{"model":"drpmedieval:candles/candle_holder","y":180},
	   "addon_lighter=true,addon_trap=false,facing=west,powered=false":{"model":"drpmedieval:candles/candle_holder","y":270},
	   
	   "addon_lighter=false,addon_trap=true,facing=north,powered=false":{"model":"drpmedieval:candles/candle_holder"},
	   "addon_lighter=false,addon_trap=true,facing=east,powered=false":{"model":"drpmedieval:candles/candle_holder","y":90},
	   "addon_lighter=false,addon_trap=true,facing=south,powered=false":{"model":"drpmedieval:candles/candle_holder","y":180},
	   "addon_lighter=false,addon_trap=true,facing=west,powered=false":{"model":"drpmedieval:candles/candle_holder","y":270},
	   
	   "addon_lighter=true,addon_trap=true,facing=north,powered=false":{"model":"drpmedieval:candles/candle_holder"},
	   "addon_lighter=true,addon_trap=true,facing=east,powered=false":{"model":"drpmedieval:candles/candle_holder","y":90},
	   "addon_lighter=true,addon_trap=true,facing=south,powered=false":{"model":"drpmedieval:candles/candle_holder","y":180},
	   "addon_lighter=true,addon_trap=true,facing=west,powered=false":{"model":"drpmedieval:candles/candle_holder","y":270},
	   
	   "addon_lighter=false,addon_trap=false,facing=north,powered=true":{"model":"drpmedieval:candles/candle_holder_powered"},
	   "addon_lighter=false,addon_trap=false,facing=east,powered=true":{"model":"drpmedieval:candles/candle_holder_powered","y":90},
	   "addon_lighter=false,addon_trap=false,facing=south,powered=true":{"model":"drpmedieval:candles/candle_holder_powered","y":180},
	   "addon_lighter=false,addon_trap=false,facing=west,powered=true":{"model":"drpmedieval:candles/candle_holder_powered","y":270},
	   
	   "addon_lighter=true,addon_trap=false,facing=north,powered=true":{"model":"drpmedieval:candles/candle_holder_powered"},
	   "addon_lighter=true,addon_trap=false,facing=east,powered=true":{"model":"drpmedieval:candles/candle_holder_powered","y":90},
	   "addon_lighter=true,addon_trap=false,facing=south,powered=true":{"model":"drpmedieval:candles/candle_holder_powered","y":180},
	   "addon_lighter=true,addon_trap=false,facing=west,powered=true":{"model":"drpmedieval:candles/candle_holder_powered","y":270},
	   
	   "addon_lighter=false,addon_trap=true,facing=north,powered=true":{"model":"drpmedieval:candles/candle_holder_powered"},
	   "addon_lighter=false,addon_trap=true,facing=east,powered=true":{"model":"drpmedieval:candles/candle_holder_powered","y":90},
	   "addon_lighter=false,addon_trap=true,facing=south,powered=true":{"model":"drpmedieval:candles/candle_holder_powered","y":180},
	   "addon_lighter=false,addon_trap=true,facing=west,powered=true":{"model":"drpmedieval:candles/candle_holder_powered","y":270},
	   
	   "addon_lighter=true,addon_trap=true,facing=north,powered=true":{"model":"drpmedieval:candles/candle_holder_powered"},
	   "addon_lighter=true,addon_trap=true,facing=east,powered=true":{"model":"drpmedieval:candles/candle_holder_powered","y":90},
	   "addon_lighter=true,addon_trap=true,facing=south,powered=true":{"model":"drpmedieval:candles/candle_holder_powered","y":180},
	   "addon_lighter=true,addon_trap=true,facing=west,powered=true":{"model":"drpmedieval:candles/candle_holder_powered","y":270}

	}
}
