{
    "variants":{
        "facing=north,filled=false":{"model":"drpmedieval:m_i_s_s_i_n_g"},
        "facing=east,filled=false":{"model":"drpmedieval:m_i_s_s_i_n_g", "y":90},
        "facing=south,filled=false":{"model":"drpmedieval:m_i_s_s_i_n_g", "y":180},
        "facing=west,filled=false":{"model":"drpmedieval:m_i_s_s_i_n_g", "y":270},   
		
		"facing=north,filled=true":{"model":"drpmedieval:m_i_s_s_i_n_g"},
        "facing=east,filled=true":{"model":"drpmedieval:m_i_s_s_i_n_g", "y":90},
        "facing=south,filled=true":{"model":"drpmedieval:m_i_s_s_i_n_g", "y":180},
        "facing=west,filled=true":{"model":"drpmedieval:m_i_s_s_i_n_g", "y":270}   
    }
}
