{
	"__comment": "designed by j_t_k222",
	"textures": {
		"particle": "#all",
		"texture": "#all"
	},
	"elements": [
		{
			"__comment": "cube1",
			"from": [ 1.5, 0, 13 ],
			"to": [ 3.5, 18, 15 ],
			"faces": {
				"down": { "uv": [ 1.5, 1, 3.5, 3 ], "texture": "#texture" },
				"up": { "uv": [ 1.5, 13, 3.5, 15 ], "texture": "#texture" },
				"north": { "uv": [ 12.5, 0, 14.5, 16 ], "texture": "#texture" },
				"south": { "uv": [ 1.5, 0, 3.5, 16 ], "texture": "#texture" },
				"west": { "uv": [ 13, 0, 15, 16 ], "texture": "#texture" },
				"east": { "uv": [ 1, 0, 3, 16 ], "texture": "#texture" }
			}
		},
		{
			"__comment": "cube2",
			"from": [ 3.5, 5.5, 3.5 ],
			"to": [ 12.5, 7, 4.5 ],
			"faces": {
				"down": { "uv": [ 3.5, 11.5, 12.5, 12.5 ], "texture": "#texture" },
				"up": { "uv": [ 3.5, 3.5, 12.5, 4.5 ], "texture": "#texture" },
				"north": { "uv": [ 3.5, 9, 12.5, 10.5 ], "texture": "#texture" },
				"south": { "uv": [ 3.5, 9, 12.5, 10.5 ], "texture": "#texture" },
				"west": { "uv": [ 3.5, 9, 4.5, 10.5 ], "texture": "#texture" },
				"east": { "uv": [ 11.5, 9, 12.5, 10.5 ], "texture": "#texture" }
			}
		},
		{
			"__comment": "cube3",
			"from": [ 12.5, 0, 13 ],
			"to": [ 14.5, 18, 15 ],
			"faces": {
				"down": { "uv": [ 12.5, 1, 14.5, 3 ], "texture": "#texture" },
				"up": { "uv": [ 12.5, 13, 14.5, 15 ], "texture": "#texture" },
				"north": { "uv": [ 1.5, 0, 3.5, 16 ], "texture": "#texture" },
				"south": { "uv": [ 12.5, 0, 14.5, 16 ], "texture": "#texture" },
				"west": { "uv": [ 13, 0, 15, 16 ], "texture": "#texture" },
				"east": { "uv": [ 1, 0, 3, 16 ], "texture": "#texture" }
			}
		},
		{
			"__comment": "cube4",
			"from": [ 1.5, 0, 3 ],
			"to": [ 3.5, 7, 5 ],
			"faces": {
				"down": { "uv": [ 1.5, 11, 3.5, 13 ], "texture": "#texture" },
				"up": { "uv": [ 1.5, 3, 3.5, 5 ], "texture": "#texture" },
				"north": { "uv": [ 12.5, 9, 14.5, 16 ], "texture": "#texture" },
				"south": { "uv": [ 1.5, 9, 3.5, 16 ], "texture": "#texture" },
				"west": { "uv": [ 3, 9, 5, 16 ], "texture": "#texture" },
				"east": { "uv": [ 11, 9, 13, 16 ], "texture": "#texture" }
			}
		},
		{
			"__comment": "cube5",
			"from": [ 12.5, 0, 3 ],
			"to": [ 14.5, 7, 5 ],
			"faces": {
				"down": { "uv": [ 12.5, 11, 14.5, 13 ], "texture": "#texture" },
				"up": { "uv": [ 12.5, 3, 14.5, 5 ], "texture": "#texture" },
				"north": { "uv": [ 1.5, 9, 3.5, 16 ], "texture": "#texture" },
				"south": { "uv": [ 12.5, 9, 14.5, 16 ], "texture": "#texture" },
				"west": { "uv": [ 3, 9, 5, 16 ], "texture": "#texture" },
				"east": { "uv": [ 11, 9, 13, 16 ], "texture": "#texture" }
			}
		},
		{
			"__comment": "cube7",
			"from": [ 2, 5.5, 5 ],
			"to": [ 3, 7, 13 ],
			"faces": {
				"down": { "uv": [ 2, 3, 3, 11 ], "texture": "#texture" },
				"up": { "uv": [ 2, 5, 3, 13 ], "texture": "#texture" },
				"north": { "uv": [ 13, 9, 14, 10.5 ], "texture": "#texture" },
				"south": { "uv": [ 2, 9, 3, 10.5 ], "texture": "#texture" },
				"west": { "uv": [ 5, 9, 13, 10.5 ], "texture": "#texture" },
				"east": { "uv": [ 3, 9, 11, 10.5 ], "texture": "#texture" }
			}
		},
		{
			"__comment": "cube8",
			"from": [ 3.5, 5.5, 13.5 ],
			"to": [ 12.5, 7, 14.5 ],
			"faces": {
				"down": { "uv": [ 3.5, 1.5, 12.5, 2.5 ], "texture": "#texture" },
				"up": { "uv": [ 3.5, 13.5, 12.5, 14.5 ], "texture": "#texture" },
				"north": { "uv": [ 3.5, 9, 12.5, 10.5 ], "texture": "#texture" },
				"south": { "uv": [ 3.5, 9, 12.5, 10.5 ], "texture": "#texture" },
				"west": { "uv": [ 13.5, 9, 14.5, 10.5 ], "texture": "#texture" },
				"east": { "uv": [ 1.5, 9, 2.5, 10.5 ], "texture": "#texture" }
			}
		},
		{
			"__comment": "cube9",
			"from": [ 13, 5.5, 5 ],
			"to": [ 14, 7, 13 ],
			"faces": {
				"down": { "uv": [ 13, 3, 14, 11 ], "texture": "#texture" },
				"up": { "uv": [ 13, 5, 14, 13 ], "texture": "#texture" },
				"north": { "uv": [ 2, 9, 3, 10.5 ], "texture": "#texture" },
				"south": { "uv": [ 13, 9, 14, 10.5 ], "texture": "#texture" },
				"west": { "uv": [ 5, 9, 13, 10.5 ], "texture": "#texture" },
				"east": { "uv": [ 3, 9, 11, 10.5 ], "texture": "#texture" }
			}
		},
		{
			"__comment": "cube10",
			"from": [ 1, 7, 2.5 ],
			"to": [ 4, 8, 13 ],
			"faces": {
				"down": { "uv": [ 1, 3, 4, 13.5 ], "texture": "#texture" },
				"up": { "uv": [ 1, 2.5, 4, 13 ], "texture": "#texture" },
				"north": { "uv": [ 12, 8, 15, 9 ], "texture": "#texture" },
				"south": { "uv": [ 1, 8, 4, 9 ], "texture": "#texture" },
				"west": { "uv": [ 2.5, 8, 13, 9 ], "texture": "#texture" },
				"east": { "uv": [ 3, 8, 13.5, 9 ], "texture": "#texture" }
			}
		},
		{
			"__comment": "cube11",
			"from": [ 4.625, 7, 2.5 ],
			"to": [ 7.625, 8, 15 ],
			"faces": {
				"down": { "uv": [ 4.625, 1, 7.625, 13.5 ], "texture": "#texture" },
				"up": { "uv": [ 4.625, 2.5, 7.625, 15 ], "texture": "#texture" },
				"north": { "uv": [ 8.375, 8, 11.375, 9 ], "texture": "#texture" },
				"south": { "uv": [ 4.625, 8, 7.625, 9 ], "texture": "#texture" },
				"west": { "uv": [ 2.5, 8, 15, 9 ], "texture": "#texture" },
				"east": { "uv": [ 1, 8, 13.5, 9 ], "texture": "#texture" }
			}
		},
		{
			"__comment": "cube12",
			"from": [ 8.375, 7, 2.5 ],
			"to": [ 11.375, 8, 15 ],
			"faces": {
				"down": { "uv": [ 8.375, 1, 11.375, 13.5 ], "texture": "#texture" },
				"up": { "uv": [ 8.375, 2.5, 11.375, 15 ], "texture": "#texture" },
				"north": { "uv": [ 4.625, 8, 7.625, 9 ], "texture": "#texture" },
				"south": { "uv": [ 8.375, 8, 11.375, 9 ], "texture": "#texture" },
				"west": { "uv": [ 2.5, 8, 15, 9 ], "texture": "#texture" },
				"east": { "uv": [ 1, 8, 13.5, 9 ], "texture": "#texture" }
			}
		},
		{
			"__comment": "cube13",
			"from": [ 12, 7, 2.5 ],
			"to": [ 15, 8, 13 ],
			"faces": {
				"down": { "uv": [ 12, 3, 15, 13.5 ], "texture": "#texture" },
				"up": { "uv": [ 12, 2.5, 15, 13 ], "texture": "#texture" },
				"north": { "uv": [ 1, 8, 4, 9 ], "texture": "#texture" },
				"south": { "uv": [ 12, 8, 15, 9 ], "texture": "#texture" },
				"west": { "uv": [ 2.5, 8, 13, 9 ], "texture": "#texture" },
				"east": { "uv": [ 3, 8, 13.5, 9 ], "texture": "#texture" }
			}
		},
		{
			"__comment": "cube14",
			"from": [ 3.5, 14.5, 13.5 ],
			"to": [ 12.5, 17, 14.5 ],
			"faces": {
				"down": { "uv": [ 3.5, 1.5, 12.5, 2.5 ], "texture": "#texture" },
				"up": { "uv": [ 3.5, 13.5, 12.5, 14.5 ], "texture": "#texture" },
				"north": { "uv": [ 3.5, 0, 12.5, 1.5 ], "texture": "#texture" },
				"south": { "uv": [ 3.5, 0, 12.5, 1.5 ], "texture": "#texture" },
				"west": { "uv": [ 13.5, 0, 14.5, 1.5 ], "texture": "#texture" },
				"east": { "uv": [ 1.5, 0, 2.5, 1.5 ], "texture": "#texture" }
			}
		},
		{
			"__comment": "cube15",
			"from": [ 3.5, 11, 13.5 ],
			"to": [ 12.5, 13.5, 14.5 ],
			"faces": {
				"down": { "uv": [ 3.5, 1.5, 12.5, 2.5 ], "texture": "#texture" },
				"up": { "uv": [ 3.5, 13.5, 12.5, 14.5 ], "texture": "#texture" },
				"north": { "uv": [ 3.5, 2.5, 12.5, 5 ], "texture": "#texture" },
				"south": { "uv": [ 3.5, 2.5, 12.5, 5 ], "texture": "#texture" },
				"west": { "uv": [ 13.5, 2.5, 14.5, 5 ], "texture": "#texture" },
				"east": { "uv": [ 1.5, 2.5, 2.5, 5 ], "texture": "#texture" }
			}
		},
		{
			"__comment": "cube16",
			"from": [ 3.5, 7, 13 ],
			"to": [ 4, 8, 15 ],
			"faces": {
				"down": { "uv": [ 3.5, 1, 4, 3 ], "texture": "#texture" },
				"up": { "uv": [ 3.5, 13, 4, 15 ], "texture": "#texture" },
				"north": { "uv": [ 12, 8, 12.5, 9 ], "texture": "#texture" },
				"south": { "uv": [ 3.5, 8, 4, 9 ], "texture": "#texture" },
				"west": { "uv": [ 13, 8, 15, 9 ], "texture": "#texture" },
				"east": { "uv": [ 1, 8, 3, 9 ], "texture": "#texture" }
			}
		},
		{
			"__comment": "cube17",
			"from": [ 12, 7, 13 ],
			"to": [ 12.5, 8, 15 ],
			"faces": {
				"down": { "uv": [ 12, 1, 12.5, 3 ], "texture": "#texture" },
				"up": { "uv": [ 12, 13, 12.5, 15 ], "texture": "#texture" },
				"north": { "uv": [ 3.5, 8, 4, 9 ], "texture": "#texture" },
				"south": { "uv": [ 12, 8, 12.5, 9 ], "texture": "#texture" },
				"west": { "uv": [ 13, 8, 15, 9 ], "texture": "#texture" },
				"east": { "uv": [ 1, 8, 3, 9 ], "texture": "#texture" }
			}
		}
	],
	"display": {
		"thirdperson_righthand": {
			"translation":  [ 0, 2, 2 ],
			"scale":  [ 0.3, 0.3, 0.3 ]
		},
		"thirdperson_lefthand": {
			"translation":  [ 0, 2, 2 ],
			"scale":  [ 0.3, 0.3, 0.3 ]
		},
		"firstperson_righthand": {
			"rotation":  [ 0, 45, 0 ],
			"scale":  [ 0.4, 0.4, 0.4 ]
		},
		"firstperson_lefthand": {
			"rotation":  [ 0, 45, 0 ],
			"scale":  [ 0.4, 0.4, 0.4 ]
		},
		"gui": {
			"rotation":  [ 35, -135, 0 ],
			"translation":  [ 0, -1, 0 ],
			"scale":  [ 0.6, 0.6, 0.6 ]
		},
		"head": {
			"translation":  [ 0, 15, 0 ]
		},
		"ground": {
			"translation":  [ 0, 3, 0 ],
			"scale":  [ 0.25, 0.25, 0.25 ]
		},
		"fixed": {
			"rotation":  [ 0, 90, 0 ],
			"translation":  [ -1, -1, 0 ]
		}
	}
}
