{
    "forge_marker": 1,
    "defaults": {
		"model": "drpmedieval:wood_blocks/laying_barrel",
		 "textures": {
			"side": "drpmedieval:blocks/barrels/%wood%_barrel_side",
			"top": "drpmedieval:blocks/barrels/%wood%_barrel_top"
        },
        "transform": "forge:default-block"
    },
	"variants": {
		"tap":{
			"true":{
				"model": "drpmedieval:wood_blocks/laying_barrel_tap"
			},"false":{
			
			}
		},
		"facing":{
			"north":{},
			"east":{"y":90},
			"south":{"y":180},
			"west":{"y":270}
		},
		"inventory":[{}]
	}
}