{
    "__comment": "model generated using mr_crayfish's model creator (http://mrcrayfish.com/modelcreator/)",
    "textures": {
		"particle": "drpmedieval:blocks/brown_mushroom",
        "0": "drpmedieval:blocks/brown_mushroom"
    },
    "elements": [
        {
            "name": "cube",
            "from": [ 3.0, 0.0, 4.0 ], 
            "to": [ 4.0, 3.0, 5.0 ], 
            "faces": {
                "north": { "texture": "#0", "uv": [ 0.0, 13.0, 1.0, 16.0 ] },
                "east": { "texture": "#0", "uv": [ 1.0, 13.0, 2.0, 16.0 ] },
                "south": { "texture": "#0", "uv": [ 2.0, 13.0, 3.0, 16.0 ] },
                "west": { "texture": "#0", "uv": [ 3.0, 13.0, 4.0, 16.0 ] },
                "up": { "texture": "#0", "uv": [ 3.0, 11.0, 4.0, 12.0 ] },
                "down": { "texture": "#0", "uv": [ 4.0, 10.0, 5.0, 11.0 ] }
            }
        },
        {
            "name": "cube",
            "from": [ 11.5, 0.0, 5.5 ], 
            "to": [ 12.5, 4.0, 6.5 ], 
            "faces": {
                "north": { "texture": "#0", "uv": [ 0.0, 8.0, 1.0, 12.0 ] },
                "east": { "texture": "#0", "uv": [ 1.0, 8.0, 2.0, 12.0 ] },
                "south": { "texture": "#0", "uv": [ 2.0, 8.0, 3.0, 12.0 ] },
                "west": { "texture": "#0", "uv": [ 3.0, 8.0, 4.0, 12.0 ] },
                "up": { "texture": "#0", "uv": [ 4.0, 9.0, 5.0, 10.0 ] },
                "down": { "texture": "#0", "uv": [ 6.0, 9.0, 7.0, 10.0 ] }
            }
        },
        {
            "name": "cube",
            "from": [ 6.0, 0.0, 12.0 ], 
            "to": [ 7.0, 6.0, 13.0 ], 
            "faces": {
                "north": { "texture": "#0", "uv": [ 5.0, 8.0, 6.0, 14.0 ] },
                "east": { "texture": "#0", "uv": [ 4.0, 8.0, 5.0, 14.0 ] },
                "south": { "texture": "#0", "uv": [ 2.0, 8.0, 3.0, 14.0 ] },
                "west": { "texture": "#0", "uv": [ 1.0, 8.0, 2.0, 14.0 ] },
                "up": { "texture": "#0", "uv": [ 4.0, 11.0, 5.0, 12.0 ] },
                "down": { "texture": "#0", "uv": [ 4.0, 12.0, 5.0, 13.0 ] }
            }
        },
        {
            "name": "cube",
            "from": [ 1.0, 3.0, 3.0 ], 
            "to": [ 6.0, 4.0, 6.0 ], 
            "faces": {
                "north": { "texture": "#0", "uv": [ 9.0, 5.0, 14.0, 6.0 ] },
                "east": { "texture": "#0", "uv": [ 9.0, 7.0, 12.0, 8.0 ] },
                "south": { "texture": "#0", "uv": [ 9.0, 3.0, 14.0, 4.0 ] },
                "west": { "texture": "#0", "uv": [ 9.0, 5.0, 12.0, 6.0 ] },
                "up": { "texture": "#0", "uv": [ 10.0, 10.0, 15.0, 13.0 ] },
                "down": { "texture": "#0", "uv": [ 0.0, 0.0, 5.0, 3.0 ] }
            }
        },
        {
            "name": "cube",
            "from": [ 2.0, 3.0, 2.0 ], 
            "to": [ 5.0, 4.0, 3.0 ], 
            "faces": {
                "north": { "texture": "#0", "uv": [ 11.0, 5.0, 14.0, 6.0 ] },
                "east": { "texture": "#0", "uv": [ 12.0, 6.0, 13.0, 7.0 ] },
                "south": { "texture": "#0", "uv": [ 12.0, 5.0, 15.0, 6.0 ] },
                "west": { "texture": "#0", "uv": [ 11.0, 6.0, 12.0, 7.0 ] },
                "up": { "texture": "#0", "uv": [ 10.0, 5.0, 13.0, 6.0 ] },
                "down": { "texture": "#0", "uv": [ 4.0, 2.0, 7.0, 3.0 ] }
            }
        },
        {
            "name": "cube",
            "from": [ 2.0, 3.0, 6.0 ], 
            "to": [ 5.0, 4.0, 7.0 ], 
            "faces": {
                "north": { "texture": "#0", "uv": [ 9.0, 8.0, 12.0, 9.0 ] },
                "east": { "texture": "#0", "uv": [ 9.0, 8.0, 10.0, 9.0 ] },
                "south": { "texture": "#0", "uv": [ 12.0, 9.0, 15.0, 10.0 ] },
                "west": { "texture": "#0", "uv": [ 15.0, 7.0, 16.0, 8.0 ] },
                "up": { "texture": "#0", "uv": [ 9.0, 7.0, 12.0, 8.0 ] },
                "down": { "texture": "#0", "uv": [ 3.0, 6.0, 6.0, 7.0 ] }
            }
        },
        {
            "name": "cube",
            "from": [ 9.0, 4.0, 4.0 ], 
            "to": [ 15.0, 5.0, 8.0 ], 
            "faces": {
                "north": { "texture": "#0", "uv": [ 9.0, 0.0, 15.0, 1.0 ] },
                "east": { "texture": "#0", "uv": [ 8.0, 1.0, 12.0, 2.0 ] },
                "south": { "texture": "#0", "uv": [ 9.0, 3.0, 15.0, 4.0 ] },
                "west": { "texture": "#0", "uv": [ 8.0, 3.0, 12.0, 4.0 ] },
                "up": { "texture": "#0", "uv": [ 10.0, 6.0, 16.0, 10.0 ] },
                "down": { "texture": "#0", "uv": [ 1.0, 2.0, 7.0, 6.0 ] }
            }
        },
        {
            "name": "cube",
            "from": [ 10.0, 4.0, 3.0 ], 
            "to": [ 14.0, 5.0, 4.0 ], 
            "faces": {
                "north": { "texture": "#0", "uv": [ 9.0, 4.0, 13.0, 5.0 ] },
                "east": { "texture": "#0", "uv": [ 9.0, 7.0, 10.0, 8.0 ] },
                "south": { "texture": "#0", "uv": [ 10.0, 10.0, 14.0, 11.0 ] },
                "west": { "texture": "#0", "uv": [ 13.0, 8.0, 14.0, 9.0 ] },
                "up": { "texture": "#0", "uv": [ 12.0, 6.0, 16.0, 7.0 ] },
                "down": { "texture": "#0", "uv": [ 0.0, 4.0, 4.0, 5.0 ] }
            }
        },
        {
            "name": "cube",
            "from": [ 10.0, 4.0, 8.0 ], 
            "to": [ 14.0, 5.0, 9.0 ], 
            "faces": {
                "north": { "texture": "#0", "uv": [ 11.0, 5.0, 15.0, 6.0 ] },
                "east": { "texture": "#0", "uv": [ 14.0, 10.0, 15.0, 11.0 ] },
                "south": { "texture": "#0", "uv": [ 8.0, 6.0, 12.0, 7.0 ] },
                "west": { "texture": "#0", "uv": [ 15.0, 6.0, 16.0, 7.0 ] },
                "up": { "texture": "#0", "uv": [ 9.0, 5.0, 13.0, 6.0 ] },
                "down": { "texture": "#0", "uv": [ 3.0, 5.0, 7.0, 6.0 ] }
            }
        },
        {
            "name": "cube",
            "from": [ 4.0, 6.0, 9.0 ], 
            "to": [ 9.0, 7.0, 16.0 ], 
            "faces": {
                "north": { "texture": "#0", "uv": [ 11.0, 7.0, 16.0, 8.0 ] },
                "east": { "texture": "#0", "uv": [ 8.0, 11.0, 15.0, 12.0 ] },
                "south": { "texture": "#0", "uv": [ 9.0, 6.0, 14.0, 7.0 ] },
                "west": { "texture": "#0", "uv": [ 9.0, 7.0, 16.0, 8.0 ] },
                "up": { "texture": "#0", "uv": [ 10.0, 5.0, 15.0, 12.0 ] },
                "down": { "texture": "#0", "uv": [ 2.0, 1.0, 7.0, 8.0 ] }
            }
        },
        {
            "name": "cube",
            "from": [ 3.0, 6.0, 10.0 ], 
            "to": [ 4.0, 7.0, 15.0 ], 
            "faces": {
                "north": { "texture": "#0", "uv": [ 9.0, 5.0, 10.0, 6.0 ] },
                "east": { "texture": "#0", "uv": [ 11.0, 6.0, 16.0, 7.0 ] },
                "south": { "texture": "#0", "uv": [ 15.0, 4.0, 16.0, 5.0 ] },
                "west": { "texture": "#0", "uv": [ 9.0, 3.0, 14.0, 4.0 ] },
                "up": { "texture": "#0", "uv": [ 11.0, 4.0, 12.0, 9.0 ] },
                "down": { "texture": "#0", "uv": [ 4.0, 2.0, 5.0, 7.0 ] }
            }
        },
        {
            "name": "cube",
            "from": [ 9.0, 6.0, 10.0 ], 
            "to": [ 10.0, 7.0, 15.0 ], 
            "faces": {
                "north": { "texture": "#0", "uv": [ 9.0, 4.0, 10.0, 5.0 ] },
                "east": { "texture": "#0", "uv": [ 10.0, 6.0, 15.0, 7.0 ] },
                "south": { "texture": "#0", "uv": [ 10.0, 4.0, 11.0, 5.0 ] },
                "west": { "texture": "#0", "uv": [ 10.0, 3.0, 15.0, 4.0 ] },
                "up": { "texture": "#0", "uv": [ 11.0, 4.0, 12.0, 9.0 ] },
                "down": { "texture": "#0", "uv": [ 7.0, 0.0, 8.0, 5.0 ] }
            }
        }
    ]
}
