{
    "__comment": "model generated using mr_crayfish's model creator (http://mrcrayfish.com/modelcreator/)",
    "textures": {
		"particle": "drpmedieval:blocks/red_mushroom",
        "0": "drpmedieval:blocks/red_mushroom"
    },
    "elements": [
        {
            "name": "stem_shroom1",
            "from": [ 3.5, 0.0, 3.5 ], 
            "to": [ 4.5, 2.5, 4.5 ], 
            "faces": {
                "north": { "texture": "#0", "uv": [ 2.0, 9.0, 3.0, 11.5 ] },
                "east": { "texture": "#0", "uv": [ 4.0, 8.0, 5.0, 10.5 ] },
                "south": { "texture": "#0", "uv": [ 3.0, 11.0, 4.0, 13.5 ] },
                "west": { "texture": "#0", "uv": [ 4.0, 10.0, 5.0, 12.5 ] },
                "up": { "texture": "#0", "uv": [ 2.0, 12.0, 3.0, 13.0 ] },
                "down": { "texture": "#0", "uv": [ 6.0, 13.0, 7.0, 14.0 ] }
            }
        },
        {
            "name": "top_shroom1",
            "from": [ 3.0, 2.5, 3.0 ], 
            "to": [ 5.0, 3.0, 5.0 ], 
            "faces": {
                "north": { "texture": "#0", "uv": [ 12.0, 4.0, 14.0, 4.5 ] },
                "east": { "texture": "#0", "uv": [ 11.0, 4.0, 13.0, 4.5 ] },
                "south": { "texture": "#0", "uv": [ 11.0, 3.0, 13.0, 3.5 ] },
                "west": { "texture": "#0", "uv": [ 11.0, 5.0, 13.0, 5.5 ] },
                "up": { "texture": "#0", "uv": [ 11.0, 4.0, 13.0, 6.0 ] },
                "down": { "texture": "#0", "uv": [ 1.0, 3.0, 3.0, 5.0 ] }
            }
        },
        {
            "name": "stem_shroom2",
            "from": [ 11.0, 0.0, 5.0 ], 
            "to": [ 12.0, 4.0, 6.0 ], 
            "faces": {
                "north": { "texture": "#0", "uv": [ 4.0, 12.0, 5.0, 16.0 ] },
                "east": { "texture": "#0", "uv": [ 3.0, 12.0, 4.0, 16.0 ] },
                "south": { "texture": "#0", "uv": [ 2.0, 12.0, 3.0, 16.0 ] },
                "west": { "texture": "#0", "uv": [ 1.0, 12.0, 2.0, 16.0 ] },
                "up": { "texture": "#0", "uv": [ 2.0, 11.0, 3.0, 12.0 ] },
                "down": { "texture": "#0", "uv": [ 2.0, 11.0, 3.0, 12.0 ] }
            }
        },
        {
            "name": "stem_shroom3",
            "from": [ 5.5, 0.0, 11.5 ], 
            "to": [ 6.5, 6.0, 12.5 ], 
            "faces": {
                "north": { "texture": "#0", "uv": [ 4.0, 10.0, 5.0, 16.0 ] },
                "east": { "texture": "#0", "uv": [ 5.0, 10.0, 6.0, 16.0 ] },
                "south": { "texture": "#0", "uv": [ 6.0, 10.0, 7.0, 16.0 ] },
                "west": { "texture": "#0", "uv": [ 7.0, 10.0, 8.0, 16.0 ] },
                "up": { "texture": "#0", "uv": [ 2.0, 9.0, 3.0, 10.0 ] },
                "down": { "texture": "#0", "uv": [ 3.0, 10.0, 4.0, 11.0 ] }
            }
        },
        {
            "name": "top_shroom2",
            "from": [ 10.0, 4.0, 4.0 ], 
            "to": [ 13.0, 4.5, 7.0 ], 
            "faces": {
                "north": { "texture": "#0", "uv": [ 13.0, 5.0, 16.0, 5.5 ] },
                "east": { "texture": "#0", "uv": [ 9.0, 0.0, 12.0, 0.5 ] },
                "south": { "texture": "#0", "uv": [ 11.0, 9.0, 14.0, 9.5 ] },
                "west": { "texture": "#0", "uv": [ 9.0, 8.0, 12.0, 8.5 ] },
                "up": { "texture": "#0", "uv": [ 13.0, 7.0, 16.0, 10.0 ] },
                "down": { "texture": "#0", "uv": [ 1.0, 4.0, 4.0, 7.0 ] }
            }
        },
        {
            "name": "top_shroom3",
            "from": [ 4.0, 6.0, 10.0 ], 
            "to": [ 8.0, 7.0, 14.0 ], 
            "faces": {
                "north": { "texture": "#0", "uv": [ 10.0, 1.0, 14.0, 2.0 ] },
                "east": { "texture": "#0", "uv": [ 10.0, 8.0, 14.0, 9.0 ] },
                "south": { "texture": "#0", "uv": [ 12.0, 2.0, 16.0, 3.0 ] },
                "west": { "texture": "#0", "uv": [ 9.0, 7.0, 13.0, 8.0 ] },
                "up": { "texture": "#0", "uv": [ 11.0, 4.0, 15.0, 8.0 ] },
                "down": { "texture": "#0", "uv": [ 3.0, 4.0, 7.0, 8.0 ] }
            }
        },
        {
            "name": "south_shroom1",
            "from": [ 3.0, 0.5, 5.0 ], 
            "to": [ 5.0, 2.5, 5.5 ], 
            "faces": {
                "north": { "texture": "#0", "uv": [ 6.0, 4.0, 8.0, 6.0 ] },
                "east": { "texture": "#0", "uv": [ 9.0, 2.0, 9.5, 4.0 ] },
                "south": { "texture": "#0", "uv": [ 10.0, 5.0, 12.0, 3.0 ] },
                "west": { "texture": "#0", "uv": [ 9.0, 7.0, 9.5, 9.0 ] },
                "up": { "texture": "#0", "uv": [ 10.0, 4.0, 12.0, 4.5 ] },
                "down": { "texture": "#0", "uv": [ 10.0, 6.0, 12.0, 6.5 ] }
            }
        },
        {
            "name": "west_shroom1",
            "from": [ 2.5, 0.5, 3.0 ], 
            "to": [ 3.0, 2.5, 5.0 ], 
            "faces": {
                "north": { "texture": "#0", "uv": [ 12.0, 6.0, 12.5, 8.0 ] },
                "east": { "texture": "#0", "uv": [ 4.0, 2.0, 6.0, 4.0 ] },
                "south": { "texture": "#0", "uv": [ 9.0, 1.0, 9.5, 3.0 ] },
                "west": { "texture": "#0", "uv": [ 9.0, 9.0, 11.0, 11.0 ] },
                "up": { "texture": "#0", "uv": [ 8.0, 5.0, 8.5, 7.0 ] },
                "down": { "texture": "#0", "uv": [ 8.0, 1.0, 8.5, 3.0 ] }
            }
        },
        {
            "name": "east_shroom1",
            "from": [ 5.0, 0.5, 3.0 ], 
            "to": [ 5.5, 2.5, 5.0 ], 
            "faces": {
                "north": { "texture": "#0", "uv": [ 11.0, 9.0, 11.5, 11.0 ] },
                "east": { "texture": "#0", "uv": [ 14.0, 2.0, 16.0, 4.0 ] },
                "south": { "texture": "#0", "uv": [ 9.0, 5.0, 9.5, 7.0 ] },
                "west": { "texture": "#0", "uv": [ 2.0, 5.0, 4.0, 7.0 ] },
                "up": { "texture": "#0", "uv": [ 12.0, 10.0, 12.5, 12.0 ] },
                "down": { "texture": "#0", "uv": [ 15.0, 5.0, 15.5, 7.0 ] }
            }
        },
        {
            "name": "north_shroom1",
            "from": [ 3.0, 0.5, 2.5 ], 
            "to": [ 5.0, 2.5, 3.0 ], 
            "faces": {
                "north": { "texture": "#0", "uv": [ 10.0, 7.0, 12.0, 9.0 ] },
                "east": { "texture": "#0", "uv": [ 11.0, 4.0, 11.5, 6.0 ] },
                "south": { "texture": "#0", "uv": [ 2.0, 2.0, 4.0, 4.0 ] },
                "west": { "texture": "#0", "uv": [ 11.0, 5.0, 11.5, 7.0 ] },
                "up": { "texture": "#0", "uv": [ 8.0, 7.0, 10.0, 7.5 ] },
                "down": { "texture": "#0", "uv": [ 9.0, 1.0, 11.0, 1.5 ] }
            }
        },
        {
            "name": "south_shroom2",
            "from": [ 10.0, 1.0, 7.0 ], 
            "to": [ 13.0, 4.0, 7.5 ], 
            "faces": {
                "north": { "texture": "#0", "uv": [ 2.0, 5.0, 5.0, 8.0 ] },
                "east": { "texture": "#0", "uv": [ 11.0, 4.0, 11.5, 7.0 ] },
                "south": { "texture": "#0", "uv": [ 12.0, 7.0, 15.0, 10.0 ] },
                "west": { "texture": "#0", "uv": [ 9.0, 4.0, 9.5, 7.0 ] },
                "up": { "texture": "#0", "uv": [ 9.0, 4.0, 12.0, 4.5 ] },
                "down": { "texture": "#0", "uv": [ 8.0, 6.0, 11.0, 6.5 ] }
            }
        },
        {
            "name": "east_shroom2",
            "from": [ 13.0, 1.0, 4.0 ], 
            "to": [ 13.5, 4.0, 7.0 ], 
            "faces": {
                "north": { "texture": "#0", "uv": [ 10.0, 3.0, 10.5, 6.0 ] },
                "east": { "texture": "#0", "uv": [ 8.0, 6.0, 11.0, 9.0 ] },
                "south": { "texture": "#0", "uv": [ 11.0, 2.0, 11.5, 5.0 ] },
                "west": { "texture": "#0", "uv": [ 0.0, 4.0, 3.0, 7.0 ] },
                "up": { "texture": "#0", "uv": [ 10.0, 3.0, 10.5, 6.0 ] },
                "down": { "texture": "#0", "uv": [ 8.0, 3.0, 8.5, 6.0 ] }
            }
        },
        {
            "name": "west_shroom2",
            "from": [ 9.5, 1.0, 4.0 ], 
            "to": [ 10.0, 4.0, 7.0 ], 
            "faces": {
                "north": { "texture": "#0", "uv": [ 9.0, 3.0, 9.5, 6.0 ] },
                "east": { "texture": "#0", "uv": [ 3.0, 2.0, 6.0, 5.0 ] },
                "south": { "texture": "#0", "uv": [ 8.0, 1.0, 8.5, 4.0 ] },
                "west": { "texture": "#0", "uv": [ 8.0, 6.0, 11.0, 9.0 ] },
                "up": { "texture": "#0", "uv": [ 8.0, 1.0, 8.5, 4.0 ] },
                "down": { "texture": "#0", "uv": [ 10.0, 2.0, 10.5, 5.0 ] }
            }
        },
        {
            "name": "north_shroom2",
            "from": [ 10.0, 1.0, 3.5 ], 
            "to": [ 13.0, 4.0, 4.0 ], 
            "faces": {
                "north": { "texture": "#0", "uv": [ 13.0, 5.0, 16.0, 8.0 ] },
                "east": { "texture": "#0", "uv": [ 9.0, 2.0, 9.5, 5.0 ] },
                "south": { "texture": "#0", "uv": [ 1.0, 3.0, 4.0, 6.0 ] },
                "west": { "texture": "#0", "uv": [ 9.0, 2.0, 9.5, 5.0 ] },
                "up": { "texture": "#0", "uv": [ 10.0, 9.0, 13.0, 9.5 ] },
                "down": { "texture": "#0", "uv": [ 10.0, 0.0, 13.0, 0.5 ] }
            }
        },
        {
            "name": "south_shroom3",
            "from": [ 4.0, 2.0, 14.0 ], 
            "to": [ 8.0, 6.0, 15.0 ], 
            "faces": {
                "north": { "texture": "#0", "uv": [ 3.0, 4.0, 7.0, 8.0 ] },
                "east": { "texture": "#0", "uv": [ 9.0, 4.0, 10.0, 8.0 ] },
                "south": { "texture": "#0", "uv": [ 9.0, 10.0, 13.0, 14.0 ] },
                "west": { "texture": "#0", "uv": [ 10.0, 4.0, 11.0, 8.0 ] },
                "up": { "texture": "#0", "uv": [ 11.0, 5.0, 15.0, 6.0 ] },
                "down": { "texture": "#0", "uv": [ 9.0, 9.0, 13.0, 10.0 ] }
            }
        },
        {
            "name": "east_shroom3",
            "from": [ 8.0, 2.0, 10.0 ], 
            "to": [ 9.0, 6.0, 14.0 ], 
            "faces": {
                "north": { "texture": "#0", "uv": [ 8.0, 10.0, 9.0, 14.0 ] },
                "east": { "texture": "#0", "uv": [ 10.0, 3.0, 14.0, 7.0 ] },
                "south": { "texture": "#0", "uv": [ 10.0, 3.0, 11.0, 7.0 ] },
                "west": { "texture": "#0", "uv": [ 2.0, 2.0, 6.0, 6.0 ] },
                "up": { "texture": "#0", "uv": [ 14.0, 6.0, 15.0, 10.0 ] },
                "down": { "texture": "#0", "uv": [ 10.0, 6.0, 11.0, 10.0 ] }
            }
        },
        {
            "name": "west_shroom3",
            "from": [ 3.0, 2.0, 10.0 ], 
            "to": [ 4.0, 6.0, 14.0 ], 
            "faces": {
                "north": { "texture": "#0", "uv": [ 9.0, 4.0, 10.0, 8.0 ] },
                "east": { "texture": "#0", "uv": [ 2.0, 3.0, 6.0, 7.0 ] },
                "south": { "texture": "#0", "uv": [ 11.0, 4.0, 12.0, 8.0 ] },
                "west": { "texture": "#0", "uv": [ 12.0, 10.0, 16.0, 14.0 ] },
                "up": { "texture": "#0", "uv": [ 11.0, 7.0, 12.0, 11.0 ] },
                "down": { "texture": "#0", "uv": [ 9.0, 3.0, 10.0, 7.0 ] }
            }
        },
        {
            "name": "north_shroom3",
            "from": [ 4.0, 2.0, 9.0 ], 
            "to": [ 8.0, 6.0, 10.0 ], 
            "faces": {
                "north": { "texture": "#0", "uv": [ 10.0, 12.0, 14.0, 16.0 ] },
                "east": { "texture": "#0", "uv": [ 9.0, 2.0, 10.0, 6.0 ] },
                "south": { "texture": "#0", "uv": [ 1.0, 3.0, 5.0, 7.0 ] },
                "west": { "texture": "#0", "uv": [ 10.0, 10.0, 11.0, 14.0 ] },
                "up": { "texture": "#0", "uv": [ 11.0, 5.0, 15.0, 6.0 ] },
                "down": { "texture": "#0", "uv": [ 12.0, 8.0, 16.0, 9.0 ] }
            }
        }
    ]
}
