{
	"__comment": "Designed by JTK222 with Cubik Studio - https://cubik.studio",
	"textures": {
		"particle": "drpmedieval:blocks/candles/metal",
		"wax": "drpmedieval:blocks/candles/beeswax",
		"wick": "drpmedieval:blocks/candles/wick",
		"metal": "drpmedieval:blocks/candles/metal"
	},
	"elements": [ 	 
		{
			"__comment": "Candle",
			"from": [ 6, 6.5, 10 ],
			"to": [ 10, 7, 12 ],
			"rotation": { "origin": [ 7.5, 1.5, 15.5 ], "axis": "x", "angle": -22.5 },
			"faces": {
				"down": { "uv": [ 6, 4, 10, 6 ], "texture": "#wax" },
				"up": { "uv": [ 6, 10, 10, 12 ], "texture": "#wax" },
				"north": { "uv": [ 6, 9, 10, 9.5 ], "texture": "#wax" },
				"south": { "uv": [ 6, 9, 10, 9.5 ], "texture": "#wax" },
				"west": { "uv": [ 10, 9, 12, 9.5 ], "texture": "#wax" },
				"east": { "uv": [ 4, 9, 6, 9.5 ], "texture": "#wax" }
			}
		},
		{
			"__comment": "Candle",
			"from": [ 6, 7, 10.5 ],
			"to": [ 10, 9, 11 ],
			"rotation": { "origin": [ 7.5, 1.5, 15.5 ], "axis": "x", "angle": -22.5 },
			"faces": {
				"down": { "uv": [ 6, 5, 10, 5.5 ], "texture": "#wax" },
				"up": { "uv": [ 6, 10.5, 10, 11 ], "texture": "#wax" },
				"north": { "uv": [ 6, 7, 10, 9 ], "texture": "#wax" },
				"south": { "uv": [ 6, 7, 10, 9 ], "texture": "#wax" },
				"west": { "uv": [ 10.5, 7, 11, 9 ], "texture": "#wax" },
				"east": { "uv": [ 5, 7, 5.5, 9 ], "texture": "#wax" }
			}
		},
		{
			"__comment": "Candle",
			"from": [ 6, 7, 11 ],
			"to": [ 10, 8, 11.5 ],
			"rotation": { "origin": [ 7.5, 1.5, 15.5 ], "axis": "x", "angle": -22.5 },
			"faces": {
				"down": { "uv": [ 6, 4.5, 10, 5 ], "texture": "#wax" },
				"up": { "uv": [ 6, 11, 10, 11.5 ], "texture": "#wax" },
				"north": { "uv": [ 6, 8, 10, 9 ], "texture": "#wax" },
				"south": { "uv": [ 6, 8, 10, 9 ], "texture": "#wax" },
				"west": { "uv": [ 11, 8, 11.5, 9 ], "texture": "#wax" },
				"east": { "uv": [ 4.5, 8, 5, 9 ], "texture": "#wax" }
			}
		},
		{
			"__comment": "Candle",
			"from": [ 6, 11, 11 ],
			"to": [ 9.5, 14, 11.5 ],
			"rotation": { "origin": [ 7.5, 1.5, 15.5 ], "axis": "x", "angle": -22.5 },
			"faces": {
				"down": { "uv": [ 6, 4.5, 9.5, 5 ], "texture": "#wax" },
				"up": { "uv": [ 6, 11, 9.5, 11.5 ], "texture": "#wax" },
				"north": { "uv": [ 6.5, 2, 10, 5 ], "texture": "#wax" },
				"south": { "uv": [ 6, 2, 9.5, 5 ], "texture": "#wax" },
				"west": { "uv": [ 11, 2, 11.5, 5 ], "texture": "#wax" },
				"east": { "uv": [ 4.5, 2, 5, 5 ], "texture": "#wax" }
			}
		},
		{
			"__comment": "Candle",
			"from": [ 6, 13, 10.5 ],
			"to": [ 10, 13.5, 11 ],
			"rotation": { "origin": [ 7.5, 1.5, 15.5 ], "axis": "x", "angle": -22.5 },
			"faces": {
				"down": { "uv": [ 6, 5, 10, 5.5 ], "texture": "#wax" },
				"up": { "uv": [ 6, 10.5, 10, 11 ], "texture": "#wax" },
				"north": { "uv": [ 6, 2.5, 10, 3 ], "texture": "#wax" },
				"south": { "uv": [ 6, 2.5, 10, 3 ], "texture": "#wax" },
				"west": { "uv": [ 10.5, 2.5, 11, 3 ], "texture": "#wax" },
				"east": { "uv": [ 5, 2.5, 5.5, 3 ], "texture": "#wax" }
			}
		},
		{
			"__comment": "Candle",
			"from": [ 6, 13.5, 10.5 ],
			"to": [ 9.5, 14, 11 ],
			"rotation": { "origin": [ 7.5, 1.5, 15.5 ], "axis": "x", "angle": -22.5 },
			"faces": {
				"down": { "uv": [ 6, 5, 9.5, 5.5 ], "texture": "#wax" },
				"up": { "uv": [ 6, 10.5, 9.5, 11 ], "texture": "#wax" },
				"north": { "uv": [ 6.5, 2, 10, 2.5 ], "texture": "#wax" },
				"south": { "uv": [ 6, 2, 9.5, 2.5 ], "texture": "#wax" },
				"west": { "uv": [ 10.5, 2, 11, 2.5 ], "texture": "#wax" },
				"east": { "uv": [ 5, 2, 5.5, 2.5 ], "texture": "#wax" }
			}
		},
		{
			"__comment": "Candle",
			"from": [ 6, 13.5, 11.5 ],
			"to": [ 9.5, 14, 12 ],
			"rotation": { "origin": [ 7.5, 1.5, 15.5 ], "axis": "x", "angle": -22.5 },
			"faces": {
				"down": { "uv": [ 6, 4, 9.5, 4.5 ], "texture": "#wax" },
				"up": { "uv": [ 6, 11.5, 9.5, 12 ], "texture": "#wax" },
				"north": { "uv": [ 6.5, 2, 10, 2.5 ], "texture": "#wax" },
				"south": { "uv": [ 6, 2, 9.5, 2.5 ], "texture": "#wax" },
				"west": { "uv": [ 11.5, 2, 12, 2.5 ], "texture": "#wax" },
				"east": { "uv": [ 4, 2, 4.5, 2.5 ], "texture": "#wax" }
			}
		},
		{
			"__comment": "Candle",
			"from": [ 6.5, 6.5, 9.5 ],
			"to": [ 9.5, 8, 10 ],
			"rotation": { "origin": [ 7.5, 1.5, 15.5 ], "axis": "x", "angle": -22.5 },
			"faces": {
				"down": { "uv": [ 6.5, 6, 9.5, 6.5 ], "texture": "#wax" },
				"up": { "uv": [ 6.5, 9.5, 9.5, 10 ], "texture": "#wax" },
				"north": { "uv": [ 6.5, 8, 9.5, 9.5 ], "texture": "#wax" },
				"south": { "uv": [ 6.5, 8, 9.5, 9.5 ], "texture": "#wax" },
				"west": { "uv": [ 9.5, 8, 10, 9.5 ], "texture": "#wax" },
				"east": { "uv": [ 6, 8, 6.5, 9.5 ], "texture": "#wax" }
			}
		},
		{
			"__comment": "Candle",
			"from": [ 6.5, 6.5, 12 ],
			"to": [ 9.5, 8, 12.5 ],
			"rotation": { "origin": [ 7.5, 1.5, 15.5 ], "axis": "x", "angle": -22.5 },
			"faces": {
				"down": { "uv": [ 6.5, 3.5, 9.5, 4 ], "texture": "#wax" },
				"up": { "uv": [ 6.5, 12, 9.5, 12.5 ], "texture": "#wax" },
				"north": { "uv": [ 6.5, 8, 9.5, 9.5 ], "texture": "#wax" },
				"south": { "uv": [ 6.5, 8, 9.5, 9.5 ], "texture": "#wax" },
				"west": { "uv": [ 12, 8, 12.5, 9.5 ], "texture": "#wax" },
				"east": { "uv": [ 3.5, 8, 4, 9.5 ], "texture": "#wax" }
			}
		},
		{
			"__comment": "Candle",
			"from": [ 6.5, 6.5, 12.5 ],
			"to": [ 9, 7, 13 ],
			"rotation": { "origin": [ 7.5, 1.5, 15.5 ], "axis": "x", "angle": -22.5 },
			"faces": {
				"down": { "uv": [ 6.5, 3, 9, 3.5 ], "texture": "#wax" },
				"up": { "uv": [ 6.5, 12.5, 9, 13 ], "texture": "#wax" },
				"north": { "uv": [ 7, 9, 9.5, 9.5 ], "texture": "#wax" },
				"south": { "uv": [ 6.5, 9, 9, 9.5 ], "texture": "#wax" },
				"west": { "uv": [ 12.5, 9, 13, 9.5 ], "texture": "#wax" },
				"east": { "uv": [ 3, 9, 3.5, 9.5 ], "texture": "#wax" }
			}
		},
		{
			"__comment": "Candle",
			"from": [ 6.5, 7, 10 ],
			"to": [ 9.5, 14, 10.5 ],
			"rotation": { "origin": [ 7.5, 1.5, 15.5 ], "axis": "x", "angle": -22.5 },
			"faces": {
				"down": { "uv": [ 6.5, 5.5, 9.5, 6 ], "texture": "#wax" },
				"up": { "uv": [ 6.5, 10, 9.5, 10.5 ], "texture": "#wax" },
				"north": { "uv": [ 6.5, 2, 9.5, 9 ], "texture": "#wax" },
				"south": { "uv": [ 6.5, 2, 9.5, 9 ], "texture": "#wax" },
				"west": { "uv": [ 10, 2, 10.5, 9 ], "texture": "#wax" },
				"east": { "uv": [ 5.5, 2, 6, 9 ], "texture": "#wax" }
			}
		},
		{
			"__comment": "Candle",
			"from": [ 6.5, 7, 11.5 ],
			"to": [ 9.5, 13.5, 12 ],
			"rotation": { "origin": [ 7.5, 1.5, 15.5 ], "axis": "x", "angle": -22.5 },
			"faces": {
				"down": { "uv": [ 6.5, 4, 9.5, 4.5 ], "texture": "#wax" },
				"up": { "uv": [ 6.5, 11.5, 9.5, 12 ], "texture": "#wax" },
				"north": { "uv": [ 6.5, 2.5, 9.5, 9 ], "texture": "#wax" },
				"south": { "uv": [ 6.5, 2.5, 9.5, 9 ], "texture": "#wax" },
				"west": { "uv": [ 11.5, 2.5, 12, 9 ], "texture": "#wax" },
				"east": { "uv": [ 4, 2.5, 4.5, 9 ], "texture": "#wax" }
			}
		},
		{
			"__comment": "Candle",
			"from": [ 6.5, 8, 9.5 ],
			"to": [ 9, 8.5, 10 ],
			"rotation": { "origin": [ 7.5, 1.5, 15.5 ], "axis": "x", "angle": -22.5 },
			"faces": {
				"down": { "uv": [ 6.5, 6, 9, 6.5 ], "texture": "#wax" },
				"up": { "uv": [ 6.5, 9.5, 9, 10 ], "texture": "#wax" },
				"north": { "uv": [ 7, 7.5, 9.5, 8 ], "texture": "#wax" },
				"south": { "uv": [ 6.5, 7.5, 9, 8 ], "texture": "#wax" },
				"west": { "uv": [ 9.5, 7.5, 10, 8 ], "texture": "#wax" },
				"east": { "uv": [ 6, 7.5, 6.5, 8 ], "texture": "#wax" }
			}
		},
		{
			"__comment": "Candle",
			"from": [ 6.5, 8, 11 ],
			"to": [ 9.5, 11, 11.5 ],
			"rotation": { "origin": [ 7.5, 1.5, 15.5 ], "axis": "x", "angle": -22.5 },
			"faces": {
				"down": { "uv": [ 6.5, 4.5, 9.5, 5 ], "texture": "#wax" },
				"up": { "uv": [ 6.5, 11, 9.5, 11.5 ], "texture": "#wax" },
				"north": { "uv": [ 6.5, 5, 9.5, 8 ], "texture": "#wax" },
				"south": { "uv": [ 6.5, 5, 9.5, 8 ], "texture": "#wax" },
				"west": { "uv": [ 11, 5, 11.5, 8 ], "texture": "#wax" },
				"east": { "uv": [ 4.5, 5, 5, 8 ], "texture": "#wax" }
			}
		},
		{
			"__comment": "Candle",
			"from": [ 6.5, 9, 10.5 ],
			"to": [ 10, 9.5, 11 ],
			"rotation": { "origin": [ 7.5, 1.5, 15.5 ], "axis": "x", "angle": -22.5 },
			"faces": {
				"down": { "uv": [ 6.5, 5, 10, 5.5 ], "texture": "#wax" },
				"up": { "uv": [ 6.5, 10.5, 10, 11 ], "texture": "#wax" },
				"north": { "uv": [ 6, 6.5, 9.5, 7 ], "texture": "#wax" },
				"south": { "uv": [ 6.5, 6.5, 10, 7 ], "texture": "#wax" },
				"west": { "uv": [ 10.5, 6.5, 11, 7 ], "texture": "#wax" },
				"east": { "uv": [ 5, 6.5, 5.5, 7 ], "texture": "#wax" }
			}
		},
		{
			"__comment": "Candle",
			"from": [ 6.5, 9.5, 10.5 ],
			"to": [ 9.5, 13, 11 ],
			"rotation": { "origin": [ 7.5, 1.5, 15.5 ], "axis": "x", "angle": -22.5 },
			"faces": {
				"down": { "uv": [ 6.5, 5, 9.5, 5.5 ], "texture": "#wax" },
				"up": { "uv": [ 6.5, 10.5, 9.5, 11 ], "texture": "#wax" },
				"north": { "uv": [ 6.5, 3, 9.5, 6.5 ], "texture": "#wax" },
				"south": { "uv": [ 6.5, 3, 9.5, 6.5 ], "texture": "#wax" },
				"west": { "uv": [ 10.5, 3, 11, 6.5 ], "texture": "#wax" },
				"east": { "uv": [ 5, 3, 5.5, 6.5 ], "texture": "#wax" }
			}
		},
		{
			"__comment": "Candle",
			"from": [ 6.5, 14, 10 ],
			"to": [ 7, 14.5, 10.5 ],
			"rotation": { "origin": [ 7.5, 1.5, 15.5 ], "axis": "x", "angle": -22.5 },
			"faces": {
				"down": { "uv": [ 6.5, 5.5, 7, 6 ], "texture": "#wax" },
				"up": { "uv": [ 6.5, 10, 7, 10.5 ], "texture": "#wax" },
				"north": { "uv": [ 9, 1.5, 9.5, 2 ], "texture": "#wax" },
				"south": { "uv": [ 6.5, 1.5, 7, 2 ], "texture": "#wax" },
				"west": { "uv": [ 10, 1.5, 10.5, 2 ], "texture": "#wax" },
				"east": { "uv": [ 5.5, 1.5, 6, 2 ], "texture": "#wax" }
			}
		},
		{
			"__comment": "Candle",
			"from": [ 6.5, 14, 11.5 ],
			"to": [ 7.5, 14.5, 12 ],
			"rotation": { "origin": [ 7.5, 1.5, 15.5 ], "axis": "x", "angle": -22.5 },
			"faces": {
				"down": { "uv": [ 6.5, 4, 7.5, 4.5 ], "texture": "#wax" },
				"up": { "uv": [ 6.5, 11.5, 7.5, 12 ], "texture": "#wax" },
				"north": { "uv": [ 8.5, 1.5, 9.5, 2 ], "texture": "#wax" },
				"south": { "uv": [ 6.5, 1.5, 7.5, 2 ], "texture": "#wax" },
				"west": { "uv": [ 11.5, 1.5, 12, 2 ], "texture": "#wax" },
				"east": { "uv": [ 4, 1.5, 4.5, 2 ], "texture": "#wax" }
			}
		},
		{
			"__comment": "Candle",
			"from": [ 7, 6.5, 9 ],
			"to": [ 9, 7, 9.5 ],
			"rotation": { "origin": [ 7.5, 1.5, 15.5 ], "axis": "x", "angle": -22.5 },
			"faces": {
				"down": { "uv": [ 7, 6.5, 9, 7 ], "texture": "#wax" },
				"up": { "uv": [ 7, 9, 9, 9.5 ], "texture": "#wax" },
				"north": { "uv": [ 7, 9, 9, 9.5 ], "texture": "#wax" },
				"south": { "uv": [ 7, 9, 9, 9.5 ], "texture": "#wax" },
				"west": { "uv": [ 9, 9, 9.5, 9.5 ], "texture": "#wax" },
				"east": { "uv": [ 6.5, 9, 7, 9.5 ], "texture": "#wax" }
			}
		},
		{
			"__comment": "Candle",
			"from": [ 7, 7, 12.5 ],
			"to": [ 8.5, 8, 13 ],
			"rotation": { "origin": [ 7.5, 1.5, 15.5 ], "axis": "x", "angle": -22.5 },
			"faces": {
				"down": { "uv": [ 7, 3, 8.5, 3.5 ], "texture": "#wax" },
				"up": { "uv": [ 7, 12.5, 8.5, 13 ], "texture": "#wax" },
				"north": { "uv": [ 7.5, 8, 9, 9 ], "texture": "#wax" },
				"south": { "uv": [ 7, 8, 8.5, 9 ], "texture": "#wax" },
				"west": { "uv": [ 12.5, 8, 13, 9 ], "texture": "#wax" },
				"east": { "uv": [ 3, 8, 3.5, 9 ], "texture": "#wax" }
			}
		},
		{
			"__comment": "Candle",
			"from": [ 7, 8, 12 ],
			"to": [ 9, 14, 12.5 ],
			"rotation": { "origin": [ 7.5, 1.5, 15.5 ], "axis": "x", "angle": -22.5 },
			"faces": {
				"down": { "uv": [ 7, 3.5, 9, 4 ], "texture": "#wax" },
				"up": { "uv": [ 7, 12, 9, 12.5 ], "texture": "#wax" },
				"north": { "uv": [ 7, 2, 9, 8 ], "texture": "#wax" },
				"south": { "uv": [ 7, 2, 9, 8 ], "texture": "#wax" },
				"west": { "uv": [ 12, 2, 12.5, 8 ], "texture": "#wax" },
				"east": { "uv": [ 3.5, 2, 4, 8 ], "texture": "#wax" }
			}
		},
		{
			"__comment": "Candle",
			"from": [ 7, 8, 12.5 ],
			"to": [ 8, 8.5, 13 ],
			"rotation": { "origin": [ 7.5, 1.5, 15.5 ], "axis": "x", "angle": -22.5 },
			"faces": {
				"down": { "uv": [ 7, 3, 8, 3.5 ], "texture": "#wax" },
				"up": { "uv": [ 7, 12.5, 8, 13 ], "texture": "#wax" },
				"north": { "uv": [ 8, 7.5, 9, 8 ], "texture": "#wax" },
				"south": { "uv": [ 7, 7.5, 8, 8 ], "texture": "#wax" },
				"west": { "uv": [ 12.5, 7.5, 13, 8 ], "texture": "#wax" },
				"east": { "uv": [ 3, 7.5, 3.5, 8 ], "texture": "#wax" }
			}
		},
		{
			"__comment": "Candle",
			"from": [ 7, 8.5, 9.5 ],
			"to": [ 9, 14, 10 ],
			"rotation": { "origin": [ 7.5, 1.5, 15.5 ], "axis": "x", "angle": -22.5 },
			"faces": {
				"down": { "uv": [ 7, 6, 9, 6.5 ], "texture": "#wax" },
				"up": { "uv": [ 7, 9.5, 9, 10 ], "texture": "#wax" },
				"north": { "uv": [ 7, 2, 9, 7.5 ], "texture": "#wax" },
				"south": { "uv": [ 7, 2, 9, 7.5 ], "texture": "#wax" },
				"west": { "uv": [ 9.5, 2, 10, 7.5 ], "texture": "#wax" },
				"east": { "uv": [ 6, 2, 6.5, 7.5 ], "texture": "#wax" }
			}
		},
		{
			"__comment": "Candle",
			"from": [ 7, 14, 9.5 ],
			"to": [ 7.5, 14.5, 10 ],
			"rotation": { "origin": [ 7.5, 1.5, 15.5 ], "axis": "x", "angle": -22.5 },
			"faces": {
				"down": { "uv": [ 7, 6, 7.5, 6.5 ], "texture": "#wax" },
				"up": { "uv": [ 7, 9.5, 7.5, 10 ], "texture": "#wax" },
				"north": { "uv": [ 8.5, 1.5, 9, 2 ], "texture": "#wax" },
				"south": { "uv": [ 7, 1.5, 7.5, 2 ], "texture": "#wax" },
				"west": { "uv": [ 9.5, 1.5, 10, 2 ], "texture": "#wax" },
				"east": { "uv": [ 6, 1.5, 6.5, 2 ], "texture": "#wax" }
			}
		},
		{
			"__comment": "Candle",
			"from": [ 7, 14, 12.0001 ],
			"to": [ 7.5, 14.5, 12.5001 ],
			"rotation": { "origin": [ 7.5, 1.5, 15.5 ], "axis": "x", "angle": -22.5 },
			"faces": {
				"down": { "uv": [ 7, 3.5, 7.5, 4 ], "texture": "#wax" },
				"up": { "uv": [ 7, 12, 7.5, 12.5 ], "texture": "#wax" },
				"north": { "uv": [ 8.5, 1.5, 9, 2 ], "texture": "#wax" },
				"south": { "uv": [ 7, 1.5, 7.5, 2 ], "texture": "#wax" },
				"west": { "uv": [ 12, 1.5, 12.5, 2 ], "texture": "#wax" },
				"east": { "uv": [ 3.5, 1.5, 4, 2 ], "texture": "#wax" }
			}
		},
		{
			"__comment": "Candle",
			"from": [ 7.5, 7, 9 ],
			"to": [ 8.5, 7.5, 9.5 ],
			"rotation": { "origin": [ 7.5, 1.5, 15.5 ], "axis": "x", "angle": -22.5 },
			"faces": {
				"down": { "uv": [ 7.5, 6.5, 8.5, 7 ], "texture": "#wax" },
				"up": { "uv": [ 7.5, 9, 8.5, 9.5 ], "texture": "#wax" },
				"north": { "uv": [ 7.5, 8.5, 8.5, 9 ], "texture": "#wax" },
				"south": { "uv": [ 7.5, 8.5, 8.5, 9 ], "texture": "#wax" },
				"west": { "uv": [ 9, 8.5, 9.5, 9 ], "texture": "#wax" },
				"east": { "uv": [ 6.5, 8.5, 7, 9 ], "texture": "#wax" }
			}
		},
		{
			"__comment": "Candle",
			"from": [ 7.5, 8.5, 12.5 ],
			"to": [ 8, 9.5, 13 ],
			"rotation": { "origin": [ 7.5, 1.5, 15.5 ], "axis": "x", "angle": -22.5 },
			"faces": {
				"down": { "uv": [ 7.5, 3, 8, 3.5 ], "texture": "#wax" },
				"up": { "uv": [ 7.5, 12.5, 8, 13 ], "texture": "#wax" },
				"north": { "uv": [ 8, 6.5, 8.5, 7.5 ], "texture": "#wax" },
				"south": { "uv": [ 7.5, 6.5, 8, 7.5 ], "texture": "#wax" },
				"west": { "uv": [ 12.5, 6.5, 13, 7.5 ], "texture": "#wax" },
				"east": { "uv": [ 3, 6.5, 3.5, 7.5 ], "texture": "#wax" }
			}
		},
		{
			"__comment": "Candle",
			"from": [ 7.5, 12.5, 12.5 ],
			"to": [ 8.5, 13.5, 13 ],
			"rotation": { "origin": [ 7.5, 1.5, 15.5 ], "axis": "x", "angle": -22.5 },
			"faces": {
				"down": { "uv": [ 7.5, 3, 8.5, 3.5 ], "texture": "#wax" },
				"up": { "uv": [ 7.5, 12.5, 8.5, 13 ], "texture": "#wax" },
				"north": { "uv": [ 7.5, 2.5, 8.5, 3.5 ], "texture": "#wax" },
				"south": { "uv": [ 7.5, 2.5, 8.5, 3.5 ], "texture": "#wax" },
				"west": { "uv": [ 12.5, 2.5, 13, 3.5 ], "texture": "#wax" },
				"east": { "uv": [ 3, 2.5, 3.5, 3.5 ], "texture": "#wax" }
			}
		},
		{
			"__comment": "Candle",
			"from": [ 7.5, 13, 9 ],
			"to": [ 9, 14, 9.5 ],
			"rotation": { "origin": [ 7.5, 1.5, 15.5 ], "axis": "x", "angle": -22.5 },
			"faces": {
				"down": { "uv": [ 7.5, 6.5, 9, 7 ], "texture": "#wax" },
				"up": { "uv": [ 7.5, 9, 9, 9.5 ], "texture": "#wax" },
				"north": { "uv": [ 7, 2, 8.5, 3 ], "texture": "#wax" },
				"south": { "uv": [ 7.5, 2, 9, 3 ], "texture": "#wax" },
				"west": { "uv": [ 9, 2, 9.5, 3 ], "texture": "#wax" },
				"east": { "uv": [ 6.5, 2, 7, 3 ], "texture": "#wax" }
			}
		},
		{
			"__comment": "Candle",
			"from": [ 8, 7.5, 9 ],
			"to": [ 8.5, 9, 9.5 ],
			"rotation": { "origin": [ 7.5, 1.5, 15.5 ], "axis": "x", "angle": -22.5 },
			"faces": {
				"down": { "uv": [ 8, 6.5, 8.5, 7 ], "texture": "#wax" },
				"up": { "uv": [ 8, 9, 8.5, 9.5 ], "texture": "#wax" },
				"north": { "uv": [ 7.5, 7, 8, 8.5 ], "texture": "#wax" },
				"south": { "uv": [ 8, 7, 8.5, 8.5 ], "texture": "#wax" },
				"west": { "uv": [ 9, 7, 9.5, 8.5 ], "texture": "#wax" },
				"east": { "uv": [ 6.5, 7, 7, 8.5 ], "texture": "#wax" }
			}
		},
		{
			"__comment": "Candle",
			"from": [ 8, 10.5, 9 ],
			"to": [ 8.5, 13, 9.5 ],
			"rotation": { "origin": [ 7.5, 1.5, 15.5 ], "axis": "x", "angle": -22.5 },
			"faces": {
				"down": { "uv": [ 8, 6.5, 8.5, 7 ], "texture": "#wax" },
				"up": { "uv": [ 8, 9, 8.5, 9.5 ], "texture": "#wax" },
				"north": { "uv": [ 7.5, 3, 8, 5.5 ], "texture": "#wax" },
				"south": { "uv": [ 8, 3, 8.5, 5.5 ], "texture": "#wax" },
				"west": { "uv": [ 9, 3, 9.5, 5.5 ], "texture": "#wax" },
				"east": { "uv": [ 6.5, 3, 7, 5.5 ], "texture": "#wax" }
			}
		},
		{
			"__comment": "Candle",
			"from": [ 8, 11, 12.5 ],
			"to": [ 8.5, 12.5, 13 ],
			"rotation": { "origin": [ 7.5, 1.5, 15.5 ], "axis": "x", "angle": -22.5 },
			"faces": {
				"down": { "uv": [ 8, 3, 8.5, 3.5 ], "texture": "#wax" },
				"up": { "uv": [ 8, 12.5, 8.5, 13 ], "texture": "#wax" },
				"north": { "uv": [ 7.5, 3.5, 8, 5 ], "texture": "#wax" },
				"south": { "uv": [ 8, 3.5, 8.5, 5 ], "texture": "#wax" },
				"west": { "uv": [ 12.5, 3.5, 13, 5 ], "texture": "#wax" },
				"east": { "uv": [ 3, 3.5, 3.5, 5 ], "texture": "#wax" }
			}
		},
		{
			"__comment": "Candle",
			"from": [ 8, 13.5, 12.5001 ],
			"to": [ 9, 14, 13.0001 ],
			"rotation": { "origin": [ 7.5, 1.5, 15.5 ], "axis": "x", "angle": -22.5 },
			"faces": {
				"down": { "uv": [ 8, 3, 9, 3.5 ], "texture": "#wax" },
				"up": { "uv": [ 8, 12.5, 9, 13 ], "texture": "#wax" },
				"north": { "uv": [ 7, 2, 8, 2.5 ], "texture": "#wax" },
				"south": { "uv": [ 8, 2, 9, 2.5 ], "texture": "#wax" },
				"west": { "uv": [ 12.5, 2, 13, 2.5 ], "texture": "#wax" },
				"east": { "uv": [ 3, 2, 3.5, 2.5 ], "texture": "#wax" }
			}
		},
		{
			"__comment": "Candle",
			"from": [ 8.5, 12.5, 9 ],
			"to": [ 9, 13, 9.5 ],
			"rotation": { "origin": [ 7.5, 1.5, 15.5 ], "axis": "x", "angle": -22.5 },
			"faces": {
				"down": { "uv": [ 8.5, 6.5, 9, 7 ], "texture": "#wax" },
				"up": { "uv": [ 8.5, 9, 9, 9.5 ], "texture": "#wax" },
				"north": { "uv": [ 7, 3, 7.5, 3.5 ], "texture": "#wax" },
				"south": { "uv": [ 8.5, 3, 9, 3.5 ], "texture": "#wax" },
				"west": { "uv": [ 9, 3, 9.5, 3.5 ], "texture": "#wax" },
				"east": { "uv": [ 6.5, 3, 7, 3.5 ], "texture": "#wax" }
			}
		},
		{
			"__comment": "Candle",
			"from": [ 8.5, 14, 9.5 ],
			"to": [ 9, 14.5, 10 ],
			"rotation": { "origin": [ 7.5, 1.5, 15.5 ], "axis": "x", "angle": -22.5 },
			"faces": {
				"down": { "uv": [ 8.5, 6, 9, 6.5 ], "texture": "#wax" },
				"up": { "uv": [ 8.5, 9.5, 9, 10 ], "texture": "#wax" },
				"north": { "uv": [ 7, 1.5, 7.5, 2 ], "texture": "#wax" },
				"south": { "uv": [ 8.5, 1.5, 9, 2 ], "texture": "#wax" },
				"west": { "uv": [ 9.5, 1.5, 10, 2 ], "texture": "#wax" },
				"east": { "uv": [ 6, 1.5, 6.5, 2 ], "texture": "#wax" }
			}
		},
		{
			"__comment": "Candle",
			"from": [ 8.5, 14, 12.0001 ],
			"to": [ 9, 14.5, 12.5001 ],
			"rotation": { "origin": [ 7.5, 1.5, 15.5 ], "axis": "x", "angle": -22.5 },
			"faces": {
				"down": { "uv": [ 8.5, 3.5, 9, 4 ], "texture": "#wax" },
				"up": { "uv": [ 8.5, 12, 9, 12.5 ], "texture": "#wax" },
				"north": { "uv": [ 7, 1.5, 7.5, 2 ], "texture": "#wax" },
				"south": { "uv": [ 8.5, 1.5, 9, 2 ], "texture": "#wax" },
				"west": { "uv": [ 12, 1.5, 12.5, 2 ], "texture": "#wax" },
				"east": { "uv": [ 3.5, 1.5, 4, 2 ], "texture": "#wax" }
			}
		},
		{
			"__comment": "Candle",
			"from": [ 9, 12, 9.5 ],
			"to": [ 9.5, 14, 10 ],
			"rotation": { "origin": [ 7.5, 1.5, 15.5 ], "axis": "x", "angle": -22.5 },
			"faces": {
				"down": { "uv": [ 9, 6, 9.5, 6.5 ], "texture": "#wax" },
				"up": { "uv": [ 9, 9.5, 9.5, 10 ], "texture": "#wax" },
				"north": { "uv": [ 6.5, 2, 7, 4 ], "texture": "#wax" },
				"south": { "uv": [ 9, 2, 9.5, 4 ], "texture": "#wax" },
				"west": { "uv": [ 9.5, 2, 10, 4 ], "texture": "#wax" },
				"east": { "uv": [ 6, 2, 6.5, 4 ], "texture": "#wax" }
			}
		},
		{
			"__comment": "Candle",
			"from": [ 9, 12, 12 ],
			"to": [ 9.5, 14, 12.5 ],
			"rotation": { "origin": [ 7.5, 1.5, 15.5 ], "axis": "x", "angle": -22.5 },
			"faces": {
				"down": { "uv": [ 9, 3.5, 9.5, 4 ], "texture": "#wax" },
				"up": { "uv": [ 9, 12, 9.5, 12.5 ], "texture": "#wax" },
				"north": { "uv": [ 6.5, 2, 7, 4 ], "texture": "#wax" },
				"south": { "uv": [ 9, 2, 9.5, 4 ], "texture": "#wax" },
				"west": { "uv": [ 12, 2, 12.5, 4 ], "texture": "#wax" },
				"east": { "uv": [ 3.5, 2, 4, 4 ], "texture": "#wax" }
			}
		},
		{
			"__comment": "Candle",
			"from": [ 9, 14, 10 ],
			"to": [ 9.5, 14.5, 10.5 ],
			"rotation": { "origin": [ 7.5, 1.5, 15.5 ], "axis": "x", "angle": -22.5 },
			"faces": {
				"down": { "uv": [ 9, 5.5, 9.5, 6 ], "texture": "#wax" },
				"up": { "uv": [ 9, 10, 9.5, 10.5 ], "texture": "#wax" },
				"north": { "uv": [ 6.5, 1.5, 7, 2 ], "texture": "#wax" },
				"south": { "uv": [ 9, 1.5, 9.5, 2 ], "texture": "#wax" },
				"west": { "uv": [ 10, 1.5, 10.5, 2 ], "texture": "#wax" },
				"east": { "uv": [ 5.5, 1.5, 6, 2 ], "texture": "#wax" }
			}
		},
		{
			"__comment": "Candle",
			"from": [ 9, 14, 11.5 ],
			"to": [ 9.5, 14.5, 12 ],
			"rotation": { "origin": [ 7.5, 1.5, 15.5 ], "axis": "x", "angle": -22.5 },
			"faces": {
				"down": { "uv": [ 9, 4, 9.5, 4.5 ], "texture": "#wax" },
				"up": { "uv": [ 9, 11.5, 9.5, 12 ], "texture": "#wax" },
				"north": { "uv": [ 6.5, 1.5, 7, 2 ], "texture": "#wax" },
				"south": { "uv": [ 9, 1.5, 9.5, 2 ], "texture": "#wax" },
				"west": { "uv": [ 11.5, 1.5, 12, 2 ], "texture": "#wax" },
				"east": { "uv": [ 4, 1.5, 4.5, 2 ], "texture": "#wax" }
			}
		},
		{
			"__comment": "Candle",
			"from": [ 9.5, 11.5, 10.5 ],
			"to": [ 10, 13, 11 ],
			"rotation": { "origin": [ 7.5, 1.5, 15.5 ], "axis": "x", "angle": -22.5 },
			"faces": {
				"down": { "uv": [ 9.5, 5, 10, 5.5 ], "texture": "#wax" },
				"up": { "uv": [ 9.5, 10.5, 10, 11 ], "texture": "#wax" },
				"north": { "uv": [ 6, 3, 6.5, 4.5 ], "texture": "#wax" },
				"south": { "uv": [ 9.5, 3, 10, 4.5 ], "texture": "#wax" },
				"west": { "uv": [ 10.5, 3, 11, 4.5 ], "texture": "#wax" },
				"east": { "uv": [ 5, 3, 5.5, 4.5 ], "texture": "#wax" }
			}
		},
		{
			"__comment": "Candle",
			"from": [ 9.5, 12.5, 11 ],
			"to": [ 10, 14, 11.5 ],
			"rotation": { "origin": [ 7.5, 1.5, 15.5 ], "axis": "x", "angle": -22.5 },
			"faces": {
				"down": { "uv": [ 9.5, 4.5, 10, 5 ], "texture": "#wax" },
				"up": { "uv": [ 9.5, 11, 10, 11.5 ], "texture": "#wax" },
				"north": { "uv": [ 6, 2, 6.5, 3.5 ], "texture": "#wax" },
				"south": { "uv": [ 9.5, 2, 10, 3.5 ], "texture": "#wax" },
				"west": { "uv": [ 11, 2, 11.5, 3.5 ], "texture": "#wax" },
				"east": { "uv": [ 4.5, 2, 5, 3.5 ], "texture": "#wax" }
			}
		},
		{
			"__comment": "Wick",
			"from": [ 7.75, 14, 10.75 ],
			"to": [ 8.25, 15, 11.25 ],
			"rotation": { "origin": [ 7.5, 1.5, 15.5 ], "axis": "x", "angle": -22.5 },
			"faces": {
				"down": { "uv": [ 7.75, 4.75, 8.25, 5.25 ], "texture": "#wick" },
				"up": { "uv": [ 7.75, 10.75, 8.25, 11.25 ], "texture": "#wick" },
				"north": { "uv": [ 7.75, 1, 8.25, 2 ], "texture": "#wick" },
				"south": { "uv": [ 7.75, 1, 8.25, 2 ], "texture": "#wick" },
				"west": { "uv": [ 10.75, 1, 11.25, 2 ], "texture": "#wick" },
				"east": { "uv": [ 4.75, 1, 5.25, 2 ], "texture": "#wick" }
			}
		},
		{
			"__comment": "Metal",
			"from": [ 6.5, 5.5, 9.5 ],
			"to": [ 9.5, 6, 12.5 ],
			"rotation": { "origin": [ 7.5, 1.5, 15.5 ], "axis": "x", "angle": -22.5 },
			"faces": {
				"down": { "uv": [ 6.5, 3.5, 9.5, 6.5 ], "texture": "#metal" },
				"up": { "uv": [ 6.5, 9.5, 9.5, 12.5 ], "texture": "#metal" },
				"north": { "uv": [ 6.5, 10, 9.5, 10.5 ], "texture": "#metal" },
				"south": { "uv": [ 6.5, 10, 9.5, 10.5 ], "texture": "#metal" },
				"west": { "uv": [ 9.5, 10, 12.5, 10.5 ], "texture": "#metal" },
				"east": { "uv": [ 3.5, 10, 6.5, 10.5 ], "texture": "#metal" }
			}
		},
		{
			"__comment": "Metal",
			"from": [ 6, 6.5, 13.5 ],
			"to": [ 10, 7, 14 ],
			"rotation": { "origin": [ 7.5, 1.5, 15.5 ], "axis": "x", "angle": -22.5 },
			"faces": {
				"down": { "uv": [ 6, 2, 10, 2.5 ], "texture": "#metal" },
				"up": { "uv": [ 6, 13.5, 10, 14 ], "texture": "#metal" },
				"north": { "uv": [ 6, 9, 10, 9.5 ], "texture": "#metal" },
				"south": { "uv": [ 6, 9, 10, 9.5 ], "texture": "#metal" },
				"west": { "uv": [ 13.5, 9, 14, 9.5 ], "texture": "#metal" },
				"east": { "uv": [ 2, 9, 2.5, 9.5 ], "texture": "#metal" }
			}
		},
		{
			"__comment": "Metal",
			"from": [ 10.5, 6.5, 9 ],
			"to": [ 11, 7, 13 ],
			"rotation": { "origin": [ 7.5, 1.5, 15.5 ], "axis": "x", "angle": -22.5 },
			"faces": {
				"down": { "uv": [ 10.5, 3, 11, 7 ], "texture": "#metal" },
				"up": { "uv": [ 10.5, 9, 11, 13 ], "texture": "#metal" },
				"north": { "uv": [ 5, 9, 5.5, 9.5 ], "texture": "#metal" },
				"south": { "uv": [ 10.5, 9, 11, 9.5 ], "texture": "#metal" },
				"west": { "uv": [ 9, 9, 13, 9.5 ], "texture": "#metal" },
				"east": { "uv": [ 3, 9, 7, 9.5 ], "texture": "#metal" }
			}
		},
		{
			"__comment": "Metal",
			"from": [ 5.5, 6, 9 ],
			"to": [ 10.5, 6.5, 13 ],
			"rotation": { "origin": [ 7.5, 1.5, 15.5 ], "axis": "x", "angle": -22.5 },
			"faces": {
				"down": { "uv": [ 5.5, 3, 10.5, 7 ], "texture": "#metal" },
				"up": { "uv": [ 5.5, 9, 10.5, 13 ], "texture": "#metal" },
				"north": { "uv": [ 5.5, 9.5, 10.5, 10 ], "texture": "#metal" },
				"south": { "uv": [ 5.5, 9.5, 10.5, 10 ], "texture": "#metal" },
				"west": { "uv": [ 9, 9.5, 13, 10 ], "texture": "#metal" },
				"east": { "uv": [ 3, 9.5, 7, 10 ], "texture": "#metal" }
			}
		},
		{
			"__comment": "Metal",
			"from": [ 6, 6, 13 ],
			"to": [ 10, 6.5, 13.5 ],
			"rotation": { "origin": [ 7.5, 1.5, 15.5 ], "axis": "x", "angle": -22.5 },
			"faces": {
				"down": { "uv": [ 6, 2.5, 10, 3 ], "texture": "#metal" },
				"up": { "uv": [ 6, 13, 10, 13.5 ], "texture": "#metal" },
				"north": { "uv": [ 6, 9.5, 10, 10 ], "texture": "#metal" },
				"south": { "uv": [ 6, 9.5, 10, 10 ], "texture": "#metal" },
				"west": { "uv": [ 13, 9.5, 13.5, 10 ], "texture": "#metal" },
				"east": { "uv": [ 2.5, 9.5, 3, 10 ], "texture": "#metal" }
			}
		},
		{
			"__comment": "Metal",
			"from": [ 6, 6, 8.5 ],
			"to": [ 10, 6.5, 9 ],
			"rotation": { "origin": [ 7.5, 1.5, 15.5 ], "axis": "x", "angle": -22.5 },
			"faces": {
				"down": { "uv": [ 6, 7, 10, 7.5 ], "texture": "#metal" },
				"up": { "uv": [ 6, 8.5, 10, 9 ], "texture": "#metal" },
				"north": { "uv": [ 6, 9.5, 10, 10 ], "texture": "#metal" },
				"south": { "uv": [ 6, 9.5, 10, 10 ], "texture": "#metal" },
				"west": { "uv": [ 8.5, 9.5, 9, 10 ], "texture": "#metal" },
				"east": { "uv": [ 7, 9.5, 7.5, 10 ], "texture": "#metal" }
			}
		},
		{
			"__comment": "Metal",
			"from": [ 6, 6.5, 8 ],
			"to": [ 10, 7, 8.5 ],
			"rotation": { "origin": [ 7.5, 1.5, 15.5 ], "axis": "x", "angle": -22.5 },
			"faces": {
				"down": { "uv": [ 6, 7.5, 10, 8 ], "texture": "#metal" },
				"up": { "uv": [ 6, 8, 10, 8.5 ], "texture": "#metal" },
				"north": { "uv": [ 6, 9, 10, 9.5 ], "texture": "#metal" },
				"south": { "uv": [ 6, 9, 10, 9.5 ], "texture": "#metal" },
				"west": { "uv": [ 8, 9, 8.5, 9.5 ], "texture": "#metal" },
				"east": { "uv": [ 7.5, 9, 8, 9.5 ], "texture": "#metal" }
			}
		},
		{
			"__comment": "Metal",
			"from": [ 5.5, 6.5, 13 ],
			"to": [ 6, 7, 13.5 ],
			"rotation": { "origin": [ 7.5, 1.5, 15.5 ], "axis": "x", "angle": -22.5 },
			"faces": {
				"down": { "uv": [ 5.5, 2.5, 6, 3 ], "texture": "#metal" },
				"up": { "uv": [ 5.5, 13, 6, 13.5 ], "texture": "#metal" },
				"north": { "uv": [ 10, 9, 10.5, 9.5 ], "texture": "#metal" },
				"south": { "uv": [ 5.5, 9, 6, 9.5 ], "texture": "#metal" },
				"west": { "uv": [ 13, 9, 13.5, 9.5 ], "texture": "#metal" },
				"east": { "uv": [ 2.5, 9, 3, 9.5 ], "texture": "#metal" }
			}
		},
		{
			"__comment": "Metal",
			"from": [ 5, 6.5, 9 ],
			"to": [ 5.5, 7, 13 ],
			"rotation": { "origin": [ 7.5, 1.5, 15.5 ], "axis": "x", "angle": -22.5 },
			"faces": {
				"down": { "uv": [ 5, 3, 5.5, 7 ], "texture": "#metal" },
				"up": { "uv": [ 5, 9, 5.5, 13 ], "texture": "#metal" },
				"north": { "uv": [ 10.5, 9, 11, 9.5 ], "texture": "#metal" },
				"south": { "uv": [ 5, 9, 5.5, 9.5 ], "texture": "#metal" },
				"west": { "uv": [ 9, 9, 13, 9.5 ], "texture": "#metal" },
				"east": { "uv": [ 3, 9, 7, 9.5 ], "texture": "#metal" }
			}
		},
		{
			"__comment": "Metal",
			"from": [ 5.5, 6.5, 8.5 ],
			"to": [ 6, 7, 9 ],
			"rotation": { "origin": [ 7.5, 1.5, 15.5 ], "axis": "x", "angle": -22.5 },
			"faces": {
				"down": { "uv": [ 5.5, 7, 6, 7.5 ], "texture": "#metal" },
				"up": { "uv": [ 5.5, 8.5, 6, 9 ], "texture": "#metal" },
				"north": { "uv": [ 10, 9, 10.5, 9.5 ], "texture": "#metal" },
				"south": { "uv": [ 5.5, 9, 6, 9.5 ], "texture": "#metal" },
				"west": { "uv": [ 8.5, 9, 9, 9.5 ], "texture": "#metal" },
				"east": { "uv": [ 7, 9, 7.5, 9.5 ], "texture": "#metal" }
			}
		},
		{
			"__comment": "Metal",
			"from": [ 10, 6.5, 8.5 ],
			"to": [ 10.5, 7, 9 ],
			"rotation": { "origin": [ 7.5, 1.5, 15.5 ], "axis": "x", "angle": -22.5 },
			"faces": {
				"down": { "uv": [ 10, 7, 10.5, 7.5 ], "texture": "#metal" },
				"up": { "uv": [ 10, 8.5, 10.5, 9 ], "texture": "#metal" },
				"north": { "uv": [ 5.5, 9, 6, 9.5 ], "texture": "#metal" },
				"south": { "uv": [ 10, 9, 10.5, 9.5 ], "texture": "#metal" },
				"west": { "uv": [ 8.5, 9, 9, 9.5 ], "texture": "#metal" },
				"east": { "uv": [ 7, 9, 7.5, 9.5 ], "texture": "#metal" }
			}
		},
		{
			"__comment": "Metal",
			"from": [ 10, 6.5, 13 ],
			"to": [ 10.5, 7, 13.5 ],
			"rotation": { "origin": [ 7.5, 1.5, 15.5 ], "axis": "x", "angle": -22.5 },
			"faces": {
				"down": { "uv": [ 10, 2.5, 10.5, 3 ], "texture": "#metal" },
				"up": { "uv": [ 10, 13, 10.5, 13.5 ], "texture": "#metal" },
				"north": { "uv": [ 5.5, 9, 6, 9.5 ], "texture": "#metal" },
				"south": { "uv": [ 10, 9, 10.5, 9.5 ], "texture": "#metal" },
				"west": { "uv": [ 13, 9, 13.5, 9.5 ], "texture": "#metal" },
				"east": { "uv": [ 2.5, 9, 3, 9.5 ], "texture": "#metal" }
			}
		},
		{
			"__comment": "Box56",
			"from": [ 6.5, 0, 15.5 ],
			"to": [ 9.5, 4, 16 ],
			"faces": {
				"down": { "uv": [ 6.5, 0, 9.5, 0.5 ], "texture": "#metal" },
				"up": { "uv": [ 6.5, 15.5, 9.5, 16 ], "texture": "#metal" },
				"north": { "uv": [ 6.5, 12, 9.5, 16 ], "texture": "#metal" },
				"south": { "uv": [ 6.5, 12, 9.5, 16 ], "texture": "#metal" },
				"west": { "uv": [ 15.5, 12, 16, 16 ], "texture": "#metal" },
				"east": { "uv": [ 0, 12, 0.5, 16 ], "texture": "#metal" }
			}
		},
		{
			"__comment": "Box56",
			"from": [ 7.5, 4, 10.5 ],
			"to": [ 8.5, 5.5, 11.5 ],
			"rotation": { "origin": [ 7.5, 1.5, 15.5 ], "axis": "x", "angle": -22.5 },
			"faces": {
				"down": { "uv": [ 7.5, 4.5, 8.5, 5.5 ], "texture": "#metal" },
				"up": { "uv": [ 7.5, 10.5, 8.5, 11.5 ], "texture": "#metal" },
				"north": { "uv": [ 7.5, 10.5, 8.5, 12 ], "texture": "#metal" },
				"south": { "uv": [ 7.5, 10.5, 8.5, 12 ], "texture": "#metal" },
				"west": { "uv": [ 10.5, 10.5, 11.5, 12 ], "texture": "#metal" },
				"east": { "uv": [ 4.5, 10.5, 5.5, 12 ], "texture": "#metal" }
			}
		},
		{
			"__comment": "Box56",
			"from": [ 7.5, 3, 11 ],
			"to": [ 8.5, 4.5, 12 ],
			"rotation": { "origin": [ 7.5, 1.5, 15.5 ], "axis": "x", "angle": -22.5 },
			"faces": {
				"down": { "uv": [ 7.5, 4, 8.5, 5 ], "texture": "#metal" },
				"up": { "uv": [ 7.5, 11, 8.5, 12 ], "texture": "#metal" },
				"north": { "uv": [ 7.5, 11.5, 8.5, 13 ], "texture": "#metal" },
				"south": { "uv": [ 7.5, 11.5, 8.5, 13 ], "texture": "#metal" },
				"west": { "uv": [ 11, 11.5, 12, 13 ], "texture": "#metal" },
				"east": { "uv": [ 4, 11.5, 5, 13 ], "texture": "#metal" }
			}
		},
		{
			"__comment": "Box56",
			"from": [ 7.5, 2.5, 11.5 ],
			"to": [ 8.5, 3.5, 12.5 ],
			"rotation": { "origin": [ 7.5, 1.5, 15.5 ], "axis": "x", "angle": -22.5 },
			"faces": {
				"down": { "uv": [ 7.5, 3.5, 8.5, 4.5 ], "texture": "#metal" },
				"up": { "uv": [ 7.5, 11.5, 8.5, 12.5 ], "texture": "#metal" },
				"north": { "uv": [ 7.5, 12.5, 8.5, 13.5 ], "texture": "#metal" },
				"south": { "uv": [ 7.5, 12.5, 8.5, 13.5 ], "texture": "#metal" },
				"west": { "uv": [ 11.5, 12.5, 12.5, 13.5 ], "texture": "#metal" },
				"east": { "uv": [ 3.5, 12.5, 4.5, 13.5 ], "texture": "#metal" }
			}
		},
		{
			"__comment": "Box56",
			"from": [ 7.5, 2, 12 ],
			"to": [ 8.5, 3, 13.5 ],
			"rotation": { "origin": [ 7.5, 1.5, 15.5 ], "axis": "x", "angle": -22.5 },
			"faces": {
				"down": { "uv": [ 7.5, 2.5, 8.5, 4 ], "texture": "#metal" },
				"up": { "uv": [ 7.5, 12, 8.5, 13.5 ], "texture": "#metal" },
				"north": { "uv": [ 7.5, 13, 8.5, 14 ], "texture": "#metal" },
				"south": { "uv": [ 7.5, 13, 8.5, 14 ], "texture": "#metal" },
				"west": { "uv": [ 12, 13, 13.5, 14 ], "texture": "#metal" },
				"east": { "uv": [ 2.5, 13, 4, 14 ], "texture": "#metal" }
			}
		},
		{
			"__comment": "Box56",
			"from": [ 7.5, 1.5, 13 ],
			"to": [ 8.5, 2.5, 15.5 ],
			"rotation": { "origin": [ 7.5, 1.5, 15.5 ], "axis": "x", "angle": -22.5 },
			"faces": {
				"down": { "uv": [ 7.5, 0.5, 8.5, 3 ], "texture": "#metal" },
				"up": { "uv": [ 7.5, 13, 8.5, 15.5 ], "texture": "#metal" },
				"north": { "uv": [ 7.5, 13.5, 8.5, 14.5 ], "texture": "#metal" },
				"south": { "uv": [ 7.5, 13.5, 8.5, 14.5 ], "texture": "#metal" },
				"west": { "uv": [ 13, 13.5, 15.5, 14.5 ], "texture": "#metal" },
				"east": { "uv": [ 0.5, 13.5, 3, 14.5 ], "texture": "#metal" }
			}
		},
		{
			"__comment": "Box56",
			"from": [ 7, 0.5, 15 ],
			"to": [ 9, 3.5, 15.5 ],
			"faces": {
				"down": { "uv": [ 7, 0.5, 9, 1 ], "texture": "#metal" },
				"up": { "uv": [ 7, 15, 9, 15.5 ], "texture": "#metal" },
				"north": { "uv": [ 7, 12.5, 9, 15.5 ], "texture": "#metal" },
				"south": { "uv": [ 7, 12.5, 9, 15.5 ], "texture": "#metal" },
				"west": { "uv": [ 15, 12.5, 15.5, 15.5 ], "texture": "#metal" },
				"east": { "uv": [ 0.5, 12.5, 1, 15.5 ], "texture": "#metal" }
			}
		}
	],
	"display": {
		"thirdperson_righthand": {
			"translation":  [ 0, 2.0869, 0 ]
		},
		"thirdperson_lefthand": {
			"translation":  [ 0, 2.0869, 0 ]
		},
		"firstperson_righthand": {
			"translation":  [ 0, 4, 0 ]
		},
		"firstperson_lefthand": {
			"translation":  [ 0, 4, 0 ]
		},
		"gui": {
			"rotation":  [ 35, 25, 0 ],
			"translation":  [ 0, 5, 0 ],
			"scale":  [ 1.5, 1.5, 1.5 ]
		},
		"head": {
			"translation":  [ 0, 23, 0 ],
			"scale":  [ 2, 2, 2 ]
		},
		"ground": {
			"translation":  [ 0, 6, 0 ]
		},
		"fixed": {
			"translation":  [ 0, 7.5, 0 ],
			"scale":  [ 2, 2, 2 ]
		}
	}
}