{
	"__comment": "Designed by JTK222",
	"textures": {
		"particle": "drpmedieval:blocks/firewood/log_sides",
		"sticks": "drpmedieval:blocks/firewood/sticks",
		"front": "drpmedieval:blocks/firewood/log_ends",
		"sides": "drpmedieval:blocks/firewood/log_sides"
	},
	"elements": [ 	 
		{
			"__comment": "Box1",
			"from": [ -0.25, 7, 0.5 ],
			"to": [ 2.75, 10, 14.5 ],
			"faces": {
				"down": { "uv": [ 0, 1.5, 2.75, 15.5 ], "texture": "#sides" },
				"up": { "uv": [ 0, 0.5, 2.75, 14.5 ], "texture": "#sides" },
				"north": { "uv": [ 12, 6, 15, 9 ], "texture": "#front" },
				"south": { "uv": [ 12, 6, 15, 9 ], "texture": "#front" },
				"west": { "uv": [ 0.5, 6, 14.5, 9 ], "texture": "#sides" },
				"east": { "uv": [ 1.5, 6, 15.5, 9 ], "texture": "#sides" }
			}
		},
		{
			"__comment": "Box2",
			"from": [ 3.375, 7, 1.5 ],
			"to": [ 6.375, 10, 15.5 ],
			"faces": {
				"down": { "uv": [ 3.375, 0.5, 6.375, 14.5 ], "texture": "#sides" },
				"up": { "uv": [ 3.375, 1.5, 6.375, 15.5 ], "texture": "#sides" },
				"north": { "uv": [ 9, 6, 12, 9 ], "texture": "#front" },
				"south": { "uv": [ 9, 6, 12, 9 ], "texture": "#front" },
				"west": { "uv": [ 1.5, 6, 15.5, 9 ], "texture": "#sides" },
				"east": { "uv": [ 0.5, 6, 14.5, 9 ], "texture": "#sides" }
			}
		},
		{
			"__comment": "Box3",
			"from": [ 6.625, 7, 2 ],
			"to": [ 9.625, 10, 16 ],
			"faces": {
				"down": { "uv": [ 6.625, 0, 9.625, 14 ], "texture": "#sides" },
				"up": { "uv": [ 6.625, 2, 9.625, 16 ], "texture": "#sides" },
				"north": { "uv": [ 6, 6, 9, 9 ], "texture": "#front" },
				"south": { "uv": [ 6, 6, 9, 9 ], "texture": "#front" },
				"west": { "uv": [ 2, 6, 16, 9 ], "texture": "#sides" },
				"east": { "uv": [ 0, 6, 14, 9 ], "texture": "#sides" }
			}
		},
		{
			"__comment": "Box4",
			"from": [ 9.75, 7, 0.5 ],
			"to": [ 12.75, 10, 14.5 ],
			"faces": {
				"down": { "uv": [ 9.75, 1.5, 12.75, 15.5 ], "texture": "#sides" },
				"up": { "uv": [ 9.75, 0.5, 12.75, 14.5 ], "texture": "#sides" },
				"north": { "uv": [ 3, 6, 6, 9 ], "texture": "#front" },
				"south": { "uv": [ 3, 6, 6, 9 ], "texture": "#front" },
				"west": { "uv": [ 0.5, 6, 14.5, 9 ], "texture": "#sides" },
				"east": { "uv": [ 1.5, 6, 15.5, 9 ], "texture": "#sides" }
			}
		},
		{
			"__comment": "Box5",
			"from": [ 13, 7, 1 ],
			"to": [ 16, 10, 15 ],
			"faces": {
				"down": { "uv": [ 13, 1, 16, 15 ], "texture": "#sides" },
				"up": { "uv": [ 13, 1, 16, 15 ], "texture": "#sides" },
				"north": { "uv": [ 0, 6, 3, 9 ], "texture": "#front" },
				"south": { "uv": [ 0, 6, 3, 9 ], "texture": "#front" },
				"west": { "uv": [ 1, 6, 15, 9 ], "texture": "#sides" },
				"east": { "uv": [ 1, 6, 15, 9 ], "texture": "#sides" }
			}
		},
		{
			"__comment": "Box6",
			"from": [ 0, 13, 1 ],
			"to": [ 3, 16, 15 ],
			"faces": {
				"down": { "uv": [ 0, 1, 3, 15 ], "texture": "#sides" },
				"up": { "uv": [ 0, 1, 3, 15 ], "texture": "#sides" },
				"north": { "uv": [ 3, 0, 0, 3 ], "texture": "#front" },
				"south": { "uv": [ 0, 0, 3, 3 ], "texture": "#front" },
				"west": { "uv": [ 1, 0, 15, 3 ], "texture": "#sides" },
				"east": { "uv": [ 1, 0, 15, 3 ], "texture": "#sides" }
			}
		},
		{
			"__comment": "Box7",
			"from": [ 3.25, 13, 1.5 ],
			"to": [ 6.25, 16, 15.5 ],
			"faces": {
				"down": { "uv": [ 3.25, 0.5, 6.25, 14.5 ], "texture": "#sides" },
				"up": { "uv": [ 3.25, 1.5, 6.25, 15.5 ], "texture": "#sides" },
				"north": { "uv": [ 3, 3, 6, 0 ], "texture": "#front" },
				"south": { "uv": [ 6, 3, 3, 0 ], "texture": "#front" },
				"west": { "uv": [ 1.5, 0, 15.5, 3 ], "texture": "#sides" },
				"east": { "uv": [ 0.5, 0, 14.5, 3 ], "texture": "#sides" }
			}
		},
		{
			"__comment": "Box8",
			"from": [ 6.5, 13, 1.5 ],
			"to": [ 9.5, 16, 15.5 ],
			"faces": {
				"down": { "uv": [ 6.5, 0.5, 9.5, 14.5 ], "texture": "#sides" },
				"up": { "uv": [ 6.5, 1.5, 9.5, 15.5 ], "texture": "#sides" },
				"north": { "uv": [ 9, 0, 6, 3 ], "texture": "#front" },
				"south": { "uv": [ 6, 0, 9, 3 ], "texture": "#front" },
				"west": { "uv": [ 1.5, 0, 15.5, 3 ], "texture": "#sides" },
				"east": { "uv": [ 0.5, 0, 14.5, 3 ], "texture": "#sides" }
			}
		},
		{
			"__comment": "Box9",
			"from": [ 9.75, 13, 1.5 ],
			"to": [ 12.75, 16, 15.5 ],
			"faces": {
				"down": { "uv": [ 9.75, 0.5, 12.75, 14.5 ], "texture": "#sides" },
				"up": { "uv": [ 9.75, 1.5, 12.75, 15.5 ], "texture": "#sides" },
				"north": { "uv": [ 12, 3, 9, 0 ], "texture": "#front" },
				"south": { "uv": [ 9, 3, 12, 0 ], "texture": "#front" },
				"west": { "uv": [ 1.5, 0, 15.5, 3 ], "texture": "#sides" },
				"east": { "uv": [ 0.5, 0, 14.5, 3 ], "texture": "#sides" }
			}
		},
		{
			"__comment": "Box10",
			"from": [ 13.125, 13, 2 ],
			"to": [ 16.125, 16, 16 ],
			"faces": {
				"down": { "uv": [ 13.125, 0, 16, 14 ], "texture": "#sides" },
				"up": { "uv": [ 13.125, 2, 16, 16 ], "texture": "#sides" },
				"north": { "uv": [ 12, 0, 15, 3 ], "texture": "#front" },
				"south": { "uv": [ 15, 0, 12, 3 ], "texture": "#front" },
				"west": { "uv": [ 2, 0, 16, 3 ], "texture": "#sides" },
				"east": { "uv": [ 0, 0, 14, 3 ], "texture": "#sides" }
			}
		},
		{
			"__comment": "Box1",
			"from": [ 0.125, 1, 0.5 ],
			"to": [ 3.125, 4, 14.5 ],
			"faces": {
				"down": { "uv": [ 0.125, 1.5, 3.125, 15.5 ], "texture": "#sides" },
				"up": { "uv": [ 0.125, 0.5, 3.125, 14.5 ], "texture": "#sides" },
				"north": { "uv": [ 12, 12, 15, 15 ], "texture": "#front" },
				"south": { "uv": [ 12, 12, 15, 15 ], "texture": "#front" },
				"west": { "uv": [ 0.5, 12, 14.5, 15 ], "texture": "#sides" },
				"east": { "uv": [ 1.5, 12, 15.5, 15 ], "texture": "#sides" }
			}
		},
		{
			"__comment": "Box2",
			"from": [ 3.375, 1, 1 ],
			"to": [ 6.375, 4, 15 ],
			"faces": {
				"down": { "uv": [ 3.375, 1, 6.375, 15 ], "texture": "#sides" },
				"up": { "uv": [ 3.375, 1, 6.375, 15 ], "texture": "#sides" },
				"north": { "uv": [ 9, 12, 12, 15 ], "texture": "#front" },
				"south": { "uv": [ 9, 12, 12, 15 ], "texture": "#front" },
				"west": { "uv": [ 1, 12, 15, 15 ], "texture": "#sides" },
				"east": { "uv": [ 1, 12, 15, 15 ], "texture": "#sides" }
			}
		},
		{
			"__comment": "Box3",
			"from": [ 6.75, 1, 2 ],
			"to": [ 9.75, 4, 16 ],
			"faces": {
				"down": { "uv": [ 6.75, 0, 9.75, 14 ], "texture": "#sides" },
				"up": { "uv": [ 6.75, 2, 9.75, 16 ], "texture": "#sides" },
				"north": { "uv": [ 6, 12, 9, 15 ], "texture": "#front" },
				"south": { "uv": [ 6, 12, 9, 15 ], "texture": "#front" },
				"west": { "uv": [ 2, 12, 16, 15 ], "texture": "#sides" },
				"east": { "uv": [ 0, 12, 14, 15 ], "texture": "#sides" }
			}
		},
		{
			"__comment": "Box4",
			"from": [ 10, 1, 2 ],
			"to": [ 13, 4, 16 ],
			"faces": {
				"down": { "uv": [ 10, 0, 13, 14 ], "texture": "#sides" },
				"up": { "uv": [ 10, 2, 13, 16 ], "texture": "#sides" },
				"north": { "uv": [ 3, 12, 6, 15 ], "texture": "#front" },
				"south": { "uv": [ 3, 12, 6, 15 ], "texture": "#front" },
				"west": { "uv": [ 2, 12, 16, 15 ], "texture": "#sides" },
				"east": { "uv": [ 0, 12, 14, 15 ], "texture": "#sides" }
			}
		},
		{
			"__comment": "Box5",
			"from": [ 13.125, 1, 0.5 ],
			"to": [ 16.125, 4, 14.5 ],
			"faces": {
				"down": { "uv": [ 13.125, 1.5, 16, 15.5 ], "texture": "#sides" },
				"up": { "uv": [ 13.125, 0.5, 16, 14.5 ], "texture": "#sides" },
				"north": { "uv": [ 0, 12, 3, 15 ], "texture": "#front" },
				"south": { "uv": [ 0, 12, 3, 15 ], "texture": "#front" },
				"west": { "uv": [ 0.5, 12, 14.5, 15 ], "texture": "#sides" },
				"east": { "uv": [ 1.5, 12, 15.5, 15 ], "texture": "#sides" }
			}
		},
		{
			"__comment": "Box6",
			"from": [ -0.5, 4, 1 ],
			"to": [ 2.5, 7, 15 ],
			"faces": {
				"down": { "uv": [ 0, 1, 2.5, 15 ], "texture": "#sides" },
				"up": { "uv": [ 0, 1, 2.5, 15 ], "texture": "#sides" },
				"north": { "uv": [ 12, 9, 15, 12 ], "texture": "#front" },
				"south": { "uv": [ 12, 9, 15, 12 ], "texture": "#front" },
				"west": { "uv": [ 1, 9, 15, 12 ], "texture": "#sides" },
				"east": { "uv": [ 1, 9, 15, 12 ], "texture": "#sides" }
			}
		},
		{
			"__comment": "Box7",
			"from": [ 2.75, 4, 2 ],
			"to": [ 5.75, 7, 16 ],
			"faces": {
				"down": { "uv": [ 2.75, 0, 5.75, 14 ], "texture": "#sides" },
				"up": { "uv": [ 2.75, 2, 5.75, 16 ], "texture": "#sides" },
				"north": { "uv": [ 9, 9, 12, 12 ], "texture": "#front" },
				"south": { "uv": [ 9, 9, 12, 12 ], "texture": "#front" },
				"west": { "uv": [ 2, 9, 16, 12 ], "texture": "#sides" },
				"east": { "uv": [ 0, 9, 14, 12 ], "texture": "#sides" }
			}
		},
		{
			"__comment": "Box8",
			"from": [ 6, 4, 1 ],
			"to": [ 9, 7, 15 ],
			"faces": {
				"down": { "uv": [ 6, 1, 9, 15 ], "texture": "#sides" },
				"up": { "uv": [ 6, 1, 9, 15 ], "texture": "#sides" },
				"north": { "uv": [ 6, 9, 9, 12 ], "texture": "#front" },
				"south": { "uv": [ 6, 9, 9, 12 ], "texture": "#front" },
				"west": { "uv": [ 1, 9, 15, 12 ], "texture": "#sides" },
				"east": { "uv": [ 1, 9, 15, 12 ], "texture": "#sides" }
			}
		},
		{
			"__comment": "Box9",
			"from": [ 9.25, 4, 1 ],
			"to": [ 12.25, 7, 15 ],
			"faces": {
				"down": { "uv": [ 9.25, 1, 12.25, 15 ], "texture": "#sides" },
				"up": { "uv": [ 9.25, 1, 12.25, 15 ], "texture": "#sides" },
				"north": { "uv": [ 3, 9, 6, 12 ], "texture": "#front" },
				"south": { "uv": [ 3, 9, 6, 12 ], "texture": "#front" },
				"west": { "uv": [ 1, 9, 15, 12 ], "texture": "#sides" },
				"east": { "uv": [ 1, 9, 15, 12 ], "texture": "#sides" }
			}
		},
		{
			"__comment": "Box10",
			"from": [ 12.5, 4, 0 ],
			"to": [ 15.5, 7, 14 ],
			"faces": {
				"down": { "uv": [ 12.5, 2, 15.5, 16 ], "texture": "#sides" },
				"up": { "uv": [ 12.5, 0, 15.5, 14 ], "texture": "#sides" },
				"north": { "uv": [ 0, 9, 3, 12 ], "texture": "#front" },
				"south": { "uv": [ 0, 9, 3, 12 ], "texture": "#front" },
				"west": { "uv": [ 0, 9, 14, 12 ], "texture": "#sides" },
				"east": { "uv": [ 2, 9, 16, 12 ], "texture": "#sides" }
			}
		},
		{
			"__comment": "Box6",
			"from": [ 0.875, 10, 0.5 ],
			"to": [ 3.875, 13, 14.5 ],
			"faces": {
				"down": { "uv": [ 0.875, 1.5, 3.875, 15.5 ], "texture": "#sides" },
				"up": { "uv": [ 0.875, 0.5, 3.875, 14.5 ], "texture": "#sides" },
				"north": { "uv": [ 12, 3, 15, 6 ], "texture": "#front" },
				"south": { "uv": [ 12, 3, 15, 6 ], "texture": "#front" },
				"west": { "uv": [ 0.5, 3, 14.5, 6 ], "texture": "#sides" },
				"east": { "uv": [ 1.5, 3, 15.5, 6 ], "texture": "#sides" }
			}
		},
		{
			"__comment": "Box7",
			"from": [ 4.5, 10, 2 ],
			"to": [ 7.5, 13, 16 ],
			"faces": {
				"down": { "uv": [ 4.5, 0, 7.5, 14 ], "texture": "#sides" },
				"up": { "uv": [ 4.5, 2, 7.5, 16 ], "texture": "#sides" },
				"north": { "uv": [ 9, 3, 12, 6 ], "texture": "#front" },
				"south": { "uv": [ 9, 3, 12, 6 ], "texture": "#front" },
				"west": { "uv": [ 2, 3, 16, 6 ], "texture": "#sides" },
				"east": { "uv": [ 0, 3, 14, 6 ], "texture": "#sides" }
			}
		},
		{
			"__comment": "Box8",
			"from": [ 7.75, 10, 1 ],
			"to": [ 10.75, 13, 15 ],
			"faces": {
				"down": { "uv": [ 7.75, 1, 10.75, 15 ], "texture": "#sides" },
				"up": { "uv": [ 7.75, 1, 10.75, 15 ], "texture": "#sides" },
				"north": { "uv": [ 6, 3, 9, 6 ], "texture": "#front" },
				"south": { "uv": [ 6, 3, 9, 6 ], "texture": "#front" },
				"west": { "uv": [ 1, 3, 15, 6 ], "texture": "#sides" },
				"east": { "uv": [ 1, 3, 15, 6 ], "texture": "#sides" }
			}
		},
		{
			"__comment": "Box9",
			"from": [ 11, 10, 1.5 ],
			"to": [ 14, 13, 15.5 ],
			"faces": {
				"down": { "uv": [ 11, 0.5, 14, 14.5 ], "texture": "#sides" },
				"up": { "uv": [ 11, 1.5, 14, 15.5 ], "texture": "#sides" },
				"north": { "uv": [ 3, 3, 6, 6 ], "texture": "#front" },
				"south": { "uv": [ 3, 3, 6, 6 ], "texture": "#front" },
				"west": { "uv": [ 1.5, 3, 15.5, 6 ], "texture": "#sides" },
				"east": { "uv": [ 0.5, 3, 14.5, 6 ], "texture": "#sides" }
			}
		},
		{
			"__comment": "Box10",
			"from": [ 14.125, 10, 0 ],
			"to": [ 17.125, 13, 14 ],
			"faces": {
				"down": { "uv": [ 14.125, 2, 16, 16 ], "texture": "#sides" },
				"up": { "uv": [ 14.125, 0, 16, 14 ], "texture": "#sides" },
				"north": { "uv": [ 0, 3, 3, 6 ], "texture": "#front" },
				"south": { "uv": [ 0, 3, 3, 6 ], "texture": "#front" },
				"west": { "uv": [ 0, 3, 14, 6 ], "texture": "#sides" },
				"east": { "uv": [ 2, 3, 16, 6 ], "texture": "#sides" }
			}
		},
		{
			"__comment": "Box29",
			"from": [ 0, 0, 2 ],
			"to": [ 16, 1, 3.5 ],
			"faces": {
				"down": { "uv": [ 0, 12.5, 16, 14 ], "texture": "#sticks" },
				"up": { "uv": [ 0, 2, 16, 3.5 ], "texture": "#sticks" },
				"north": { "uv": [ 0, 15, 16, 16 ], "texture": "#sticks" },
				"south": { "uv": [ 0, 15, 16, 16 ], "texture": "#sticks" },
				"west": { "uv": [ 2, 15, 3.5, 16 ], "texture": "#sticks" },
				"east": { "uv": [ 12.5, 15, 14, 16 ], "texture": "#sticks" }
			}
		},
		{
			"__comment": "Box30",
			"from": [ 0.5, 0, 7 ],
			"to": [ 16.5, 1, 8 ],
			"faces": {
				"down": { "uv": [ 0.5, 8, 16, 9 ], "texture": "#sticks" },
				"up": { "uv": [ 0.5, 7, 16, 8 ], "texture": "#sticks" },
				"north": { "uv": [ 0, 15, 15.5, 16 ], "texture": "#sticks" },
				"south": { "uv": [ 0.5, 15, 16, 16 ], "texture": "#sticks" },
				"west": { "uv": [ 7, 15, 8, 16 ], "texture": "#sticks" },
				"east": { "uv": [ 8, 15, 9, 16 ], "texture": "#sticks" }
			}
		},
		{
			"__comment": "Box31",
			"from": [ -0.5, 0, 12.5 ],
			"to": [ 15.5, 1, 14 ],
			"faces": {
				"down": { "uv": [ 0, 2, 15.5, 3.5 ], "texture": "#sticks" },
				"up": { "uv": [ 0, 12.5, 15.5, 14 ], "texture": "#sticks" },
				"north": { "uv": [ 0.5, 15, 16, 16 ], "texture": "#sticks" },
				"south": { "uv": [ 0, 15, 15.5, 16 ], "texture": "#sticks" },
				"west": { "uv": [ 12.5, 15, 14, 16 ], "texture": "#sticks" },
				"east": { "uv": [ 2, 15, 3.5, 16 ], "texture": "#sticks" }
			}
		}
	]
}