{
	"credit": "Made for Dark Roleplay",
	"textures": {
		"0": "blocks/cobblestone",
		"1": "blocks/stonebrick",
		"particle": "blocks/cobblestone"
	},
	"elements": [
		{
			"from": [0, 0, 8],
			"to": [16, 16, 16],
			"faces": {
				"east": {"uv": [0, 0, 8, 16], "texture": "#0", "cullface": "east"},
				"south": {"uv": [0, 0, 16, 16], "texture": "#0", "cullface": "south"},
				"west": {"uv": [8, 0, 16, 16], "texture": "#0", "cullface": "west"},
				"down": {"uv": [0, 0, 8, 16], "rotation": 90, "texture": "#0", "cullface": "down"}
			}
		},
		{
			"from": [0, 8, 0.01],
			"to": [16, 16, 8],
			"faces": {
				"east": {"uv": [8, 0, 15.99, 8], "texture": "#0", "cullface": "east"},
				"west": {"uv": [0, 0, 7.99, 8], "texture": "#0", "cullface": "west"}
			}
		},
		{
			"from": [0, 15.35, -2.99],
			"to": [16, 16, -1.5],
			"faces": {
				"east": {"uv": [0, 0, 1.49, 0.65], "texture": "#0"},
				"west": {"uv": [14.51, 0, 16, 0.65], "texture": "#0"}
			}
		},
		{
			"from": [-0.01, 0, -0.011],
			"to": [16.01, 8, 7.99],
			"faces": {
				"north": {"uv": [0, 0, 16, 8], "texture": "#1"},
				"east": {"uv": [0, 0, 8.001, 8], "texture": "#1", "cullface": "east"},
				"west": {"uv": [0, 0, 8.001, 8], "texture": "#1", "cullface": "west"},
				"down": {"uv": [0, 0, 16, 8.001], "rotation": 180, "texture": "#1", "cullface": "down"}
			}
		},
		{
			"from": [-0.01, 8, 0],
			"to": [16.01, 16, 8],
			"rotation": {"angle": -22.5, "axis": "x", "origin": [7.99, 8, 0]},
			"faces": {
				"north": {"uv": [0, 0, 16, 8], "texture": "#1"},
				"east": {"uv": [0, 0, 8, 8], "texture": "#1"},
				"west": {"uv": [0, 0, 8, 8], "texture": "#1"}
			}
		}
	],
	"display": {
		"firstperson_righthand": {
			"scale": [0.2, 0.2, 0.2]
		},
		"firstperson_lefthand": {
			"scale": [0.2, 0.2, 0.2]
		}
	},
	"groups": [
		{
			"name": "bottom",
			"children": [0, 1, 2, 3, 4]
		}
	]
}