{
	"credit": "Made for Dark Roleplay",
	"textures": {
		"0": "blocks/cobblestone",
		"1": "blocks/stonebrick",
		"particle": "blocks/cobblestone"
	},
	"elements": [
		{
			"from": [0, 5, 7.51],
			"to": [16, 16, 16.01],
			"faces": {
				"east": {"uv": [0, 0, 8.5, 11], "texture": "#0", "cullface": "east"},
				"west": {"uv": [7.5, 0, 16, 11], "texture": "#0", "cullface": "west"},
				"up": {"uv": [0, 0, 8.5, 15.98], "rotation": 270, "texture": "#0", "cullface": "top"}
			}
		},
		{
			"from": [0, 8, 0.01],
			"to": [16, 16, 7.51],
			"faces": {
				"north": {"uv": [0, 0, 15.97958, 8], "texture": "#0"},
				"east": {"uv": [8.51, 0, 16, 8], "texture": "#0"},
				"west": {"uv": [0, 0, 7.49, 8], "texture": "#0"},
				"up": {"uv": [8.51, 0, 16, 15.98], "rotation": 270, "texture": "#0", "cullface": "top"}
			}
		},
		{
			"from": [0, 0, 13.51],
			"to": [16, 2.5, 16],
			"faces": {
				"east": {"uv": [0, 13.5, 2.49, 16], "texture": "#0", "cullface": "east"},
				"west": {"uv": [13.51, 13.5, 16, 16], "texture": "#0", "cullface": "west"}
			}
		},
		{
			"from": [-0.01, -0.60896, 12.93853],
			"to": [16.01, 7.39104, 20.93853],
			"rotation": {"angle": -45, "axis": "x", "origin": [7.99, -0.60896, 12.93853]},
			"faces": {
				"north": {"uv": [0, 0, 16, 8], "texture": "#1"},
				"east": {"uv": [0, 0, 8, 8], "rotation": 270, "texture": "#1", "cullface": "east"},
				"west": {"uv": [0, 0, 8, 8], "rotation": 90, "texture": "#1", "cullface": "west"}
			}
		},
		{
			"from": [-0.01, 4.93853, -0.60896],
			"to": [16.01, 12.93853, 7.39104],
			"rotation": {"angle": 22.5, "axis": "x", "origin": [7.99, 4.93853, 7.39104]},
			"faces": {
				"east": {"uv": [8, 0, 16, 8], "texture": "#1", "cullface": "east"},
				"west": {"uv": [0, 0, 8, 8], "texture": "#1", "cullface": "west"},
				"down": {"uv": [0, 0, 16, 8], "rotation": 180, "texture": "#1"}
			}
		}
	],
	"display": {
		"firstperson_righthand": {
			"scale": [0.2, 0.2, 0.2]
		},
		"firstperson_lefthand": {
			"scale": [0.2, 0.2, 0.2]
		}
	},
	"groups": [
		{
			"name": "top",
			"children": [0, 1, 2, 3, 4]
		}
	]
}