{
	"__comment": "Designed by JTK222",
	"textures": {
		"particle": "#plant",
		"texture": "#plant",
		"rope": "#rope"
	},
	"elements": [
		{
			"__comment": "Rope",
			"from": [ 7, 0, 7 ],
			"to": [ 9, 16, 9 ],
			"faces": {
				"down": { "uv": [ 7, 7, 9, 9 ], "texture": "#rope" },
				"up": { "uv": [ 7, 7, 9, 9 ], "texture": "#rope" },
				"north": { "uv": [ 7, 0, 9, 16 ], "texture": "#rope" },
				"south": { "uv": [ 7, 0, 9, 16 ], "texture": "#rope" },
				"west": { "uv": [ 7, 0, 9, 16 ], "texture": "#rope" },
				"east": { "uv": [ 7, 0, 9, 16 ], "texture": "#rope" }
			}
		},
		{
			"__comment": "PlaneX2",
			"from": [ 10, -1, 5.5 ],
			"to": [ 10.001, 15, 11.5 ],
			"faces": {
				"west": { "uv": [ 5.5, 1, 11.5, 16 ], "texture": "#texture" },
				"east": { "uv": [ 4.5, 1, 10.5, 16 ], "texture": "#texture" }
			}
		},
		{
			"__comment": "PlaneX2",
			"from": [ 6, -1, 5.5 ],
			"to": [ 6.001, 15, 11.5 ],
			"faces": {
				"west": { "uv": [ 5.5, 1, 11.5, 16 ], "texture": "#texture" },
				"east": { "uv": [ 4.5, 1, 10.5, 16 ], "texture": "#texture" }
			}
		},
		{
			"__comment": "PlaneZ4",
			"from": [ 5, -1, 10 ],
			"to": [ 11, 15, 10.001 ],
			"faces": {
				"north": { "uv": [ 5, 1, 11, 16 ], "texture": "#texture" },
				"south": { "uv": [ 5, 1, 11, 16 ], "texture": "#texture" }
			}
		},
		{
			"__comment": "PlaneZ4",
			"from": [ 5, -1, 6 ],
			"to": [ 11, 15, 6.001 ],
			"faces": {
				"north": { "uv": [ 5, 1, 11, 16 ], "texture": "#texture" },
				"south": { "uv": [ 5, 1, 11, 16 ], "texture": "#texture" }
			}
		}
	]
}