{
	"__comment": "Designed by JTK222 with Cubik Studio - https://cubik.studio",
	"textures": {
		"particle": "drpmedieval:blocks/bee_hive/bee_hive",
		"hive": "drpmedieval:blocks/bee_hive/bee_hive"
	},
	"elements": [ 	 
		{
			"__comment": "Voxels",
			"from": [ 3, 8, 7 ],
			"to": [ 13, 11, 9 ],
			"faces": {
				"down": { "uv": [ 2, 8.25, 4.5, 8.75 ], "texture": "#hive" },
				"up": { "uv": [ 2, 9.25, 4.5, 8.75 ], "texture": "#hive" },
				"north": { "uv": [ 4.5, 15.25, 2, 16 ], "texture": "#hive" },
				"south": { "uv": [ 2, 14.5, 4.5, 15.25 ], "texture": "#hive" },
				"west": { "uv": [ 4, 11.5, 4.5, 12.25 ], "texture": "#hive" },
				"east": { "uv": [ 4.5, 13.75, 4, 14.5 ], "texture": "#hive" }
			}
		},
		{
			"__comment": "Voxels",
			"from": [ 4, 5, 7 ],
			"to": [ 12, 8, 9 ],
			"faces": {
				"down": { "uv": [ 9.5, 15.5, 11.5, 16 ], "texture": "#hive" },
				"north": { "uv": [ 4, 11.5, 2, 12.25 ], "texture": "#hive" },
				"south": { "uv": [ 2, 10.75, 4, 11.5 ], "texture": "#hive" },
				"west": { "uv": [ 4, 13, 4.5, 13.75 ], "texture": "#hive" },
				"east": { "uv": [ 4.5, 12.25, 4, 13 ], "texture": "#hive" }
			}
		},
		{
			"__comment": "Voxels",
			"from": [ 4, 6, 6 ],
			"to": [ 12, 13, 7 ],
			"faces": {
				"down": { "uv": [ 8.5, 15.25, 10.5, 15.5 ], "texture": "#hive" },
				"up": { "uv": [ 10.5, 15.5, 12.5, 15.25 ], "texture": "#hive" },
				"north": { "uv": [ 2, 10.75, 0, 12.5 ], "texture": "#hive" },
				"south": { "uv": [ 0, 9, 2, 10.75 ], "texture": "#hive" },
				"west": { "uv": [ 7.5, 8.75, 7.75, 10.5 ], "texture": "#hive" },
				"east": { "uv": [ 8.25, 8.75, 8, 10.5 ], "texture": "#hive" }
			}
		},
		{
			"__comment": "Voxels",
			"from": [ 4, 6, 9 ],
			"to": [ 12, 13, 10 ],
			"faces": {
				"down": { "uv": [ 12.5, 15.25, 14.5, 15.5 ], "texture": "#hive" },
				"up": { "uv": [ 8.5, 15.25, 10.5, 15 ], "texture": "#hive" },
				"north": { "uv": [ 2, 14.25, 0, 16 ], "texture": "#hive" },
				"south": { "uv": [ 0, 12.5, 2, 14.25 ], "texture": "#hive" },
				"west": { "uv": [ 7.75, 8.75, 8, 10.5 ], "texture": "#hive" },
				"east": { "uv": [ 8.5, 8.75, 8.25, 10.5 ], "texture": "#hive" }
			}
		},
		{
			"__comment": "Voxels",
			"from": [ 4, 8, 5 ],
			"to": [ 12, 11, 6 ],
			"faces": {
				"down": { "uv": [ 10.5, 15, 12.5, 15.25 ], "texture": "#hive" },
				"up": { "uv": [ 12.5, 15.25, 14.5, 15 ], "texture": "#hive" },
				"north": { "uv": [ 4, 12.25, 2, 13 ], "texture": "#hive" },
				"west": { "uv": [ 10, 10, 10.25, 10.75 ], "texture": "#hive" },
				"east": { "uv": [ 10.25, 10.75, 10, 11.5 ], "texture": "#hive" }
			}
		},
		{
			"__comment": "Voxels",
			"from": [ 4, 8, 10 ],
			"to": [ 12, 11, 11 ],
			"faces": {
				"down": { "uv": [ 0, 8, 2, 8.25 ], "texture": "#hive" },
				"up": { "uv": [ 2, 8.25, 4, 8 ], "texture": "#hive" },
				"south": { "uv": [ 2, 13, 4, 13.75 ], "texture": "#hive" },
				"west": { "uv": [ 10, 9.25, 10.25, 10 ], "texture": "#hive" },
				"east": { "uv": [ 10.25, 8.5, 10, 9.25 ], "texture": "#hive" }
			}
		},
		{
			"__comment": "Voxels",
			"from": [ 4, 11, 7 ],
			"to": [ 12, 14, 9 ],
			"faces": {
				"up": { "uv": [ 7.5, 16, 9.5, 15.5 ], "texture": "#hive" },
				"north": { "uv": [ 4, 9.25, 2, 10 ], "texture": "#hive" },
				"south": { "uv": [ 2, 13.75, 4, 14.5 ], "texture": "#hive" },
				"west": { "uv": [ 4, 10.75, 4.5, 11.5 ], "texture": "#hive" },
				"east": { "uv": [ 4.5, 10, 4, 10.75 ], "texture": "#hive" }
			}
		},
		{
			"__comment": "Voxels",
			"from": [ 5, 4, 6 ],
			"to": [ 11, 6, 7 ],
			"faces": {
				"down": { "uv": [ 13, 14, 14.5, 14.25 ], "texture": "#hive" },
				"north": { "uv": [ 7.5, 10.5, 6, 11 ], "texture": "#hive" },
				"south": { "uv": [ 6, 10, 7.5, 10.5 ], "texture": "#hive" },
				"west": { "uv": [ 9.75, 8, 10, 8.5 ], "texture": "#hive" },
				"east": { "uv": [ 9.75, 8, 9.5, 8.5 ], "texture": "#hive" }
			}
		},
		{
			"__comment": "Voxels",
			"from": [ 5, 4, 7 ],
			"to": [ 11, 5, 10 ],
			"faces": {
				"down": { "uv": [ 4.5, 9.25, 6, 10 ], "texture": "#hive" },
				"up": { "uv": [ 4.5, 9.25, 6, 8.5 ], "texture": "#hive" },
				"south": { "uv": [ 14.5, 15.25, 16, 15.5 ], "texture": "#hive" },
				"west": { "uv": [ 10.25, 13.5, 11, 13.75 ], "texture": "#hive" },
				"east": { "uv": [ 11.75, 13.5, 11, 13.75 ], "texture": "#hive" }
			}
		},
		{
			"__comment": "Voxels",
			"from": [ 5, 5, 5 ],
			"to": [ 11, 8, 6 ],
			"faces": {
				"down": { "uv": [ 14.5, 15, 16, 15.25 ], "texture": "#hive" },
				"north": { "uv": [ 6, 12.25, 4.5, 13 ], "texture": "#hive" },
				"south": { "uv": [ 4.5, 11.5, 6, 12.25 ], "texture": "#hive" },
				"west": { "uv": [ 10.25, 12.75, 10.5, 13.5 ], "texture": "#hive" },
				"east": { "uv": [ 10.5, 11.25, 10.25, 12 ], "texture": "#hive" }
			}
		},
		{
			"__comment": "Voxels",
			"from": [ 5, 5, 9 ],
			"to": [ 11, 6, 11 ],
			"faces": {
				"down": { "uv": [ 6, 14, 7.5, 14.5 ], "texture": "#hive" },
				"up": { "uv": [ 6, 12.5, 7.5, 12 ], "texture": "#hive" },
				"south": { "uv": [ 11.5, 14.75, 13, 15 ], "texture": "#hive" },
				"west": { "uv": [ 9.5, 12, 10, 12.25 ], "texture": "#hive" },
				"east": { "uv": [ 10, 12.25, 9.5, 12.5 ], "texture": "#hive" }
			}
		},
		{
			"__comment": "Voxels",
			"from": [ 5, 6, 10 ],
			"to": [ 11, 8, 11 ],
			"faces": {
				"south": { "uv": [ 6, 12.5, 7.5, 13 ], "texture": "#hive" },
				"west": { "uv": [ 7.25, 8, 7.5, 8.5 ], "texture": "#hive" },
				"east": { "uv": [ 7.25, 8, 7, 8.5 ], "texture": "#hive" }
			}
		},
		{
			"__comment": "Voxels",
			"from": [ 5, 8, 4 ],
			"to": [ 11, 11, 5 ],
			"faces": {
				"down": { "uv": [ 14.5, 14.25, 16, 14.5 ], "texture": "#hive" },
				"up": { "uv": [ 13, 15, 14.5, 14.75 ], "texture": "#hive" },
				"north": { "uv": [ 6, 10.75, 4.5, 11.5 ], "texture": "#hive" },
				"west": { "uv": [ 10.25, 10.5, 10.5, 11.25 ], "texture": "#hive" },
				"east": { "uv": [ 10.5, 9.75, 10.25, 10.5 ], "texture": "#hive" }
			}
		},
		{
			"__comment": "Voxels",
			"from": [ 5, 8, 11 ],
			"to": [ 11, 11, 12 ],
			"faces": {
				"down": { "uv": [ 13, 14.5, 14.5, 14.75 ], "texture": "#hive" },
				"up": { "uv": [ 14.5, 14.75, 16, 14.5 ], "texture": "#hive" },
				"south": { "uv": [ 4.5, 13, 6, 13.75 ], "texture": "#hive" },
				"west": { "uv": [ 10.5, 12.75, 10.75, 13.5 ], "texture": "#hive" },
				"east": { "uv": [ 10.75, 12, 10.5, 12.75 ], "texture": "#hive" }
			}
		},
		{
			"__comment": "Voxels",
			"from": [ 5, 11, 5 ],
			"to": [ 11, 14, 6 ],
			"faces": {
				"up": { "uv": [ 10, 14.5, 11.5, 14.25 ], "texture": "#hive" },
				"north": { "uv": [ 7.5, 14.5, 6, 15.25 ], "texture": "#hive" },
				"south": { "uv": [ 4.5, 15.25, 6, 16 ], "texture": "#hive" },
				"west": { "uv": [ 10.25, 12, 10.5, 12.75 ], "texture": "#hive" },
				"east": { "uv": [ 10.25, 13, 10, 13.75 ], "texture": "#hive" }
			}
		},
		{
			"__comment": "Voxels",
			"from": [ 5, 11, 10 ],
			"to": [ 11, 14, 11 ],
			"faces": {
				"up": { "uv": [ 13, 14.5, 14.5, 14.25 ], "texture": "#hive" },
				"north": { "uv": [ 6, 14.5, 4.5, 15.25 ], "texture": "#hive" },
				"south": { "uv": [ 4.5, 13.75, 6, 14.5 ], "texture": "#hive" },
				"west": { "uv": [ 10, 12.25, 10.25, 13 ], "texture": "#hive" },
				"east": { "uv": [ 10.25, 11.5, 10, 12.25 ], "texture": "#hive" }
			}
		},
		{
			"__comment": "Voxels",
			"from": [ 5, 13, 6 ],
			"to": [ 11, 15, 7 ],
			"faces": {
				"up": { "uv": [ 14.5, 14.25, 16, 14 ], "texture": "#hive" },
				"north": { "uv": [ 7.5, 9.5, 6, 10 ], "texture": "#hive" },
				"south": { "uv": [ 6, 9, 7.5, 9.5 ], "texture": "#hive" },
				"west": { "uv": [ 7.25, 8.5, 7.5, 9 ], "texture": "#hive" },
				"east": { "uv": [ 7.25, 8.5, 7, 9 ], "texture": "#hive" }
			}
		},
		{
			"__comment": "Voxels",
			"from": [ 5, 13, 9 ],
			"to": [ 11, 15, 10 ],
			"faces": {
				"up": { "uv": [ 11.5, 14.25, 13, 14 ], "texture": "#hive" },
				"north": { "uv": [ 6, 8, 4.5, 8.5 ], "texture": "#hive" },
				"south": { "uv": [ 6, 13, 7.5, 13.5 ], "texture": "#hive" },
				"west": { "uv": [ 10.5, 8, 10.75, 8.5 ], "texture": "#hive" },
				"east": { "uv": [ 10.75, 8.5, 10.5, 9 ], "texture": "#hive" }
			}
		},
		{
			"__comment": "Voxels",
			"from": [ 5, 14, 7 ],
			"to": [ 11, 15, 9 ],
			"faces": {
				"up": { "uv": [ 6, 14, 7.5, 13.5 ], "texture": "#hive" },
				"west": { "uv": [ 9.5, 10, 10, 10.25 ], "texture": "#hive" },
				"east": { "uv": [ 10, 11.75, 9.5, 12 ], "texture": "#hive" }
			}
		},
		{
			"__comment": "Voxels",
			"from": [ 6, 3, 7 ],
			"to": [ 10, 4, 9 ],
			"faces": {
				"down": { "uv": [ 6, 8, 7, 8.5 ], "texture": "#hive" },
				"north": { "uv": [ 9.5, 10.5, 8.5, 10.75 ], "texture": "#hive" },
				"south": { "uv": [ 12, 13.75, 13, 14 ], "texture": "#hive" },
				"west": { "uv": [ 9.5, 10.75, 10, 11 ], "texture": "#hive" },
				"east": { "uv": [ 10, 10.5, 9.5, 10.75 ], "texture": "#hive" }
			}
		},
		{
			"__comment": "Voxels",
			"from": [ 6, 4, 5 ],
			"to": [ 10, 5, 6 ],
			"faces": {
				"down": { "uv": [ 8.5, 12.5, 9.5, 12.75 ], "texture": "#hive" },
				"north": { "uv": [ 9.5, 9.5, 8.5, 9.75 ], "texture": "#hive" },
				"west": { "uv": [ 10.75, 10.25, 11, 10.5 ], "texture": "#hive" },
				"east": { "uv": [ 11, 10, 10.75, 10.25 ], "texture": "#hive" }
			}
		},
		{
			"__comment": "Voxels",
			"from": [ 6, 4, 10 ],
			"to": [ 10, 5, 11 ],
			"faces": {
				"down": { "uv": [ 14, 13.75, 15, 14 ], "texture": "#hive" },
				"south": { "uv": [ 8.5, 8.25, 9.5, 8.5 ], "texture": "#hive" },
				"west": { "uv": [ 15.75, 13.5, 16, 13.75 ], "texture": "#hive" },
				"east": { "uv": [ 10.5, 8, 10.25, 8.25 ], "texture": "#hive" }
			}
		},
		{
			"__comment": "Voxels",
			"from": [ 6, 6, 4 ],
			"to": [ 10, 8, 5 ],
			"faces": {
				"down": { "uv": [ 8.5, 10.75, 9.5, 11 ], "texture": "#hive" },
				"north": { "uv": [ 8.5, 14, 7.5, 14.5 ], "texture": "#hive" },
				"west": { "uv": [ 10, 8, 10.25, 8.5 ], "texture": "#hive" },
				"east": { "uv": [ 10.75, 10, 10.5, 10.5 ], "texture": "#hive" }
			}
		},
		{
			"__comment": "Voxels",
			"from": [ 6, 6, 11 ],
			"to": [ 10, 8, 12 ],
			"faces": {
				"down": { "uv": [ 9, 13, 10, 13.25 ], "texture": "#hive" },
				"south": { "uv": [ 7.5, 12, 8.5, 12.5 ], "texture": "#hive" },
				"west": { "uv": [ 10.5, 9.5, 10.75, 10 ], "texture": "#hive" },
				"east": { "uv": [ 10.75, 9, 10.5, 9.5 ], "texture": "#hive" }
			}
		},
		{
			"__comment": "Voxels",
			"from": [ 6, 11, 4 ],
			"to": [ 10, 13, 5 ],
			"faces": {
				"up": { "uv": [ 8.5, 12, 9.5, 11.75 ], "texture": "#hive" },
				"north": { "uv": [ 7, 8.5, 6, 9 ], "texture": "#hive" },
				"west": { "uv": [ 10.75, 12.5, 11, 13 ], "texture": "#hive" },
				"east": { "uv": [ 11, 12, 10.75, 12.5 ], "texture": "#hive" }
			}
		},
		{
			"__comment": "Voxels",
			"from": [ 6, 11, 11 ],
			"to": [ 10, 13, 12 ],
			"faces": {
				"up": { "uv": [ 8.5, 11.25, 9.5, 11 ], "texture": "#hive" },
				"south": { "uv": [ 7.5, 13, 8.5, 13.5 ], "texture": "#hive" },
				"west": { "uv": [ 15.5, 15.5, 15.75, 16 ], "texture": "#hive" },
				"east": { "uv": [ 16, 15.5, 15.75, 16 ], "texture": "#hive" }
			}
		},
		{
			"__comment": "Voxels",
			"from": [ 6, 14, 5 ],
			"to": [ 10, 15, 6 ],
			"faces": {
				"up": { "uv": [ 8.5, 10.25, 9.5, 10 ], "texture": "#hive" },
				"north": { "uv": [ 9.5, 9.75, 8.5, 10 ], "texture": "#hive" },
				"west": { "uv": [ 15.25, 13, 15.5, 13.25 ], "texture": "#hive" },
				"east": { "uv": [ 16, 13.25, 15.75, 13.5 ], "texture": "#hive" }
			}
		},
		{
			"__comment": "Voxels",
			"from": [ 6, 14, 10 ],
			"to": [ 10, 15, 11 ],
			"faces": {
				"up": { "uv": [ 8.5, 9.25, 9.5, 9 ], "texture": "#hive" },
				"south": { "uv": [ 8.5, 8.5, 9.5, 8.75 ], "texture": "#hive" },
				"west": { "uv": [ 14.75, 13, 15, 13.25 ], "texture": "#hive" },
				"east": { "uv": [ 15.25, 13, 15, 13.25 ], "texture": "#hive" }
			}
		},
		{
			"__comment": "Voxels",
			"from": [ 6, 15, 7 ],
			"to": [ 10, 16, 9 ],
			"faces": {
				"up": { "uv": [ 7.5, 15.5, 8.5, 15 ], "texture": "#hive", "cullface": "up" },
				"north": { "uv": [ 11, 13.75, 10, 14 ], "texture": "#hive" },
				"south": { "uv": [ 11, 13.75, 12, 14 ], "texture": "#hive" },
				"west": { "uv": [ 9.5, 9.75, 10, 10 ], "texture": "#hive" },
				"east": { "uv": [ 10, 9.5, 9.5, 9.75 ], "texture": "#hive" }
			}
		},
		{
			"__comment": "Voxels",
			"from": [ 7, 3, 6 ],
			"to": [ 9, 4, 7 ],
			"faces": {
				"down": { "uv": [ 9.5, 9.25, 10, 9.5 ], "texture": "#hive" },
				"north": { "uv": [ 10, 8.75, 9.5, 9 ], "texture": "#hive" },
				"west": { "uv": [ 15.5, 13, 15.75, 13.25 ], "texture": "#hive" },
				"east": { "uv": [ 16, 13, 15.75, 13.25 ], "texture": "#hive" }
			}
		},
		{
			"__comment": "Voxels",
			"from": [ 7, 3, 9 ],
			"to": [ 9, 4, 10 ],
			"faces": {
				"down": { "uv": [ 12.75, 13.5, 13.25, 13.75 ], "texture": "#hive" },
				"south": { "uv": [ 14.25, 13.5, 14.75, 13.75 ], "texture": "#hive" },
				"west": { "uv": [ 10.75, 11.75, 11, 12 ], "texture": "#hive" },
				"east": { "uv": [ 11, 11.5, 10.75, 11.75 ], "texture": "#hive" }
			}
		},
		{
			"__comment": "Voxels",
			"from": [ 7, 5, 4 ],
			"to": [ 9, 6, 5 ],
			"faces": {
				"down": { "uv": [ 10.75, 13.25, 11.25, 13.5 ], "texture": "#hive" },
				"north": { "uv": [ 12.25, 13.25, 11.75, 13.5 ], "texture": "#hive" },
				"west": { "uv": [ 10.75, 11.25, 11, 11.5 ], "texture": "#hive" },
				"east": { "uv": [ 11, 11, 10.75, 11.25 ], "texture": "#hive" }
			}
		},
		{
			"__comment": "Voxels",
			"from": [ 7, 5, 11 ],
			"to": [ 9, 6, 12 ],
			"faces": {
				"down": { "uv": [ 13.75, 13.25, 14.25, 13.5 ], "texture": "#hive" },
				"south": { "uv": [ 15.25, 13.25, 15.75, 13.5 ], "texture": "#hive" },
				"west": { "uv": [ 10.75, 9.25, 11, 9.5 ], "texture": "#hive" },
				"east": { "uv": [ 11, 9, 10.75, 9.25 ], "texture": "#hive" }
			}
		},
		{
			"__comment": "Voxels",
			"from": [ 7, 8, 3 ],
			"to": [ 9, 11, 4 ],
			"faces": {
				"down": { "uv": [ 10.75, 13, 11.25, 13.25 ], "texture": "#hive" },
				"up": { "uv": [ 11.25, 13.25, 11.75, 13 ], "texture": "#hive" },
				"north": { "uv": [ 8, 8, 7.5, 8.75 ], "texture": "#hive" },
				"west": { "uv": [ 10.25, 9, 10.5, 9.75 ], "texture": "#hive" },
				"east": { "uv": [ 10.5, 8.25, 10.25, 9 ], "texture": "#hive" }
			}
		},
		{
			"__comment": "Voxels",
			"from": [ 7, 8, 12 ],
			"to": [ 9, 11, 13 ],
			"faces": {
				"down": { "uv": [ 11.75, 13, 12.25, 13.25 ], "texture": "#hive" },
				"up": { "uv": [ 12.25, 13.25, 12.75, 13 ], "texture": "#hive" },
				"south": { "uv": [ 4, 9.25, 4.5, 10 ], "texture": "#hive" },
				"west": { "uv": [ 10.5, 11.25, 10.75, 12 ], "texture": "#hive" },
				"east": { "uv": [ 10.75, 10.5, 10.5, 11.25 ], "texture": "#hive" }
			}
		},
		{
			"__comment": "Voxels",
			"from": [ 7, 13, 4 ],
			"to": [ 9, 14, 5 ],
			"faces": {
				"up": { "uv": [ 13.25, 13.25, 13.75, 13 ], "texture": "#hive" },
				"north": { "uv": [ 14.25, 13, 13.75, 13.25 ], "texture": "#hive" },
				"west": { "uv": [ 10.75, 10.75, 11, 11 ], "texture": "#hive" },
				"east": { "uv": [ 11, 10.5, 10.75, 10.75 ], "texture": "#hive" }
			}
		},
		{
			"__comment": "Voxels",
			"from": [ 7, 13, 11 ],
			"to": [ 9, 14, 12 ],
			"faces": {
				"up": { "uv": [ 9.5, 12.75, 10, 12.5 ], "texture": "#hive" },
				"south": { "uv": [ 9.5, 11.25, 10, 11.5 ], "texture": "#hive" },
				"west": { "uv": [ 10.75, 8.75, 11, 9 ], "texture": "#hive" },
				"east": { "uv": [ 11, 8.5, 10.75, 8.75 ], "texture": "#hive" }
			}
		},
		{
			"__comment": "Voxels",
			"from": [ 7, 15, 6 ],
			"to": [ 9, 16, 7 ],
			"faces": {
				"up": { "uv": [ 9.5, 10.5, 10, 10.25 ], "texture": "#hive", "cullface": "up" },
				"north": { "uv": [ 12.25, 13.5, 11.75, 13.75 ], "texture": "#hive" },
				"west": { "uv": [ 10.75, 9.75, 11, 10 ], "texture": "#hive" },
				"east": { "uv": [ 11, 9.5, 10.75, 9.75 ], "texture": "#hive" }
			}
		},
		{
			"__comment": "Voxels",
			"from": [ 7, 15, 9 ],
			"to": [ 9, 16, 10 ],
			"faces": {
				"up": { "uv": [ 15.25, 13.75, 15.75, 13.5 ], "texture": "#hive", "cullface": "up" },
				"south": { "uv": [ 13.25, 13.25, 13.75, 13.5 ], "texture": "#hive" },
				"west": { "uv": [ 10.75, 8.25, 11, 8.5 ], "texture": "#hive" },
				"east": { "uv": [ 11, 8, 10.75, 8.25 ], "texture": "#hive" }
			}
		}
	]
}