{
	"type":"wood",
	"outputs":[
		"drpmedieval:textures/blocks/chests/simple_%wood%_chest_side",
		"drpmedieval:textures/blocks/chests/simple_%wood%_chest_top"
	],
	"required_textures":[
		"drpmedieval:arg/textures/masks/simple_chest_side.png",
		"drpmedieval:arg/textures/masks/simple_chest_top.png"
	],
	"textures":[
		{
			"base":"log_side",
			"manipulations":[
				{
					"type":"mask",
					"texture":0
				}
			],
			"cache":"%wood%_side"
		},
		{
			"base":"log_side",
			"manipulations":[
				{
					"type":"mask",
					"texture":1
				}
			],
			"cache":"%wood%_top"
		},
		{
			"base":"planks",
			"manipulations":[
				{
					"type":"overlay",
					"cached_texture":"%wood%_side"
				}
			],
			"output":"drpmedieval:textures/blocks/chests/simple_%wood%_chest_side"
		},
		{
			"base":"planks",
			"manipulations":[
				{
					"type":"overlay",
					"cached_texture":"%wood%_top"
				}
			],
			"output":"drpmedieval:textures/blocks/chests/simple_%wood%_chest_top"
		}
	]
}