{
	"__comment": "Designed by Rolfaal with Cubik Studio - https://cubik.studio",
	"textures": {
		"particle": "drpmedieval:blocks/shop_signs/sign_base",
		"sign_base": "drpmedieval:blocks/shop_signs/sign_base",
		"sign_metal": "drpmedieval:blocks/shop_signs/sign_metal",
		"sign_wood": "drpmedieval:blocks/shop_signs/sign_wood"
	},
	"elements": [ 	 
		{
			"__comment": "Box2",
			"from": [ 8.5, 2.5, 14.5 ],
			"to": [ 9, 3.5, 15 ],
			"faces": {
				"down": { "uv": [ 8.5, 1, 9, 1.5 ], "texture": "#sign_metal" },
				"up": { "uv": [ 8.5, 14.5, 9, 15 ], "texture": "#sign_metal" },
				"north": { "uv": [ 7, 11.5, 7.5, 12.5 ], "texture": "#sign_metal" },
				"east": { "uv": [ 1, 11.5, 1.5, 12.5 ], "texture": "#sign_metal" }
			}
		},
		{
			"__comment": "Box2",
			"from": [ 6, 0.5, 15 ],
			"to": [ 10, 14.5, 16 ],
			"faces": {
				"down": { "uv": [ 6, 0, 10, 1 ], "texture": "#sign_metal" },
				"up": { "uv": [ 6, 15, 10, 16 ], "texture": "#sign_metal" },
				"north": { "uv": [ 6, 1.5, 10, 15.5 ], "texture": "#sign_base" },
				"south": { "uv": [ 6, 1.5, 10, 15.5 ], "texture": "#sign_base"},
				"west": { "uv": [ 15, 1.5, 16, 15.5 ], "texture": "#sign_metal" },
				"east": { "uv": [ 0, 1.5, 1, 15.5 ], "texture": "#sign_metal" }
			}
		},
		{
			"__comment": "Box2",
			"from": [ 3.5, 2.5, 15.5 ],
			"to": [ 4.5, 3, 16.5 ],
			"faces": {
				"down": { "uv": [ 3.5, 0, 4.5, 0.5 ], "texture": "#sign_metal"},
				"north": { "uv": [ 11.5, 13, 12.5, 13.5 ], "texture": "#sign_base"},
				"south": { "uv": [ 3.5, 13, 4.5, 13.5 ], "texture": "#sign_base"},
				"west": { "uv": [ 15.5, 13, 16, 13.5 ], "texture": "#sign_metal"},
				"east": { "uv": [ 0, 13, 0.5, 13.5 ], "texture": "#sign_metal"}
			}
		},
		{
			"__comment": "Box2",
			"from": [ 2.5, 3, 15.5 ],
			"to": [ 6, 4, 16.5 ],
			"faces": {
				"down": { "uv": [ 2.5, 0, 6, 0.5 ], "texture": "#sign_metal"},
				"up": { "uv": [ 2.5, 15.5, 6, 16 ], "texture": "#sign_metal"},
				"north": { "uv": [ 10, 12, 13.5, 13 ], "texture": "#sign_base"},
				"south": { "uv": [ 2.5, 12, 6, 13 ], "texture": "#sign_base"},
				"west": { "uv": [ 15.5, 12, 16, 13 ], "texture": "#sign_metal"},
				"east": { "uv": [ 0, 12, 0.5, 13 ], "texture": "#sign_metal"}
			}
		},
		{
			"__comment": "Box2",
			"from": [ 3.5, 4, 15.5 ],
			"to": [ 4.5, 4.5, 16.5 ],
			"faces": {
				"up": { "uv": [ 3.5, 15.5, 4.5, 16 ], "texture": "#sign_metal"},
				"north": { "uv": [ 11.5, 11.5, 12.5, 12 ], "texture": "#sign_base"},
				"south": { "uv": [ 3.5, 11.5, 4.5, 12 ], "texture": "#sign_base"},
				"west": { "uv": [ 15.5, 11.5, 16, 12 ], "texture": "#sign_metal"},
				"east": { "uv": [ 0, 11.5, 0.5, 12 ], "texture": "#sign_metal"}
			}
		},
		{
			"__comment": "Box2",
			"from": [ 12, 11.5, 15.5 ],
			"to": [ 13, 12, 16.5 ],
			"faces": {
				"down": { "uv": [ 12, 0, 13, 0.5 ], "texture": "#sign_metal"},
				"north": { "uv": [ 3, 4, 4, 4.5 ], "texture": "#sign_base"},
				"south": { "uv": [ 12, 4, 13, 4.5 ], "texture": "#sign_base"},
				"west": { "uv": [ 15.5, 4, 16, 4.5 ], "texture": "#sign_metal"},
				"east": { "uv": [ 0, 4, 0.5, 4.5 ], "texture": "#sign_metal"}
			}
		},
		{
			"__comment": "Box2",
			"from": [ 3, 11.5, 15.5 ],
			"to": [ 4, 12, 16.5 ],
			"faces": {
				"down": { "uv": [ 3, 0, 4, 0.5 ], "texture": "#sign_metal"},
				"north": { "uv": [ 12, 4, 13, 4.5 ], "texture": "#sign_base"},
				"south": { "uv": [ 3, 4, 4, 4.5 ], "texture": "#sign_base"},
				"west": { "uv": [ 15.5, 4, 16, 4.5 ], "texture": "#sign_metal"},
				"east": { "uv": [ 0, 4, 0.5, 4.5 ], "texture": "#sign_metal"}
			}
		},
		{
			"__comment": "Box2",
			"from": [ 2, 12, 15.5 ],
			"to": [ 6, 13, 16.5 ],
			"faces": {
				"down": { "uv": [ 2, 0, 6, 0.5 ], "texture": "#sign_metal"},
				"up": { "uv": [ 2, 15.5, 6, 16 ], "texture": "#sign_metal"},
				"north": { "uv": [ 10, 3, 14, 4 ], "texture": "#sign_base"},
				"south": { "uv": [ 2, 3, 6, 4 ], "texture": "#sign_base"},
				"west": { "uv": [ 15.5, 3, 16, 4 ], "texture": "#sign_metal"},
				"east": { "uv": [ 0, 3, 0.5, 4 ], "texture": "#sign_metal"}
			}
		},
		{
			"__comment": "Box2",
			"from": [ 10, 3, 15.5 ],
			"to": [ 13.5, 4, 16.5 ],
			"faces": {
				"down": { "uv": [ 10, 0, 13.5, 0.5 ], "texture": "#sign_metal"},
				"up": { "uv": [ 10, 15.5, 13.5, 16 ], "texture": "#sign_metal"},
				"north": { "uv": [ 2.5, 12, 6, 13 ], "texture": "#sign_base"},
				"south": { "uv": [ 10, 12, 13.5, 13 ], "texture": "#sign_base"},
				"west": { "uv": [ 15.5, 12, 16, 13 ], "texture": "#sign_metal"},
				"east": { "uv": [ 0, 12, 0.5, 13 ], "texture": "#sign_metal"}
			}
		},
		{
			"__comment": "Box2",
			"from": [ 11.5, 4, 15.5 ],
			"to": [ 12.5, 4.5, 16.5 ],
			"faces": {
				"up": { "uv": [ 11.5, 15.5, 12.5, 16 ], "texture": "#sign_metal"},
				"north": { "uv": [ 3.5, 11.5, 4.5, 12 ], "texture": "#sign_base"},
				"south": { "uv": [ 11.5, 11.5, 12.5, 12 ], "texture": "#sign_base"},
				"west": { "uv": [ 15.5, 11.5, 16, 12 ], "texture": "#sign_metal"},
				"east": { "uv": [ 0, 11.5, 0.5, 12 ], "texture": "#sign_metal"}
			}
		},
		{
			"__comment": "Box2",
			"from": [ 11.5, 2.5, 15.5 ],
			"to": [ 12.5, 3, 16.5 ],
			"faces": {
				"down": { "uv": [ 11.5, 0, 12.5, 0.5 ], "texture": "#sign_metal"},
				"north": { "uv": [ 3.5, 13, 4.5, 13.5 ], "texture": "#sign_base"},
				"south": { "uv": [ 11.5, 13, 12.5, 13.5 ], "texture": "#sign_base"},
				"west": { "uv": [ 15.5, 13, 16, 13.5 ], "texture": "#sign_metal"},
				"east": { "uv": [ 0, 13, 0.5, 13.5 ], "texture": "#sign_metal"}
			}
		},
		{
			"__comment": "Box2",
			"from": [ 10, 12, 15.5 ],
			"to": [ 14, 13, 16.5 ],
			"faces": {
				"down": { "uv": [ 10, 0, 14, 0.5 ], "texture": "#sign_metal"},
				"up": { "uv": [ 10, 15.5, 14, 16 ], "texture": "#sign_metal"},
				"north": { "uv": [ 2, 3, 6, 4 ], "texture": "#sign_base"},
				"south": { "uv": [ 10, 3, 14, 4 ], "texture": "#sign_base"},
				"west": { "uv": [ 15.5, 3, 16, 4 ], "texture": "#sign_metal"},
				"east": { "uv": [ 0, 3, 0.5, 4 ], "texture": "#sign_metal"}
			}
		},
		{
			"__comment": "Box2",
			"from": [ 12, 13, 15.5 ],
			"to": [ 13, 13.5, 16.5 ],
			"faces": {
				"up": { "uv": [ 12, 15.5, 13, 16 ], "texture": "#sign_metal"},
				"north": { "uv": [ 3, 2.5, 4, 3 ], "texture": "#sign_base"},
				"south": { "uv": [ 12, 2.5, 13, 3 ], "texture": "#sign_base"},
				"west": { "uv": [ 15.5, 2.5, 16, 3 ], "texture": "#sign_metal"},
				"east": { "uv": [ 0, 2.5, 0.5, 3 ], "texture": "#sign_metal"}
			}
		},
		{
			"__comment": "Box2",
			"from": [ 3, 13, 15.5 ],
			"to": [ 4, 13.5, 16.5 ],
			"faces": {
				"up": { "uv": [ 3, 15.5, 4, 16 ], "texture": "#sign_metal"},
				"north": { "uv": [ 12, 2.5, 13, 3 ], "texture": "#sign_base"},
				"south": { "uv": [ 3, 2.5, 4, 3 ], "texture": "#sign_base"},
				"west": { "uv": [ 15.5, 2.5, 16, 3 ], "texture": "#sign_metal"},
				"east": { "uv": [ 0, 2.5, 0.5, 3 ], "texture": "#sign_metal"}
			}
		},
		{
			"__comment": "Box2",
			"from": [ 6.5, 0, 15 ],
			"to": [ 9.5, 0.5, 16 ],
			"faces": {
				"down": { "uv": [ 6.5, 0, 9.5, 1 ], "texture": "#sign_metal"},
				"north": { "uv": [ 6.5, 15.5, 9.5, 16 ], "texture": "#sign_base" },
				"south": { "uv": [ 6.5, 15.5, 9.5, 16 ], "texture": "#sign_base"},
				"west": { "uv": [ 15, 15.5, 16, 16 ], "texture": "#sign_metal" },
				"east": { "uv": [ 0, 15.5, 1, 16 ], "texture": "#sign_metal" }
			}
		},
		{
			"__comment": "Box2",
			"from": [ 6.5, 14.5, 15 ],
			"to": [ 9.5, 15, 16 ],
			"faces": {
				"up": { "uv": [ 6.5, 15, 9.5, 16 ], "texture": "#sign_metal" },
				"north": { "uv": [ 6.5, 1, 9.5, 1.5 ], "texture": "#sign_base" },
				"south": { "uv": [ 6.5, 1, 9.5, 1.5 ], "texture": "#sign_base"},
				"west": { "uv": [ 15, 1, 16, 1.5 ], "texture": "#sign_metal" },
				"east": { "uv": [ 0, 1, 1, 1.5 ], "texture": "#sign_metal" }
			}
		},
		{
			"__comment": "Box2",
			"from": [ 7.25, 10.75, -6.5 ],
			"to": [ 8.75, 12.25, -5.5 ],
			"faces": {
				"down": { "uv": [ 7.25, 5.5, 8.75, 6.5 ], "texture": "#sign_metal"},
				"up": { "uv": [ 7.25, 9.5, 8.75, 10.5 ], "texture": "#sign_metal"},
				"north": { "uv": [ 7.25, 3.75, 8.75, 5.25 ], "texture": "#sign_metal"},
				"south": { "uv": [ 7.25, 3.75, 8.75, 5.25 ], "texture": "#sign_metal"},
				"west": { "uv": [ 9.5, 3.75, 10.5, 5.25 ], "texture": "#sign_metal"},
				"east": { "uv": [ 5.5, 3.75, 6.5, 5.25 ], "texture": "#sign_metal"}
			}
		},
		{
			"__comment": "Box2",
			"from": [ 7, 2.5, 14.5 ],
			"to": [ 7.5, 3.5, 15 ],
			"faces": {
				"down": { "uv": [ 7, 1, 7.5, 1.5 ], "texture": "#sign_metal" },
				"up": { "uv": [ 7, 14.5, 7.5, 15 ], "texture": "#sign_metal" },
				"north": { "uv": [ 8.5, 12.5, 9, 13.5 ], "texture": "#sign_metal" },
				"west": { "uv": [ 14.5, 12.5, 15, 13.5 ], "texture": "#sign_metal" }
			}
		},
		{
			"__comment": "Box2",
			"from": [ 7, 7, 14.5 ],
			"to": [ 7.5, 8, 15 ],
			"faces": {
				"down": { "uv": [ 7, 1, 7.5, 1.5 ], "texture": "#sign_metal" },
				"up": { "uv": [ 7, 14.5, 7.5, 15 ], "texture": "#sign_metal" },
				"north": { "uv": [ 8.5, 8, 9, 9 ], "texture": "#sign_metal" },
				"west": { "uv": [ 14.5, 8, 15, 9 ], "texture": "#sign_metal" }
			}
		},
		{
			"__comment": "Box2",
			"from": [ 7, 11.5, 14.5 ],
			"to": [ 7.5, 12.5, 15 ],
			"faces": {
				"down": { "uv": [ 7, 1, 7.5, 1.5 ], "texture": "#sign_metal" },
				"up": { "uv": [ 7, 14.5, 7.5, 15 ], "texture": "#sign_metal" },
				"north": { "uv": [ 8.5, 3.5, 9, 4.5 ], "texture": "#sign_metal" },
				"west": { "uv": [ 14.5, 3.5, 15, 4.5 ], "texture": "#sign_metal" }
			}
		},
		{
			"__comment": "Box2",
			"from": [ 8.5, 11.5, 14.5 ],
			"to": [ 9, 12.5, 15 ],
			"faces": {
				"down": { "uv": [ 8.5, 1, 9, 1.5 ], "texture": "#sign_metal" },
				"up": { "uv": [ 8.5, 14.5, 9, 15 ], "texture": "#sign_metal" },
				"north": { "uv": [ 7, 3.5, 7.5, 4.5 ], "texture": "#sign_metal" },
				"east": { "uv": [ 1, 3.5, 1.5, 4.5 ], "texture": "#sign_metal" }
			}
		},
		{
			"__comment": "Box2",
			"from": [ 8.5, 7, 14.5 ],
			"to": [ 9, 8, 15 ],
			"faces": {
				"down": { "uv": [ 8.5, 1, 9, 1.5 ], "texture": "#sign_metal" },
				"up": { "uv": [ 8.5, 14.5, 9, 15 ], "texture": "#sign_metal" },
				"north": { "uv": [ 7, 7.5, 7.5, 8.5 ], "texture": "#sign_metal" },
				"east": { "uv": [ 1, 7.5, 1.5, 8.5 ], "texture": "#sign_metal" }
			}
		},
		{
			"__comment": "Box2",
			"from": [ 7.5, 1.5, 14.5 ],
			"to": [ 8.5, 13.5, 15 ],
			"faces": {
				"down": { "uv": [ 7.5, 1, 8.5, 1.5 ], "texture": "#sign_metal" },
				"up": { "uv": [ 7.5, 14.5, 8.5, 15 ], "texture": "#sign_metal" },
				"north": { "uv": [ 7.5, 2.5, 8.5, 14.5 ], "texture": "#sign_metal" },
				"west": { "uv": [ 14.5, 2.5, 15, 14.5 ], "texture": "#sign_metal" },
				"east": { "uv": [ 1, 2.5, 1.5, 14.5 ], "texture": "#sign_metal" }
			}
		},
		{
			"__comment": "Box2",
			"from": [ 7.75, 12, 5.5 ],
			"to": [ 8.25, 12.5, 7 ],
			"faces": {
				"up": { "uv": [ 7.75, 5.5, 8.25, 7 ], "texture": "#sign_metal" },
				"north": { "uv": [ 7.75, 3.5, 8.25, 4 ], "texture": "#sign_metal" },
				"south": { "uv": [ 7.75, 3.5, 8.25, 4 ], "texture": "#sign_metal" },
				"west": { "uv": [ 5.5, 3.5, 7, 4 ], "texture": "#sign_metal" },
				"east": { "uv": [ 9, 3.5, 10.5, 4 ], "texture": "#sign_metal" }
			}
		},
		{
			"__comment": "Box2",
			"from": [ 7.75, 11.25, -8 ],
			"to": [ 8.25, 11.75, -7 ],
			"faces": {
				"down": { "uv": [ 7.75, 7, 8.25, 8 ], "texture": "#sign_metal"},
				"up": { "uv": [ 7.75, 8, 8.25, 9 ], "texture": "#sign_metal"},
				"north": { "uv": [ 7.75, 4.25, 8.25, 4.75 ], "texture": "#sign_metal"},
				"west": { "uv": [ 8, 4.25, 9, 4.75 ], "texture": "#sign_metal"},
				"east": { "uv": [ 7, 4.25, 8, 4.75 ], "texture": "#sign_metal"}
			}
		},
		{
			"__comment": "Box2",
			"from": [ 7.75, 12.5, 5 ],
			"to": [ 8.25, 14, 5.5 ],
			"faces": {
				"down": { "uv": [ 7.75, 10.5, 8.25, 11 ], "texture": "#sign_metal" },
				"up": { "uv": [ 7.75, 5, 8.25, 5.5 ], "texture": "#sign_metal" },
				"north": { "uv": [ 7.75, 2, 8.25, 3.5 ], "texture": "#sign_metal" },
				"south": { "uv": [ 7.75, 2, 8.25, 3.5 ], "texture": "#sign_metal" },
				"west": { "uv": [ 5, 2, 5.5, 3.5 ], "texture": "#sign_metal" },
				"east": { "uv": [ 10.5, 2, 11, 3.5 ], "texture": "#sign_metal" }
			}
		},
		{
			"__comment": "Box2",
			"from": [ 7.75, 14, 10.5 ],
			"to": [ 8.25, 15, 11 ],
			"faces": {
				"down": { "uv": [ 7.75, 5, 8.25, 5.5 ], "texture": "#sign_metal" },
				"up": { "uv": [ 7.75, 10.5, 8.25, 11 ], "texture": "#sign_metal" },
				"north": { "uv": [ 7.75, 1, 8.25, 2 ], "texture": "#sign_metal" },
				"south": { "uv": [ 7.75, 1, 8.25, 2 ], "texture": "#sign_metal" },
				"west": { "uv": [ 10.5, 1, 11, 2 ], "texture": "#sign_metal" },
				"east": { "uv": [ 5, 1, 5.5, 2 ], "texture": "#sign_metal" }
			}
		},
		{
			"__comment": "Box2",
			"from": [ 7.75, 12, 10.5 ],
			"to": [ 8.25, 12.5, 13 ],
			"faces": {
				"up": { "uv": [ 7.75, 10.5, 8.25, 13 ], "texture": "#sign_metal" },
				"north": { "uv": [ 7.75, 3.5, 8.25, 4 ], "texture": "#sign_metal" },
				"south": { "uv": [ 7.75, 3.5, 8.25, 4 ], "texture": "#sign_metal" },
				"west": { "uv": [ 10.5, 3.5, 13, 4 ], "texture": "#sign_metal" },
				"east": { "uv": [ 3, 3.5, 5.5, 4 ], "texture": "#sign_metal" }
			}
		},
		{
			"__comment": "Box2",
			"from": [ 7.75, 14, 5.5 ],
			"to": [ 8.25, 14.5, 6 ],
			"faces": {
				"down": { "uv": [ 7.75, 10, 8.25, 10.5 ], "texture": "#sign_metal" },
				"up": { "uv": [ 7.75, 5.5, 8.25, 6 ], "texture": "#sign_metal" },
				"north": { "uv": [ 7.75, 1.5, 8.25, 2 ], "texture": "#sign_metal" },
				"south": { "uv": [ 7.75, 1.5, 8.25, 2 ], "texture": "#sign_metal" },
				"west": { "uv": [ 5.5, 1.5, 6, 2 ], "texture": "#sign_metal" },
				"east": { "uv": [ 10, 1.5, 10.5, 2 ], "texture": "#sign_metal" }
			}
		},
		{
			"__comment": "Box2",
			"from": [ 7.75, 13, 6.5 ],
			"to": [ 8.25, 13.5, 7.5 ],
			"faces": {
				"down": { "uv": [ 7.75, 8.5, 8.25, 9.5 ], "texture": "#sign_metal" },
				"up": { "uv": [ 7.75, 6.5, 8.25, 7.5 ], "texture": "#sign_metal" },
				"north": { "uv": [ 7.75, 2.5, 8.25, 3 ], "texture": "#sign_metal" },
				"south": { "uv": [ 7.75, 2.5, 8.25, 3 ], "texture": "#sign_metal" },
				"west": { "uv": [ 6.5, 2.5, 7.5, 3 ], "texture": "#sign_metal" },
				"east": { "uv": [ 8.5, 2.5, 9.5, 3 ], "texture": "#sign_metal" }
			}
		},
		{
			"__comment": "Box2",
			"from": [ 7.75, 14, 12 ],
			"to": [ 8.25, 14.5, 12.5 ],
			"faces": {
				"down": { "uv": [ 7.75, 3.5, 8.25, 4 ], "texture": "#sign_metal" },
				"up": { "uv": [ 7.75, 12, 8.25, 12.5 ], "texture": "#sign_metal" },
				"north": { "uv": [ 7.75, 1.5, 8.25, 2 ], "texture": "#sign_metal" },
				"south": { "uv": [ 7.75, 1.5, 8.25, 2 ], "texture": "#sign_metal" },
				"west": { "uv": [ 12, 1.5, 12.5, 2 ], "texture": "#sign_metal" },
				"east": { "uv": [ 3.5, 1.5, 4, 2 ], "texture": "#sign_metal" }
			}
		},
		{
			"__comment": "Box2",
			"from": [ 7.75, 12.5, 13.5 ],
			"to": [ 8.25, 13.5, 14 ],
			"faces": {
				"down": { "uv": [ 7.75, 2, 8.25, 2.5 ], "texture": "#sign_metal" },
				"up": { "uv": [ 7.75, 13.5, 8.25, 14 ], "texture": "#sign_metal" },
				"north": { "uv": [ 7.75, 2.5, 8.25, 3.5 ], "texture": "#sign_metal" },
				"south": { "uv": [ 7.75, 2.5, 8.25, 3.5 ], "texture": "#sign_metal" },
				"west": { "uv": [ 13.5, 2.5, 14, 3.5 ], "texture": "#sign_metal" },
				"east": { "uv": [ 2, 2.5, 2.5, 3.5 ], "texture": "#sign_metal" }
			}
		},
		{
			"__comment": "Box2",
			"from": [ 7.75, 15, 11 ],
			"to": [ 8.25, 15.5, 12 ],
			"faces": {
				"down": { "uv": [ 7.75, 4, 8.25, 5 ], "texture": "#sign_metal" },
				"up": { "uv": [ 7.75, 11, 8.25, 12 ], "texture": "#sign_metal" },
				"north": { "uv": [ 7.75, 0.5, 8.25, 1 ], "texture": "#sign_metal" },
				"south": { "uv": [ 7.75, 0.5, 8.25, 1 ], "texture": "#sign_metal" },
				"west": { "uv": [ 11, 0.5, 12, 1 ], "texture": "#sign_metal" },
				"east": { "uv": [ 4, 0.5, 5, 1 ], "texture": "#sign_metal" }
			}
		},
		{
			"__comment": "Box2",
			"from": [ 7.75, 15, 13.5 ],
			"to": [ 8.25, 15.5, 14 ],
			"faces": {
				"down": { "uv": [ 7.75, 2, 8.25, 2.5 ], "texture": "#sign_metal" },
				"up": { "uv": [ 7.75, 13.5, 8.25, 14 ], "texture": "#sign_metal" },
				"north": { "uv": [ 7.75, 0.5, 8.25, 1 ], "texture": "#sign_metal" },
				"south": { "uv": [ 7.75, 0.5, 8.25, 1 ], "texture": "#sign_metal" },
				"west": { "uv": [ 13.5, 0.5, 14, 1 ], "texture": "#sign_metal" },
				"east": { "uv": [ 2, 0.5, 2.5, 1 ], "texture": "#sign_metal" }
			}
		},
		{
			"__comment": "Box2",
			"from": [ 7.75, 13.5, 11 ],
			"to": [ 8.25, 14, 12 ],
			"faces": {
				"down": { "uv": [ 7.75, 4, 8.25, 5 ], "texture": "#sign_metal" },
				"up": { "uv": [ 7.75, 11, 8.25, 12 ], "texture": "#sign_metal" },
				"north": { "uv": [ 7.75, 2, 8.25, 2.5 ], "texture": "#sign_metal" },
				"south": { "uv": [ 7.75, 2, 8.25, 2.5 ], "texture": "#sign_metal" },
				"west": { "uv": [ 11, 2, 12, 2.5 ], "texture": "#sign_metal" },
				"east": { "uv": [ 4, 2, 5, 2.5 ], "texture": "#sign_metal" }
			}
		},
		{
			"__comment": "Box2",
			"from": [ 7.75, 13, 9 ],
			"to": [ 8.25, 13.5, 9.5 ],
			"faces": {
				"down": { "uv": [ 7.75, 6.5, 8.25, 7 ], "texture": "#sign_metal" },
				"up": { "uv": [ 7.75, 9, 8.25, 9.5 ], "texture": "#sign_metal" },
				"north": { "uv": [ 7.75, 2.5, 8.25, 3 ], "texture": "#sign_metal" },
				"south": { "uv": [ 7.75, 2.5, 8.25, 3 ], "texture": "#sign_metal" },
				"west": { "uv": [ 9, 2.5, 9.5, 3 ], "texture": "#sign_metal" },
				"east": { "uv": [ 6.5, 2.5, 7, 3 ], "texture": "#sign_metal" }
			}
		},
		{
			"__comment": "Box2",
			"from": [ 7.75, 12.5, 9.5 ],
			"to": [ 8.25, 13, 10.5 ],
			"faces": {
				"down": { "uv": [ 7.75, 5.5, 8.25, 6.5 ], "texture": "#sign_metal" },
				"up": { "uv": [ 7.75, 9.5, 8.25, 10.5 ], "texture": "#sign_metal" },
				"north": { "uv": [ 7.75, 3, 8.25, 3.5 ], "texture": "#sign_metal" },
				"south": { "uv": [ 7.75, 3, 8.25, 3.5 ], "texture": "#sign_metal" },
				"west": { "uv": [ 9.5, 3, 10.5, 3.5 ], "texture": "#sign_metal" },
				"east": { "uv": [ 5.5, 3, 6.5, 3.5 ], "texture": "#sign_metal" }
			}
		},
		{
			"__comment": "Box2",
			"from": [ 7.75, 13.5, 8.5 ],
			"to": [ 8.25, 14, 9 ],
			"faces": {
				"down": { "uv": [ 7.75, 7, 8.25, 7.5 ], "texture": "#sign_metal" },
				"up": { "uv": [ 7.75, 8.5, 8.25, 9 ], "texture": "#sign_metal" },
				"north": { "uv": [ 7.75, 2, 8.25, 2.5 ], "texture": "#sign_metal" },
				"south": { "uv": [ 7.75, 2, 8.25, 2.5 ], "texture": "#sign_metal" },
				"west": { "uv": [ 8.5, 2, 9, 2.5 ], "texture": "#sign_metal" },
				"east": { "uv": [ 7, 2, 7.5, 2.5 ], "texture": "#sign_metal" }
			}
		},
		{
			"__comment": "Box2",
			"from": [ 7.75, 9, -1.5 ],
			"to": [ 8.25, 11, -0.5 ],
			"faces": {
				"north": { "uv": [ 7.75, 5, 8.25, 7 ], "texture": "#sign_metal"},
				"south": { "uv": [ 7.75, 5, 8.25, 7 ], "texture": "#sign_metal"},
				"west": { "uv": [ 14.5, 5, 15.5, 7 ], "texture": "#sign_metal"},
				"east": { "uv": [ 0.5, 5, 1.5, 7 ], "texture": "#sign_metal"}
			}
		},
		{
			"__comment": "Box2",
			"from": [ 7.75, 15.5, 12 ],
			"to": [ 8.25, 16, 13.5 ],
			"faces": {
				"down": { "uv": [ 7.75, 2.5, 8.25, 4 ], "texture": "#sign_metal" },
				"up": { "uv": [ 7.75, 12, 8.25, 13.5 ], "texture": "#sign_metal"},
				"north": { "uv": [ 7.75, 0, 8.25, 0.5 ], "texture": "#sign_metal" },
				"south": { "uv": [ 7.75, 0, 8.25, 0.5 ], "texture": "#sign_metal" },
				"west": { "uv": [ 12, 0, 13.5, 0.5 ], "texture": "#sign_metal" },
				"east": { "uv": [ 2.5, 0, 4, 0.5 ], "texture": "#sign_metal" }
			}
		},
		{
			"__comment": "Box2",
			"from": [ 7.75, 14.5, 6 ],
			"to": [ 8.25, 15, 7.5 ],
			"faces": {
				"down": { "uv": [ 7.75, 8.5, 8.25, 10 ], "texture": "#sign_metal" },
				"up": { "uv": [ 7.75, 6, 8.25, 7.5 ], "texture": "#sign_metal" },
				"north": { "uv": [ 7.75, 1, 8.25, 1.5 ], "texture": "#sign_metal" },
				"south": { "uv": [ 7.75, 1, 8.25, 1.5 ], "texture": "#sign_metal" },
				"west": { "uv": [ 6, 1, 7.5, 1.5 ], "texture": "#sign_metal" },
				"east": { "uv": [ 8.5, 1, 10, 1.5 ], "texture": "#sign_metal" }
			}
		},
		{
			"__comment": "Box2",
			"from": [ 7.75, 12.5, 13 ],
			"to": [ 8.25, 13, 13.5 ],
			"faces": {
				"down": { "uv": [ 7.75, 2.5, 8.25, 3 ], "texture": "#sign_metal" },
				"up": { "uv": [ 7.75, 13, 8.25, 13.5 ], "texture": "#sign_metal" },
				"north": { "uv": [ 7.75, 3, 8.25, 3.5 ], "texture": "#sign_metal" },
				"west": { "uv": [ 13, 3, 13.5, 3.5 ], "texture": "#sign_metal" },
				"east": { "uv": [ 2.5, 3, 3, 3.5 ], "texture": "#sign_metal" }
			}
		},
		{
			"__comment": "Box2",
			"from": [ 7.75, 14, 7.5 ],
			"to": [ 8.25, 14.5, 8.5 ],
			"faces": {
				"down": { "uv": [ 7.75, 7.5, 8.25, 8.5 ], "texture": "#sign_metal" },
				"up": { "uv": [ 7.75, 7.5, 8.25, 8.5 ], "texture": "#sign_metal" },
				"north": { "uv": [ 7.75, 1.5, 8.25, 2 ], "texture": "#sign_metal" },
				"south": { "uv": [ 7.75, 1.5, 8.25, 2 ], "texture": "#sign_metal" },
				"west": { "uv": [ 7.5, 1.5, 8.5, 2 ], "texture": "#sign_metal" },
				"east": { "uv": [ 7.5, 1.5, 8.5, 2 ], "texture": "#sign_metal" }
			}
		},
		{
			"__comment": "Box2",
			"from": [ 7.75, 13.5, 14 ],
			"to": [ 8.25, 15, 14.5 ],
			"faces": {
				"down": { "uv": [ 7.75, 1.5, 8.25, 2 ], "texture": "#sign_metal" },
				"up": { "uv": [ 7.75, 14, 8.25, 14.5 ], "texture": "#sign_metal" },
				"north": { "uv": [ 7.75, 1, 8.25, 2.5 ], "texture": "#sign_metal" },
				"south": { "uv": [ 7.75, 1, 8.25, 2.5 ], "texture": "#sign_metal" },
				"west": { "uv": [ 14, 1, 14.5, 2.5 ], "texture": "#sign_metal" },
				"east": { "uv": [ 1.5, 1, 2, 2.5 ], "texture": "#sign_metal" }
			}
		},
		{
			"__comment": "Box2",
			"from": [ 7.75, 9, 7.5 ],
			"to": [ 8.25, 11, 8.5 ],
			"faces": {
				"north": { "uv": [ 7.75, 5, 8.25, 7 ], "texture": "#sign_metal" },
				"south": { "uv": [ 7.75, 5, 8.25, 7 ], "texture": "#sign_metal" },
				"west": { "uv": [ 7.5, 5, 8.5, 7 ], "texture": "#sign_metal" },
				"east": { "uv": [ 7.5, 5, 8.5, 7 ], "texture": "#sign_metal" }
			}
		},
		{
			"__comment": "Box2",
			"from": [ 7.75, 12.5, 7 ],
			"to": [ 8.25, 13, 7.5 ],
			"faces": {
				"down": { "uv": [ 7.75, 8.5, 8.25, 9 ], "texture": "#sign_metal" },
				"north": { "uv": [ 7.75, 3, 8.25, 3.5 ], "texture": "#sign_metal" },
				"south": { "uv": [ 7.75, 3, 8.25, 3.5 ], "texture": "#sign_metal" },
				"west": { "uv": [ 7, 3, 7.5, 3.5 ], "texture": "#sign_metal" },
				"east": { "uv": [ 8.5, 3, 9, 3.5 ], "texture": "#sign_metal" }
			}
		},
		{
			"__comment": "Box2",
			"from": [ 7.5, 11, -7 ],
			"to": [ 8.5, 12, 14.5 ],
			"faces": {
				"down": { "uv": [ 7.5, 1.500019, 8.5, 16 ], "texture": "#sign_metal"},
				"up": { "uv": [ 7.5, 0, 8.5, 14.49998 ], "texture": "#sign_metal"},
				"north": { "uv": [ 7.5, 4, 8.5, 5 ], "texture": "#sign_metal"},
				"west": { "uv": [ 0, 4, 14.49998, 5 ], "texture": "#sign_metal"},
				"east": { "uv": [ 1.500019, 4, 16, 5 ], "texture": "#sign_metal"}
			}
		},
		{
			"__comment": "Box2",
			"from": [ 7, -4.5, -4.5 ],
			"to": [ 9, -3.5, -2.5 ],
			"faces": {
				"down": { "uv": [ 7, 2.500001, 9, 4.500001 ], "texture": "#sign_metal" },
				"up": { "uv": [ 7, 11.5, 9, 13.5 ], "texture": "#sign_metal" },
				"north": { "uv": [ 7, 3.5, 9, 4.5 ], "texture": "#sign_metal" },
				"south": { "uv": [ 7, 3.5, 9, 4.5 ], "texture": "#sign_metal" },
				"west": { "uv": [ 11.5, 3.5, 13.5, 4.5 ], "texture": "#sign_metal" },
				"east": { "uv": [ 2.5, 3.5, 4.5, 4.5 ], "texture": "#sign_metal" }
			}
		},
		{
			"__comment": "Box2",
			"from": [ 7, -5, -2.5 ],
			"to": [ 9, -4, 9.5 ],
			"faces": {
				"down": { "uv": [ 7, 6.500005, 9, 16 ], "texture": "#sign_metal"},
				"up": { "uv": [ 7, 0, 9, 9.499995 ], "texture": "#sign_metal"},
				"north": { "uv": [ 7, 4, 9, 5 ], "texture": "#sign_metal"},
				"south": { "uv": [ 7, 4, 9, 5 ], "texture": "#sign_metal"},
				"west": { "uv": [ 0, 4, 9.499995, 5 ], "texture": "#sign_metal"},
				"east": { "uv": [ 6.500005, 4, 16, 5 ], "texture": "#sign_metal"}
			}
		},
		{
			"__comment": "Box2",
			"from": [ 7, -4.5, 9.5 ],
			"to": [ 9, -3.5, 11.5 ],
			"faces": {
				"down": { "uv": [ 7, 4.500001, 9, 6.500001 ], "texture": "#sign_metal"},
				"up": { "uv": [ 7, 9.499999, 9, 11.5 ], "texture": "#sign_metal"},
				"north": { "uv": [ 7, 3.5, 9, 4.5 ], "texture": "#sign_metal"},
				"south": { "uv": [ 7, 3.5, 9, 4.5 ], "texture": "#sign_metal"},
				"west": { "uv": [ 9.499999, 3.5, 11.5, 4.5 ], "texture": "#sign_metal"},
				"east": { "uv": [ 4.500001, 3.5, 6.500001, 4.5 ], "texture": "#sign_metal"}
			}
		},
		{
			"__comment": "Box2",
			"from": [ 7, -3.5, 11.5 ],
			"to": [ 9, 7.5, 12.5 ],
			"faces": {
				"down": { "uv": [ 7, 3.500001, 9, 4.500001 ], "texture": "#sign_metal"},
				"up": { "uv": [ 7, 11.5, 9, 12.5 ], "texture": "#sign_metal"},
				"north": { "uv": [ 7, 8.5, 9, 16 ], "texture": "#sign_metal"},
				"south": { "uv": [ 7, 8.5, 9, 16 ], "texture": "#sign_metal"},
				"west": { "uv": [ 11.5, 8.5, 12.5, 16 ], "texture": "#sign_metal"},
				"east": { "uv": [ 3.500001, 8.5, 4.500001, 16 ], "texture": "#sign_metal"}
			}
		},
		{
			"__comment": "Box1",
			"from": [ 7.5, -4, -4.5 ],
			"to": [ 8.5, 8, 11.5 ],
			"faces": {
				"down": { "uv": [ 7.499999, 4.5, 8.499999, 16 ], "texture": "#sign_wood"},
				"up": { "uv": [ 7.499999, 0, 8.499999, 11.5 ], "texture": "#sign_wood"},
				"north": { "uv": [ 7.500001, 8, 8.500001, 16 ], "texture": "#sign_wood"},
				"south": { "uv": [ 7.499999, 8, 8.499999, 16 ], "texture": "#sign_wood"},
				"west": { "uv": [ 0, 8, 11.5, 16 ], "texture": "#sign_wood"},
				"east": { "uv": [ 4.5, 8, 16, 16 ], "texture": "#sign_wood"}
			}
		},
		{
			"__comment": "Box2",
			"from": [ 7, 8, -2.5 ],
			"to": [ 9, 9, 9.5 ],
			"faces": {
				"down": { "uv": [ 7, 6.500005, 9, 16 ], "texture": "#sign_metal"},
				"up": { "uv": [ 7, 0, 9, 9.499995 ], "texture": "#sign_metal"},
				"north": { "uv": [ 7, 7, 9, 8 ], "texture": "#sign_metal"},
				"south": { "uv": [ 7, 7, 9, 8 ], "texture": "#sign_metal"},
				"west": { "uv": [ 0, 7, 9.499995, 8 ], "texture": "#sign_metal"},
				"east": { "uv": [ 6.500005, 7, 16, 8 ], "texture": "#sign_metal"}
			}
		},
		{
			"__comment": "Box2",
			"from": [ 7, 7.5, 9.5 ],
			"to": [ 9, 8.5, 11.5 ],
			"faces": {
				"down": { "uv": [ 7, 4.500001, 9, 6.500001 ], "texture": "#sign_metal" },
				"up": { "uv": [ 7, 9.499999, 9, 11.5 ], "texture": "#sign_metal" },
				"north": { "uv": [ 7, 7.5, 9, 8.5 ], "texture": "#sign_metal" },
				"south": { "uv": [ 7, 7.5, 9, 8.5 ], "texture": "#sign_metal" },
				"west": { "uv": [ 9.499999, 7.5, 11.5, 8.5 ], "texture": "#sign_metal" },
				"east": { "uv": [ 4.500001, 7.5, 6.500001, 8.5 ], "texture": "#sign_metal" }
			}
		},
		{
			"__comment": "Box2",
			"from": [ 7, -3.5, -5.5 ],
			"to": [ 9, 7.5, -4.5 ],
			"faces": {
				"down": { "uv": [ 7, 4.500001, 9, 5.500001 ], "texture": "#sign_metal"},
				"up": { "uv": [ 7, 10.5, 9, 11.5 ], "texture": "#sign_metal"},
				"north": { "uv": [ 7, 8.5, 9, 16 ], "texture": "#sign_metal"},
				"south": { "uv": [ 7, 8.5, 9, 16 ], "texture": "#sign_metal"},
				"west": { "uv": [ 10.5, 8.5, 11.5, 16 ], "texture": "#sign_metal"},
				"east": { "uv": [ 4.5, 8.5, 5.5, 16 ], "texture": "#sign_metal"}
			}
		},
		{
			"__comment": "Box2",
			"from": [ 7, 7.5, -4.5 ],
			"to": [ 9, 8.5, -2.5 ],
			"faces": {
				"down": { "uv": [ 7, 2.500001, 9, 4.500001 ], "texture": "#sign_metal"},
				"up": { "uv": [ 7, 11.5, 9, 13.5 ], "texture": "#sign_metal"},
				"north": { "uv": [ 7, 7.5, 9, 8.5 ], "texture": "#sign_metal"},
				"south": { "uv": [ 7, 7.5, 9, 8.5 ], "texture": "#sign_metal"},
				"west": { "uv": [ 11.5, 7.5, 13.5, 8.5 ], "texture": "#sign_metal"},
				"east": { "uv": [ 2.5, 7.5, 4.5, 8.5 ], "texture": "#sign_metal"}
			}
		},
		{
			"__comment": "Box2",
			"from": [ 7, 7, 11 ],
			"to": [ 9, 7.5, 11.5 ],
			"faces": {
				"down": { "uv": [ 7, 4.500001, 9, 5.000001 ], "texture": "#sign_metal" },
				"north": { "uv": [ 7, 8.5, 9, 9 ], "texture": "#sign_metal" },
				"west": { "uv": [ 11, 8.5, 11.5, 9 ], "texture": "#sign_metal" },
				"east": { "uv": [ 4.500001, 8.5, 5.000001, 9 ], "texture": "#sign_metal" }
			}
		},
		{
			"__comment": "Box2",
			"from": [ 7, -4, -5 ],
			"to": [ 9, -3.5, -4.5 ],
			"faces": {
				"down": { "uv": [ 7, 4.500001, 9, 5.000001 ], "texture": "#sign_metal" },
				"north": { "uv": [ 7, 3.5, 9, 4 ], "texture": "#sign_metal" },
				"west": { "uv": [ 11, 3.5, 11.5, 4 ], "texture": "#sign_metal" },
				"east": { "uv": [ 4.5, 3.5, 5, 4 ], "texture": "#sign_metal" }
			}
		},
		{
			"__comment": "Box2",
			"from": [ 7, 7.5, 11.5 ],
			"to": [ 9, 8, 12 ],
			"faces": {
				"up": { "uv": [ 7, 11.5, 9, 12 ], "texture": "#sign_metal" },
				"south": { "uv": [ 7, 8, 9, 8.5 ], "texture": "#sign_metal" },
				"west": { "uv": [ 11.5, 8, 12, 8.5 ], "texture": "#sign_metal" },
				"east": { "uv": [ 4.000001, 8, 4.500001, 8.5 ], "texture": "#sign_metal" }
			}
		},
		{
			"__comment": "Box2",
			"from": [ 7, 7.5, -5 ],
			"to": [ 9, 8, -4.5 ],
			"faces": {
				"up": { "uv": [ 7, 11, 9, 11.5 ], "texture": "#sign_metal"},
				"north": { "uv": [ 7, 8, 9, 8.5 ], "texture": "#sign_metal"},
				"west": { "uv": [ 11, 8, 11.5, 8.5 ], "texture": "#sign_metal"},
				"east": { "uv": [ 4.5, 8, 5, 8.5 ], "texture": "#sign_metal"}
			}
		},
		{
			"__comment": "Box2",
			"from": [ 7, 7, -4.5 ],
			"to": [ 9, 7.5, -4 ],
			"faces": {
				"down": { "uv": [ 7, 4.000001, 9, 4.500001 ], "texture": "#sign_metal"},
				"south": { "uv": [ 7, 8.5, 9, 9 ], "texture": "#sign_metal"},
				"west": { "uv": [ 11.5, 8.5, 12, 9 ], "texture": "#sign_metal"},
				"east": { "uv": [ 4, 8.5, 4.5, 9 ], "texture": "#sign_metal"}
			}
		},
		{
			"__comment": "Box2",
			"from": [ 7, -3.5, -4.5 ],
			"to": [ 9, -3, -4 ],
			"faces": {
				"up": { "uv": [ 7, 11.5, 9, 12 ], "texture": "#sign_metal" },
				"south": { "uv": [ 7, 3, 9, 3.5 ], "texture": "#sign_metal" },
				"west": { "uv": [ 11.5, 3, 12, 3.5 ], "texture": "#sign_metal" },
				"east": { "uv": [ 4, 3, 4.5, 3.5 ], "texture": "#sign_metal" }
			}
		},
		{
			"__comment": "Box2",
			"from": [ 7, -3.5, 11 ],
			"to": [ 9, -3, 11.5 ],
			"faces": {
				"up": { "uv": [ 7, 11, 9, 11.5 ], "texture": "#sign_metal"},
				"north": { "uv": [ 7, 3, 9, 3.5 ], "texture": "#sign_metal"},
				"west": { "uv": [ 11, 3, 11.5, 3.5 ], "texture": "#sign_metal"},
				"east": { "uv": [ 4.500001, 3, 5.000001, 3.5 ], "texture": "#sign_metal"}
			}
		}
	]
}