{
	"textures": {
		"0": "drpmedieval:blocks/ship_bells/ship_bell_rope",
		"1": "blocks/gold_block"
	},
	"elements": [
		{
			"from": [ 7.3, 1, 7.3 ],
			"to": [ 8.699999, 2.4, 8.699999 ],
			"faces": {
				"down": { "uv": [ 11, 13, 12.4, 14.4 ], "texture": "#0" },
				"up": { "uv": [ 7, 9, 8.4, 10.4 ], "texture": "#0" },
				"north": { "uv": [ 3, 12, 4.4, 13.4 ], "texture": "#0" },
				"south": { "uv": [ 10, 7, 11.4, 8.4 ], "texture": "#0" },
				"west": { "uv": [ 9, 12, 10.4, 13.4 ], "texture": "#0" },
				"east": { "uv": [ 2, 14, 3.4, 15.4 ], "texture": "#0" }
			}
		},
		{
			"from": [ 6.5, 7.5, 4 ],
			"to": [ 9.5, 8, 4.5 ],
			"faces": {
				"down": { "uv": [ 0, 0, 3, 0.5 ], "texture": "#1" },
				"up": { "uv": [ 0, 0, 3, 0.5 ], "texture": "#1" },
				"north": { "uv": [ 0, 0, 3, 0.5 ], "texture": "#1" },
				"south": { "uv": [ 0, 0, 3, 0.5 ], "texture": "#1" },
				"west": { "uv": [ 0, 0, 0.5, 0.5 ], "texture": "#1" },
				"east": { "uv": [ 0, 0, 0.5, 0.5 ], "texture": "#1" }
			}
		},
		{
			"from": [ 6.5, 7.5, 11.5 ],
			"to": [ 9.5, 8, 12 ],
			"faces": {
				"down": { "uv": [ 0, 0, 3, 0.5 ], "texture": "#1" },
				"up": { "uv": [ 0, 0, 3, 0.5 ], "texture": "#1" },
				"north": { "uv": [ 0, 0, 3, 0.5 ], "texture": "#1" },
				"south": { "uv": [ 0, 0, 3, 0.5 ], "texture": "#1" },
				"west": { "uv": [ 0, 0, 0.5, 0.5 ], "texture": "#1" },
				"east": { "uv": [ 0, 0, 0.5, 0.5 ], "texture": "#1" }
			}
		},
		{
			"from": [ 9.2, 7.5, 11 ],
			"to": [ 10.5, 8, 11.5 ],
			"faces": {
				"down": { "uv": [ 0, 0, 1.3, 0.5 ], "texture": "#1" },
				"up": { "uv": [ 0, 0, 1.3, 0.5 ], "texture": "#1" },
				"north": { "uv": [ 0, 0, 1.3, 0.5 ], "texture": "#1" },
				"south": { "uv": [ 0, 0, 1.3, 0.5 ], "texture": "#1" },
				"west": { "uv": [ 0, 0, 0.5, 0.5 ], "texture": "#1" },
				"east": { "uv": [ 0, 0, 0.5, 0.5 ], "texture": "#1" }
			}
		},
		{
			"from": [ 11, 7.5, 9.2 ],
			"to": [ 11.5, 8, 10.5 ],
			"faces": {
				"down": { "uv": [ 0, 0, 0.5, 1.3 ], "texture": "#1" },
				"up": { "uv": [ 0, 0, 0.5, 1.3 ], "texture": "#1" },
				"north": { "uv": [ 0, 0, 0.5, 0.5 ], "texture": "#1" },
				"south": { "uv": [ 0, 0, 0.5, 0.5 ], "texture": "#1" },
				"west": { "uv": [ 0, 0, 1.3, 0.5 ], "texture": "#1" },
				"east": { "uv": [ 0, 0, 1.3, 0.5 ], "texture": "#1" }
			}
		},
		{
			"from": [ 11.5, 7.5, 6.5 ],
			"to": [ 12, 8, 9.5 ],
			"faces": {
				"down": { "uv": [ 0, 0, 0.5, 3 ], "texture": "#1" },
				"up": { "uv": [ 0, 0, 0.5, 3 ], "texture": "#1" },
				"north": { "uv": [ 0, 0, 0.5, 0.5 ], "texture": "#1" },
				"south": { "uv": [ 0, 0, 0.5, 0.5 ], "texture": "#1" },
				"west": { "uv": [ 0, 0, 3, 0.5 ], "texture": "#1" },
				"east": { "uv": [ 0, 0, 3, 0.5 ], "texture": "#1" }
			}
		},
		{
			"from": [ 11, 7.5, 5.5 ],
			"to": [ 11.5, 8, 6.8 ],
			"faces": {
				"down": { "uv": [ 0, 0, 0.5, 1.3 ], "texture": "#1" },
				"up": { "uv": [ 0, 0, 0.5, 1.3 ], "texture": "#1" },
				"north": { "uv": [ 0, 0, 0.5, 0.5 ], "texture": "#1" },
				"south": { "uv": [ 0, 0, 0.5, 0.5 ], "texture": "#1" },
				"west": { "uv": [ 0, 0, 1.3, 0.5 ], "texture": "#1" },
				"east": { "uv": [ 0, 0, 1.3, 0.5 ], "texture": "#1" }
			}
		},
		{
			"from": [ 9.2, 7.5, 4.5 ],
			"to": [ 10.5, 8, 5 ],
			"faces": {
				"down": { "uv": [ 0, 0, 1.3, 0.5 ], "texture": "#1" },
				"up": { "uv": [ 0, 0, 1.3, 0.5 ], "texture": "#1" },
				"north": { "uv": [ 0, 0, 1.3, 0.5 ], "texture": "#1" },
				"south": { "uv": [ 0, 0, 1.3, 0.5 ], "texture": "#1" },
				"west": { "uv": [ 0, 0, 0.5, 0.5 ], "texture": "#1" },
				"east": { "uv": [ 0, 0, 0.5, 0.5 ], "texture": "#1" }
			}
		},
		{
			"from": [ 5.5, 7.5, 4.5 ],
			"to": [ 6.8, 8, 5 ],
			"faces": {
				"down": { "uv": [ 0, 0, 1.3, 0.5 ], "texture": "#1" },
				"up": { "uv": [ 0, 0, 1.3, 0.5 ], "texture": "#1" },
				"north": { "uv": [ 0, 0, 1.3, 0.5 ], "texture": "#1" },
				"south": { "uv": [ 0, 0, 1.3, 0.5 ], "texture": "#1" },
				"west": { "uv": [ 0, 0, 0.5, 0.5 ], "texture": "#1" },
				"east": { "uv": [ 0, 0, 0.5, 0.5 ], "texture": "#1" }
			}
		},
		{
			"from": [ 5.5, 7.5, 11 ],
			"to": [ 6.8, 8, 11.5 ],
			"faces": {
				"down": { "uv": [ 0, 0, 1.3, 0.5 ], "texture": "#1" },
				"up": { "uv": [ 0, 0, 1.3, 0.5 ], "texture": "#1" },
				"north": { "uv": [ 0, 0, 1.3, 0.5 ], "texture": "#1" },
				"south": { "uv": [ 0, 0, 1.3, 0.5 ], "texture": "#1" },
				"west": { "uv": [ 0, 0, 0.5, 0.5 ], "texture": "#1" },
				"east": { "uv": [ 0, 0, 0.5, 0.5 ], "texture": "#1" }
			}
		},
		{
			"from": [ 4, 7.5, 6.5 ],
			"to": [ 4.5, 8, 9.5 ],
			"faces": {
				"down": { "uv": [ 0, 0, 0.5, 3 ], "texture": "#1" },
				"up": { "uv": [ 0, 0, 0.5, 3 ], "texture": "#1" },
				"north": { "uv": [ 0, 0, 0.5, 0.5 ], "texture": "#1" },
				"south": { "uv": [ 0, 0, 0.5, 0.5 ], "texture": "#1" },
				"west": { "uv": [ 0, 0, 3, 0.5 ], "texture": "#1" },
				"east": { "uv": [ 0, 0, 3, 0.5 ], "texture": "#1" }
			}
		},
		{
			"from": [ 4.5, 7.5, 9.2 ],
			"to": [ 5, 8, 10.5 ],
			"faces": {
				"down": { "uv": [ 0, 0, 0.5, 1.3 ], "texture": "#1" },
				"up": { "uv": [ 0, 0, 0.5, 1.3 ], "texture": "#1" },
				"north": { "uv": [ 0, 0, 0.5, 0.5 ], "texture": "#1" },
				"south": { "uv": [ 0, 0, 0.5, 0.5 ], "texture": "#1" },
				"west": { "uv": [ 0, 0, 1.3, 0.5 ], "texture": "#1" },
				"east": { "uv": [ 0, 0, 1.3, 0.5 ], "texture": "#1" }
			}
		},
		{
			"from": [ 4.5, 7.5, 5.5 ],
			"to": [ 5, 8, 6.8 ],
			"faces": {
				"down": { "uv": [ 0, 0, 0.5, 1.3 ], "texture": "#1" },
				"up": { "uv": [ 0, 0, 0.5, 1.3 ], "texture": "#1" },
				"north": { "uv": [ 0, 0, 0.5, 0.5 ], "texture": "#1" },
				"south": { "uv": [ 0, 0, 0.5, 0.5 ], "texture": "#1" },
				"west": { "uv": [ 0, 0, 1.3, 0.5 ], "texture": "#1" },
				"east": { "uv": [ 0, 0, 1.3, 0.5 ], "texture": "#1" }
			}
		},
		{
			"from": [ 10.5, 7.5, 5 ],
			"to": [ 11, 8, 5.5 ],
			"faces": {
				"down": { "uv": [ 0, 0, 0.5, 0.5 ], "texture": "#1" },
				"up": { "uv": [ 0, 0, 0.5, 0.5 ], "texture": "#1" },
				"north": { "uv": [ 0, 0, 0.5, 0.5 ], "texture": "#1" },
				"south": { "uv": [ 0, 0, 0.5, 0.5 ], "texture": "#1" },
				"west": { "uv": [ 0, 0, 0.5, 0.5 ], "texture": "#1" },
				"east": { "uv": [ 0, 0, 0.5, 0.5 ], "texture": "#1" }
			}
		},
		{
			"from": [ 5, 7.54, 5 ],
			"to": [ 5.5, 8.04, 5.5 ],
			"faces": {
				"down": { "uv": [ 0, 0, 0.5, 0.5 ], "texture": "#1" },
				"up": { "uv": [ 0, 0, 0.5, 0.5 ], "texture": "#1" },
				"north": { "uv": [ 0, 0, 0.5, 0.5 ], "texture": "#1" },
				"south": { "uv": [ 0, 0, 0.5, 0.5 ], "texture": "#1" },
				"west": { "uv": [ 0, 0, 0.5, 0.5 ], "texture": "#1" },
				"east": { "uv": [ 0, 0, 0.5, 0.5 ], "texture": "#1" }
			}
		},
		{
			"from": [ 5, 7.5, 10.5 ],
			"to": [ 5.5, 8, 11 ],
			"faces": {
				"down": { "uv": [ 0, 0, 0.5, 0.5 ], "texture": "#1" },
				"up": { "uv": [ 0, 0, 0.5, 0.5 ], "texture": "#1" },
				"north": { "uv": [ 0, 0, 0.5, 0.5 ], "texture": "#1" },
				"south": { "uv": [ 0, 0, 0.5, 0.5 ], "texture": "#1" },
				"west": { "uv": [ 0, 0, 0.5, 0.5 ], "texture": "#1" },
				"east": { "uv": [ 0, 0, 0.5, 0.5 ], "texture": "#1" }
			}
		},
		{
			"from": [ 10.5, 7.5, 10.5 ],
			"to": [ 11, 8, 11 ],
			"faces": {
				"down": { "uv": [ 0, 0, 0.5, 0.5 ], "texture": "#1" },
				"up": { "uv": [ 0, 0, 0.5, 0.5 ], "texture": "#1" },
				"north": { "uv": [ 0, 0, 0.5, 0.5 ], "texture": "#1" },
				"south": { "uv": [ 0, 0, 0.5, 0.5 ], "texture": "#1" },
				"west": { "uv": [ 0, 0, 0.5, 0.5 ], "texture": "#1" },
				"east": { "uv": [ 0, 0, 0.5, 0.5 ], "texture": "#1" }
			}
		},
		{
			"from": [ 4.5, 8, 6.8 ],
			"to": [ 5, 10.5, 9.199999 ],
			"faces": {
				"down": { "uv": [ 4, 3, 4.5, 5.4 ], "texture": "#1" },
				"up": { "uv": [ 7, 4, 7.5, 6.4 ], "texture": "#1" },
				"north": { "uv": [ 3, 8, 3.5, 10.5 ], "texture": "#1" },
				"south": { "uv": [ 4, 5, 4.5, 7.5 ], "texture": "#1" },
				"west": { "uv": [ 6, 3, 8.4, 5.5 ], "texture": "#1" },
				"east": { "uv": [ 6, 2, 8.4, 4.5 ], "texture": "#1" }
			}
		},
		{
			"from": [ 11, 8, 6.8 ],
			"to": [ 11.5, 10.5, 9.199999 ],
			"faces": {
				"down": { "uv": [ 5, 8, 5.5, 10.4 ], "texture": "#1" },
				"up": { "uv": [ 6, 7, 6.5, 9.4 ], "texture": "#1" },
				"north": { "uv": [ 7, 7, 7.5, 9.5 ], "texture": "#1" },
				"south": { "uv": [ 10, 8, 10.5, 10.5 ], "texture": "#1" },
				"west": { "uv": [ 6, 7, 8.4, 9.5 ], "texture": "#1" },
				"east": { "uv": [ 5, 8, 7.4, 10.5 ], "texture": "#1" }
			}
		},
		{
			"from": [ 6.8, 8, 4.5 ],
			"to": [ 9.199999, 10.5, 5 ],
			"faces": {
				"down": { "uv": [ 12, 6, 14.4, 6.5 ], "texture": "#1" },
				"up": { "uv": [ 5, 7, 7.4, 7.5 ], "texture": "#1" },
				"north": { "uv": [ 11, 10, 13.4, 12.5 ], "texture": "#1" },
				"south": { "uv": [ 2, 9, 4.4, 11.5 ], "texture": "#1" },
				"west": { "uv": [ 2, 4, 2.5, 6.5 ], "texture": "#1" },
				"east": { "uv": [ 5, 9, 5.5, 11.5 ], "texture": "#1" }
			}
		},
		{
			"from": [ 6.8, 8, 11 ],
			"to": [ 9.199999, 10.5, 11.5 ],
			"faces": {
				"down": { "uv": [ 4, 5, 6.4, 5.5 ], "texture": "#1" },
				"up": { "uv": [ 3, 6, 5.4, 6.5 ], "texture": "#1" },
				"north": { "uv": [ 6, 5, 8.4, 7.5 ], "texture": "#1" },
				"south": { "uv": [ 4, 10, 6.4, 12.5 ], "texture": "#1" },
				"west": { "uv": [ 3, 8, 3.5, 10.5 ], "texture": "#1" },
				"east": { "uv": [ 6, 4, 6.5, 6.5 ], "texture": "#1" }
			}
		},
		{
			"from": [ 9.2, 8, 10.5 ],
			"to": [ 10.5, 10.5, 11 ],
			"faces": {
				"down": { "uv": [ 5, 5, 6.3, 5.5 ], "texture": "#1" },
				"up": { "uv": [ 4, 4, 5.3, 4.5 ], "texture": "#1" },
				"north": { "uv": [ 5, 2, 6.3, 4.5 ], "texture": "#1" },
				"south": { "uv": [ 2, 5, 3.3, 7.5 ], "texture": "#1" },
				"west": { "uv": [ 1, 4, 1.5, 6.5 ], "texture": "#1" },
				"east": { "uv": [ 6, 8, 6.5, 10.5 ], "texture": "#1" }
			}
		},
		{
			"from": [ 6.8, 10.5, 5 ],
			"to": [ 9.199999, 12.5, 5.5 ],
			"faces": {
				"down": { "uv": [ 6, 7, 8.4, 7.5 ], "texture": "#1" },
				"up": { "uv": [ 4, 7, 6.4, 7.5 ], "texture": "#1" },
				"north": { "uv": [ 6, 4, 8.4, 6 ], "texture": "#1" },
				"south": { "uv": [ 4, 8, 6.4, 10 ], "texture": "#1" },
				"west": { "uv": [ 5, 7, 5.5, 9 ], "texture": "#1" },
				"east": { "uv": [ 4, 5, 4.5, 7 ], "texture": "#1" }
			}
		},
		{
			"from": [ 6.8, 10.5, 10.5 ],
			"to": [ 9.199999, 12.5, 11 ],
			"faces": {
				"down": { "uv": [ 4, 5, 6.4, 5.5 ], "texture": "#1" },
				"up": { "uv": [ 2, 3, 4.4, 3.5 ], "texture": "#1" },
				"north": { "uv": [ 4, 5, 6.4, 7 ], "texture": "#1" },
				"south": { "uv": [ 4, 6, 6.4, 8 ], "texture": "#1" },
				"west": { "uv": [ 3, 10, 3.5, 12 ], "texture": "#1" },
				"east": { "uv": [ 5, 8, 5.5, 10 ], "texture": "#1" }
			}
		},
		{
			"from": [ 6.8, 12.5, 10 ],
			"to": [ 9.199999, 13.5, 10.5 ],
			"faces": {
				"down": { "uv": [ 4, 4, 6.4, 4.5 ], "texture": "#1" },
				"up": { "uv": [ 7, 3, 9.4, 3.5 ], "texture": "#1" },
				"north": { "uv": [ 7, 8, 9.4, 9 ], "texture": "#1" },
				"south": { "uv": [ 4, 6, 6.4, 7 ], "texture": "#1" },
				"west": { "uv": [ 2, 5, 2.5, 6 ], "texture": "#1" },
				"east": { "uv": [ 3, 7, 3.5, 8 ], "texture": "#1" }
			}
		},
		{
			"from": [ 6.8, 12.5, 5.5 ],
			"to": [ 9.199999, 13.5, 6 ],
			"faces": {
				"down": { "uv": [ 8, 6, 10.4, 6.5 ], "texture": "#1" },
				"up": { "uv": [ 2, 4, 4.4, 4.5 ], "texture": "#1" },
				"north": { "uv": [ 6, 3, 8.4, 4 ], "texture": "#1" },
				"south": { "uv": [ 2, 9, 4.4, 10 ], "texture": "#1" },
				"west": { "uv": [ 2, 5, 2.5, 6 ], "texture": "#1" },
				"east": { "uv": [ 4, 10, 4.5, 11 ], "texture": "#1" }
			}
		},
		{
			"from": [ 6.8, 13.5, 6 ],
			"to": [ 9.199999, 14, 6.5 ],
			"faces": {
				"down": { "uv": [ 5, 4, 7.4, 4.5 ], "texture": "#1" },
				"up": { "uv": [ 4, 3, 6.4, 3.5 ], "texture": "#1" },
				"north": { "uv": [ 6, 2, 8.4, 2.5 ], "texture": "#1" },
				"south": { "uv": [ 3, 10, 5.4, 10.5 ], "texture": "#1" },
				"west": { "uv": [ 1, 8, 1.5, 8.5 ], "texture": "#1" },
				"east": { "uv": [ 5, 6, 5.5, 6.5 ], "texture": "#1" }
			}
		},
		{
			"from": [ 6.8, 13.5, 9.5 ],
			"to": [ 9.199999, 14, 10 ],
			"faces": {
				"down": { "uv": [ 3, 1, 5.4, 1.5 ], "texture": "#1" },
				"up": { "uv": [ 5, 3, 7.4, 3.5 ], "texture": "#1" },
				"north": { "uv": [ 3, 5, 5.4, 5.5 ], "texture": "#1" },
				"south": { "uv": [ 5, 12, 7.4, 12.5 ], "texture": "#1" },
				"west": { "uv": [ 4, 4, 4.5, 4.5 ], "texture": "#1" },
				"east": { "uv": [ 4, 12, 4.5, 12.5 ], "texture": "#1" }
			}
		},
		{
			"from": [ 6.8, 14, 6.5 ],
			"to": [ 9.199999, 14.5, 9.5 ],
			"faces": {
				"down": { "uv": [ 1, 1, 3.4, 4 ], "texture": "#1" },
				"up": { "uv": [ 2, 2, 4.4, 5 ], "texture": "#1" },
				"north": { "uv": [ 6, 1, 8.4, 1.5 ], "texture": "#1" },
				"south": { "uv": [ 2, 2, 4.4, 2.5 ], "texture": "#1" },
				"west": { "uv": [ 1, 3, 4, 3.5 ], "texture": "#1" },
				"east": { "uv": [ 2, 1, 5, 1.5 ], "texture": "#1" }
			}
		},
		{
			"from": [ 7.7, 14.5, 7.7 ],
			"to": [ 8.3, 16, 8.3 ],
			"faces": {
				"down": { "uv": [ 8, 0, 8.6, 0.6000004 ], "texture": "#0" },
				"up": { "uv": [ 10, 0, 10.6, 0.6000004 ], "texture": "#0" },
				"north": { "uv": [ 8, 0, 8.6, 1.5 ], "texture": "#0" },
				"south": { "uv": [ 8, 1, 8.6, 2.5 ], "texture": "#0" },
				"west": { "uv": [ 11, 0, 11.6, 1.5 ], "texture": "#0" },
				"east": { "uv": [ 11, 0, 11.6, 1.5 ], "texture": "#0" }
			}
		},
		{
			"from": [ 7.7, 8.4, 7.7 ],
			"to": [ 8.3, 14, 8.3 ],
			"faces": {
				"down": { "uv": [ 4, 9, 4.6, 9.6 ], "texture": "#1" },
				"up": { "uv": [ 1, 11, 1.6, 11.6 ], "texture": "#1" },
				"north": { "uv": [ 1, 9, 1.6, 14.6 ], "texture": "#1" },
				"south": { "uv": [ 1, 9, 1.6, 14.6 ], "texture": "#1" },
				"west": { "uv": [ 1, 9, 1.6, 14.6 ], "texture": "#1" },
				"east": { "uv": [ 1, 9, 1.6, 14.6 ], "texture": "#1" }
			}
		},
		{
			"from": [ 7.3, 7, 7.3 ],
			"to": [ 8.699999, 8.4, 8.699999 ],
			"faces": {
				"down": { "uv": [ 13, 13, 14.4, 14.4 ], "texture": "#1" },
				"up": { "uv": [ 13, 13, 14.4, 14.4 ], "texture": "#1" },
				"north": { "uv": [ 13, 13, 14.4, 14.4 ], "texture": "#1" },
				"south": { "uv": [ 13, 13, 14.4, 14.4 ], "texture": "#1" },
				"west": { "uv": [ 13, 13, 14.4, 14.4 ], "texture": "#1" },
				"east": { "uv": [ 13, 13, 14.4, 14.4 ], "texture": "#1" }
			}
		},
		{
			"from": [ 10.5, 8, 9.2 ],
			"to": [ 11, 10.5, 10.5 ],
			"faces": {
				"down": { "uv": [ 2, 4, 2.5, 5.3 ], "texture": "#1" },
				"up": { "uv": [ 3, 4, 3.5, 5.3 ], "texture": "#1" },
				"north": { "uv": [ 8, 5, 8.5, 7.5 ], "texture": "#1" },
				"south": { "uv": [ 2, 5, 2.5, 7.5 ], "texture": "#1" },
				"west": { "uv": [ 5, 3, 6.3, 5.5 ], "texture": "#1" },
				"east": { "uv": [ 6, 10, 7.3, 12.5 ], "texture": "#1" }
			}
		},
		{
			"from": [ 9.2, 10.5, 10 ],
			"to": [ 10.5, 12.5, 10.5 ],
			"faces": {
				"down": { "uv": [ 4, 4, 5.3, 4.5 ], "texture": "#1" },
				"up": { "uv": [ 4, 4, 5.3, 4.5 ], "texture": "#1" },
				"north": { "uv": [ 7, 5, 8.3, 7 ], "texture": "#1" },
				"south": { "uv": [ 4, 5, 5.3, 7 ], "texture": "#1" },
				"west": { "uv": [ 3, 5, 3.5, 7 ], "texture": "#1" },
				"east": { "uv": [ 4, 4, 4.5, 6 ], "texture": "#1" }
			}
		},
		{
			"from": [ 10, 10.5, 9.2 ],
			"to": [ 10.5, 12.5, 10 ],
			"faces": {
				"down": { "uv": [ 5, 5, 5.5, 5.8 ], "texture": "#1" },
				"up": { "uv": [ 2, 6, 2.5, 6.8 ], "texture": "#1" },
				"north": { "uv": [ 8, 5, 8.5, 7 ], "texture": "#1" },
				"south": { "uv": [ 6, 7, 6.5, 9 ], "texture": "#1" },
				"west": { "uv": [ 4, 7, 4.8, 9 ], "texture": "#1" },
				"east": { "uv": [ 11, 6, 11.8, 8 ], "texture": "#1" }
			}
		},
		{
			"from": [ 9.2, 12.5, 9.5 ],
			"to": [ 10, 13.5, 10 ],
			"faces": {
				"down": { "uv": [ 9, 5, 9.8, 5.5 ], "texture": "#1" },
				"up": { "uv": [ 3, 3, 3.8, 3.5 ], "texture": "#1" },
				"north": { "uv": [ 5, 6, 5.8, 7 ], "texture": "#1" },
				"south": { "uv": [ 1, 5, 1.8, 6 ], "texture": "#1" },
				"west": { "uv": [ 3, 9, 3.5, 10 ], "texture": "#1" },
				"east": { "uv": [ 5, 8, 5.5, 9 ], "texture": "#1" }
			}
		},
		{
			"from": [ 10.5, 10.5, 6.8 ],
			"to": [ 11, 12.5, 9.199999 ],
			"faces": {
				"down": { "uv": [ 5, 3, 5.5, 5.4 ], "texture": "#1" },
				"up": { "uv": [ 2, 3, 2.5, 5.4 ], "texture": "#1" },
				"north": { "uv": [ 5, 5, 5.5, 7 ], "texture": "#1" },
				"south": { "uv": [ 3, 6, 3.5, 8 ], "texture": "#1" },
				"west": { "uv": [ 6, 10, 8.4, 12 ], "texture": "#1" },
				"east": { "uv": [ 7, 13, 9.4, 15 ], "texture": "#1" }
			}
		},
		{
			"from": [ 10, 12.5, 6.8 ],
			"to": [ 10.5, 13.5, 9.199999 ],
			"faces": {
				"down": { "uv": [ 3, 3, 3.5, 5.4 ], "texture": "#1" },
				"up": { "uv": [ 9, 7, 9.5, 9.4 ], "texture": "#1" },
				"north": { "uv": [ 7, 7, 7.5, 8 ], "texture": "#1" },
				"south": { "uv": [ 4, 8, 4.5, 9 ], "texture": "#1" },
				"west": { "uv": [ 9, 9, 11.4, 10 ], "texture": "#1" },
				"east": { "uv": [ 6, 4, 8.4, 5 ], "texture": "#1" }
			}
		},
		{
			"from": [ 9.5, 13.5, 6.8 ],
			"to": [ 10, 14, 9.199999 ],
			"faces": {
				"down": { "uv": [ 5, 5, 5.5, 7.4 ], "texture": "#1" },
				"up": { "uv": [ 4, 8, 4.5, 10.4 ], "texture": "#1" },
				"north": { "uv": [ 11, 10, 11.5, 10.5 ], "texture": "#1" },
				"south": { "uv": [ 1, 7, 1.5, 7.5 ], "texture": "#1" },
				"west": { "uv": [ 4, 11, 6.4, 11.5 ], "texture": "#1" },
				"east": { "uv": [ 6, 7, 8.4, 7.5 ], "texture": "#1" }
			}
		},
		{
			"from": [ 9.2, 14, 6.8 ],
			"to": [ 9.5, 14.5, 9.199999 ],
			"faces": {
				"down": { "uv": [ 6, 4, 6.3, 6.4 ], "texture": "#1" },
				"up": { "uv": [ 4, 6, 4.3, 8.4 ], "texture": "#1" },
				"north": { "uv": [ 7, 7, 7.3, 7.5 ], "texture": "#1" },
				"south": { "uv": [ 2, 9, 2.3, 9.5 ], "texture": "#1" },
				"west": { "uv": [ 4, 8, 6.4, 8.5 ], "texture": "#1" },
				"east": { "uv": [ 7, 11, 9.4, 11.5 ], "texture": "#1" }
			}
		},
		{
			"from": [ 9.5, 12.5, 6.5 ],
			"to": [ 10, 13.5, 6.8 ],
			"faces": {
				"down": { "uv": [ 5, 2, 5.5, 2.3 ], "texture": "#1" },
				"up": { "uv": [ 5, 3, 5.5, 3.3 ], "texture": "#1" },
				"north": { "uv": [ 7, 6, 7.5, 7 ], "texture": "#1" },
				"south": { "uv": [ 6, 9, 6.5, 10 ], "texture": "#1" },
				"west": { "uv": [ 7, 10, 7.3, 11 ], "texture": "#1" },
				"east": { "uv": [ 7, 7, 7.3, 8 ], "texture": "#1" }
			}
		},
		{
			"from": [ 9.2, 13.5, 9.2 ],
			"to": [ 9.5, 14, 9.5 ],
			"faces": {
				"down": { "uv": [ 1, 5, 1.3, 5.3 ], "texture": "#1" },
				"up": { "uv": [ 3, 7, 3.3, 7.3 ], "texture": "#1" },
				"north": { "uv": [ 9, 7, 9.3, 7.5 ], "texture": "#1" },
				"south": { "uv": [ 2, 7, 2.3, 7.5 ], "texture": "#1" },
				"west": { "uv": [ 4, 6, 4.3, 6.5 ], "texture": "#1" },
				"east": { "uv": [ 5, 9, 5.3, 9.5 ], "texture": "#1" }
			}
		},
		{
			"from": [ 10.5, 8, 5.5 ],
			"to": [ 11, 10.5, 6.8 ],
			"faces": {
				"down": { "uv": [ 4, 4, 4.5, 5.3 ], "texture": "#1" },
				"up": { "uv": [ 3, 4, 3.5, 5.3 ], "texture": "#1" },
				"north": { "uv": [ 7, 3, 7.5, 5.5 ], "texture": "#1" },
				"south": { "uv": [ 3, 6, 3.5, 8.5 ], "texture": "#1" },
				"west": { "uv": [ 5, 6, 6.3, 8.5 ], "texture": "#1" },
				"east": { "uv": [ 4, 8, 5.3, 10.5 ], "texture": "#1" }
			}
		},
		{
			"from": [ 9.2, 8, 5 ],
			"to": [ 10.5, 10.5, 5.5 ],
			"faces": {
				"down": { "uv": [ 5, 4, 6.3, 4.5 ], "texture": "#1" },
				"up": { "uv": [ 3, 1, 4.3, 1.5 ], "texture": "#1" },
				"north": { "uv": [ 4, 4, 5.3, 6.5 ], "texture": "#1" },
				"south": { "uv": [ 3, 5, 4.3, 7.5 ], "texture": "#1" },
				"west": { "uv": [ 6, 6, 6.5, 8.5 ], "texture": "#1" },
				"east": { "uv": [ 4, 3, 4.5, 5.5 ], "texture": "#1" }
			}
		},
		{
			"from": [ 9.2, 10.5, 5.5 ],
			"to": [ 10.5, 12.5, 6 ],
			"faces": {
				"down": { "uv": [ 8, 6, 9.3, 6.5 ], "texture": "#1" },
				"up": { "uv": [ 3, 3, 4.3, 3.5 ], "texture": "#1" },
				"north": { "uv": [ 7, 6, 8.3, 8 ], "texture": "#1" },
				"south": { "uv": [ 6, 5, 7.3, 7 ], "texture": "#1" },
				"west": { "uv": [ 4, 8, 4.5, 10 ], "texture": "#1" },
				"east": { "uv": [ 5, 3, 5.5, 5 ], "texture": "#1" }
			}
		},
		{
			"from": [ 10, 10.5, 6 ],
			"to": [ 10.5, 12.5, 6.8 ],
			"faces": {
				"down": { "uv": [ 5, 1, 5.5, 1.8 ], "texture": "#1" },
				"up": { "uv": [ 3, 1, 3.5, 1.8 ], "texture": "#1" },
				"north": { "uv": [ 8, 4, 8.5, 6 ], "texture": "#1" },
				"south": { "uv": [ 5, 7, 5.5, 9 ], "texture": "#1" },
				"west": { "uv": [ 3, 3, 3.8, 5 ], "texture": "#1" },
				"east": { "uv": [ 8, 6, 8.8, 8 ], "texture": "#1" }
			}
		},
		{
			"from": [ 9.2, 12.5, 6 ],
			"to": [ 10, 13.5, 6.5 ],
			"faces": {
				"down": { "uv": [ 5, 2, 5.8, 2.5 ], "texture": "#1" },
				"up": { "uv": [ 7, 7, 7.8, 7.5 ], "texture": "#1" },
				"north": { "uv": [ 10, 6, 10.8, 7 ], "texture": "#1" },
				"south": { "uv": [ 8, 9, 8.8, 10 ], "texture": "#1" },
				"west": { "uv": [ 7, 9, 7.5, 10 ], "texture": "#1" },
				"east": { "uv": [ 4, 2, 4.5, 3 ], "texture": "#1" }
			}
		},
		{
			"from": [ 9.5, 12.5, 9.2 ],
			"to": [ 10, 13.5, 9.5 ],
			"faces": {
				"down": { "uv": [ 3, 2, 3.5, 2.3 ], "texture": "#1" },
				"up": { "uv": [ 3, 3, 3.5, 3.3 ], "texture": "#1" },
				"north": { "uv": [ 7, 2, 7.5, 3 ], "texture": "#1" },
				"south": { "uv": [ 7, 5, 7.5, 6 ], "texture": "#1" },
				"west": { "uv": [ 5, 3, 5.3, 4 ], "texture": "#1" },
				"east": { "uv": [ 2, 7, 2.3, 8 ], "texture": "#1" }
			}
		},
		{
			"from": [ 9.2, 13.5, 6.5 ],
			"to": [ 9.5, 14, 6.8 ],
			"faces": {
				"down": { "uv": [ 12, 9, 12.3, 9.3 ], "texture": "#1" },
				"up": { "uv": [ 7, 5, 7.3, 5.3 ], "texture": "#1" },
				"north": { "uv": [ 3, 3, 3.3, 3.5 ], "texture": "#1" },
				"south": { "uv": [ 7, 9, 7.3, 9.5 ], "texture": "#1" },
				"west": { "uv": [ 11, 9, 11.3, 9.5 ], "texture": "#1" },
				"east": { "uv": [ 2, 3, 2.3, 3.5 ], "texture": "#1" }
			}
		},
		{
			"from": [ 5.5, 8, 5 ],
			"to": [ 6.8, 10.5, 5.5 ],
			"faces": {
				"down": { "uv": [ 4, 3, 5.3, 3.5 ], "texture": "#1" },
				"up": { "uv": [ 3, 2, 4.3, 2.5 ], "texture": "#1" },
				"north": { "uv": [ 4, 3, 5.3, 5.5 ], "texture": "#1" },
				"south": { "uv": [ 4, 4, 5.3, 6.5 ], "texture": "#1" },
				"west": { "uv": [ 6, 11, 6.5, 13.5 ], "texture": "#1" },
				"east": { "uv": [ 3, 3, 3.5, 5.5 ], "texture": "#1" }
			}
		},
		{
			"from": [ 5.5, 10.5, 5.5 ],
			"to": [ 6.8, 12.5, 6 ],
			"faces": {
				"down": { "uv": [ 6, 5, 7.3, 5.5 ], "texture": "#1" },
				"up": { "uv": [ 2, 2, 3.3, 2.5 ], "texture": "#1" },
				"north": { "uv": [ 3, 4, 4.3, 6 ], "texture": "#1" },
				"south": { "uv": [ 5, 11, 6.3, 13 ], "texture": "#1" },
				"west": { "uv": [ 5, 7, 5.5, 9 ], "texture": "#1" },
				"east": { "uv": [ 4, 5, 4.5, 7 ], "texture": "#1" }
			}
		},
		{
			"from": [ 6, 12.5, 6 ],
			"to": [ 6.8, 13.5, 6.5 ],
			"faces": {
				"down": { "uv": [ 4, 3, 4.8, 3.5 ], "texture": "#1" },
				"up": { "uv": [ 4, 2, 4.8, 2.5 ], "texture": "#1" },
				"north": { "uv": [ 7, 3, 7.8, 4 ], "texture": "#1" },
				"south": { "uv": [ 4, 10, 4.8, 11 ], "texture": "#1" },
				"west": { "uv": [ 3, 4, 3.5, 5 ], "texture": "#1" },
				"east": { "uv": [ 8, 13, 8.5, 14 ], "texture": "#1" }
			}
		},
		{
			"from": [ 5, 8, 5.5 ],
			"to": [ 5.5, 10.5, 6.8 ],
			"faces": {
				"down": { "uv": [ 3, 4, 3.5, 5.3 ], "texture": "#1" },
				"up": { "uv": [ 3, 4, 3.5, 5.3 ], "texture": "#1" },
				"north": { "uv": [ 2, 1, 2.5, 3.5 ], "texture": "#1" },
				"south": { "uv": [ 11, 9, 11.5, 11.5 ], "texture": "#1" },
				"west": { "uv": [ 8, 6, 9.3, 8.5 ], "texture": "#1" },
				"east": { "uv": [ 2, 4, 3.3, 6.5 ], "texture": "#1" }
			}
		},
		{
			"from": [ 5.5, 10.5, 6 ],
			"to": [ 6, 12.5, 6.8 ],
			"faces": {
				"down": { "uv": [ 3, 2, 3.5, 2.8 ], "texture": "#1" },
				"up": { "uv": [ 2, 5, 2.5, 5.8 ], "texture": "#1" },
				"north": { "uv": [ 6, 4, 6.5, 6 ], "texture": "#1" },
				"south": { "uv": [ 2, 6, 2.5, 8 ], "texture": "#1" },
				"west": { "uv": [ 3, 3, 3.8, 5 ], "texture": "#1" },
				"east": { "uv": [ 7, 9, 7.8, 11 ], "texture": "#1" }
			}
		},
		{
			"from": [ 6, 12.5, 6.5 ],
			"to": [ 6.5, 13.5, 6.8 ],
			"faces": {
				"down": { "uv": [ 3, 4, 3.5, 4.3 ], "texture": "#1" },
				"up": { "uv": [ 1, 1, 1.5, 1.3 ], "texture": "#1" },
				"north": { "uv": [ 3, 2, 3.5, 3 ], "texture": "#1" },
				"south": { "uv": [ 3, 5, 3.5, 6 ], "texture": "#1" },
				"west": { "uv": [ 4, 5, 4.3, 6 ], "texture": "#1" },
				"east": { "uv": [ 4, 7, 4.3, 8 ], "texture": "#1" }
			}
		},
		{
			"from": [ 6.5, 13.5, 6.5 ],
			"to": [ 6.8, 14, 6.8 ],
			"faces": {
				"down": { "uv": [ 6, 5, 6.3, 5.3 ], "texture": "#1" },
				"up": { "uv": [ 3, 3, 3.3, 3.3 ], "texture": "#1" },
				"north": { "uv": [ 8, 5, 8.3, 5.5 ], "texture": "#1" },
				"south": { "uv": [ 3, 1, 3.3, 1.5 ], "texture": "#1" },
				"west": { "uv": [ 4, 8, 4.3, 8.5 ], "texture": "#1" },
				"east": { "uv": [ 3, 4, 3.3, 4.5 ], "texture": "#1" }
			}
		},
		{
			"from": [ 6.5, 14, 6.8 ],
			"to": [ 6.8, 14.5, 9.199999 ],
			"faces": {
				"down": { "uv": [ 9, 6, 9.3, 8.4 ], "texture": "#1" },
				"up": { "uv": [ 5, 6, 5.3, 8.4 ], "texture": "#1" },
				"north": { "uv": [ 6, 9, 6.3, 9.5 ], "texture": "#1" },
				"south": { "uv": [ 4, 5, 4.3, 5.5 ], "texture": "#1" },
				"west": { "uv": [ 8, 7, 10.4, 7.5 ], "texture": "#1" },
				"east": { "uv": [ 2, 8, 4.4, 8.5 ], "texture": "#1" }
			}
		},
		{
			"from": [ 6, 13.5, 6.8 ],
			"to": [ 6.5, 14, 9.199999 ],
			"faces": {
				"down": { "uv": [ 5, 8, 5.5, 10.4 ], "texture": "#1" },
				"up": { "uv": [ 9, 6, 9.5, 8.4 ], "texture": "#1" },
				"north": { "uv": [ 9, 3, 9.5, 3.5 ], "texture": "#1" },
				"south": { "uv": [ 8, 9, 8.5, 9.5 ], "texture": "#1" },
				"west": { "uv": [ 11, 13, 13.4, 13.5 ], "texture": "#1" },
				"east": { "uv": [ 4, 4, 6.4, 4.5 ], "texture": "#1" }
			}
		},
		{
			"from": [ 6.5, 13.5, 9.2 ],
			"to": [ 6.8, 14, 9.5 ],
			"faces": {
				"down": { "uv": [ 3, 4, 3.3, 4.3 ], "texture": "#1" },
				"up": { "uv": [ 5, 6, 5.3, 6.3 ], "texture": "#1" },
				"north": { "uv": [ 3, 3, 3.3, 3.5 ], "texture": "#1" },
				"south": { "uv": [ 5, 5, 5.3, 5.5 ], "texture": "#1" },
				"west": { "uv": [ 8, 8, 8.3, 8.5 ], "texture": "#1" },
				"east": { "uv": [ 7, 7, 7.3, 7.5 ], "texture": "#1" }
			}
		},
		{
			"from": [ 6, 12.5, 9.2 ],
			"to": [ 6.5, 13.5, 9.5 ],
			"faces": {
				"down": { "uv": [ 5, 4, 5.5, 4.3 ], "texture": "#1" },
				"up": { "uv": [ 6, 5, 6.5, 5.3 ], "texture": "#1" },
				"north": { "uv": [ 1, 3, 1.5, 4 ], "texture": "#1" },
				"south": { "uv": [ 7, 4, 7.5, 5 ], "texture": "#1" },
				"west": { "uv": [ 6, 4, 6.3, 5 ], "texture": "#1" },
				"east": { "uv": [ 4, 3, 4.3, 4 ], "texture": "#1" }
			}
		},
		{
			"from": [ 6, 12.5, 9.5 ],
			"to": [ 6.8, 13.5, 10 ],
			"faces": {
				"down": { "uv": [ 8, 5, 8.8, 5.5 ], "texture": "#1" },
				"up": { "uv": [ 9, 9, 9.8, 9.5 ], "texture": "#1" },
				"north": { "uv": [ 3, 4, 3.8, 5 ], "texture": "#1" },
				"south": { "uv": [ 6, 4, 6.8, 5 ], "texture": "#1" },
				"west": { "uv": [ 3, 2, 3.5, 3 ], "texture": "#1" },
				"east": { "uv": [ 5, 4, 5.5, 5 ], "texture": "#1" }
			}
		},
		{
			"from": [ 5.5, 10.5, 9.2 ],
			"to": [ 6, 12.5, 10 ],
			"faces": {
				"down": { "uv": [ 3, 4, 3.5, 4.8 ], "texture": "#1" },
				"up": { "uv": [ 3, 3, 3.5, 3.8 ], "texture": "#1" },
				"north": { "uv": [ 2, 3, 2.5, 5 ], "texture": "#1" },
				"south": { "uv": [ 1, 2, 1.5, 4 ], "texture": "#1" },
				"west": { "uv": [ 2, 3, 2.8, 5 ], "texture": "#1" },
				"east": { "uv": [ 6, 4, 6.8, 6 ], "texture": "#1" }
			}
		},
		{
			"from": [ 5.5, 10.5, 10 ],
			"to": [ 6.8, 12.5, 10.5 ],
			"faces": {
				"down": { "uv": [ 6, 5, 7.3, 5.5 ], "texture": "#1" },
				"up": { "uv": [ 4, 4, 5.3, 4.5 ], "texture": "#1" },
				"north": { "uv": [ 10, 4, 11.3, 6 ], "texture": "#1" },
				"south": { "uv": [ 3, 6, 4.3, 8 ], "texture": "#1" },
				"west": { "uv": [ 4, 6, 4.5, 8 ], "texture": "#1" },
				"east": { "uv": [ 3, 3, 3.5, 5 ], "texture": "#1" }
			}
		},
		{
			"from": [ 5.5, 12.5, 6.8 ],
			"to": [ 6, 13.5, 9.199999 ],
			"faces": {
				"down": { "uv": [ 5, 10, 5.5, 12.4 ], "texture": "#1" },
				"up": { "uv": [ 5, 9, 5.5, 11.4 ], "texture": "#1" },
				"north": { "uv": [ 5, 9, 5.5, 10 ], "texture": "#1" },
				"south": { "uv": [ 4, 11, 4.5, 12 ], "texture": "#1" },
				"west": { "uv": [ 6, 12, 8.4, 13 ], "texture": "#1" },
				"east": { "uv": [ 4, 10, 6.4, 11 ], "texture": "#1" }
			}
		},
		{
			"from": [ 5, 10.5, 6.8 ],
			"to": [ 5.5, 12.5, 9.199999 ],
			"faces": {
				"down": { "uv": [ 8, 8, 8.5, 10.4 ], "texture": "#1" },
				"up": { "uv": [ 7, 9, 7.5, 11.4 ], "texture": "#1" },
				"north": { "uv": [ 3, 4, 3.5, 6 ], "texture": "#1" },
				"south": { "uv": [ 5, 7, 5.5, 9 ], "texture": "#1" },
				"west": { "uv": [ 8, 8, 10.4, 10 ], "texture": "#1" },
				"east": { "uv": [ 4, 7, 6.4, 9 ], "texture": "#1" }
			}
		},
		{
			"from": [ 5, 8, 9.2 ],
			"to": [ 5.5, 10.5, 10.5 ],
			"faces": {
				"down": { "uv": [ 6, 6, 6.5, 7.3 ], "texture": "#1" },
				"up": { "uv": [ 4, 6, 4.5, 7.3 ], "texture": "#1" },
				"north": { "uv": [ 6, 8, 6.5, 10.5 ], "texture": "#1" },
				"south": { "uv": [ 6, 7, 6.5, 9.5 ], "texture": "#1" },
				"west": { "uv": [ 7, 9, 8.3, 11.5 ], "texture": "#1" },
				"east": { "uv": [ 6, 7, 7.3, 9.5 ], "texture": "#1" }
			}
		},
		{
			"from": [ 5.5, 8, 10.5 ],
			"to": [ 6.8, 10.5, 11 ],
			"faces": {
				"down": { "uv": [ 6, 5, 7.3, 5.5 ], "texture": "#1" },
				"up": { "uv": [ 3, 1, 4.3, 1.5 ], "texture": "#1" },
				"north": { "uv": [ 5, 4, 6.3, 6.5 ], "texture": "#1" },
				"south": { "uv": [ 3, 6, 4.3, 8.5 ], "texture": "#1" },
				"west": { "uv": [ 3, 2, 3.5, 4.5 ], "texture": "#1" },
				"east": { "uv": [ 4, 3, 4.5, 5.5 ], "texture": "#1" }
			}
		},
		{
			"from": [ 7.7, 0, 7.7 ],
			"to": [ 8.3, 7, 8.3 ],
			"faces": {
				"down": { "uv": [ 0, 0, 0.6, 0.6000004 ], "texture": "#0" },
				"up": { "uv": [ 0, 0, 0.6, 0.6000004 ], "texture": "#0" },
				"north": { "uv": [ 0, 0, 0.6, 7 ], "texture": "#0" },
				"south": { "uv": [ 2, 0, 2.6, 7 ], "texture": "#0" },
				"west": { "uv": [ 3, 0, 3.6, 7 ], "texture": "#0" },
				"east": { "uv": [ 1, 0, 1.6, 7 ], "texture": "#0" }
			}
		}
	],
	"display": {
		"thirdperson_righthand": {
			"translation":  [ 0, 2, 2 ],
			"scale":  [ 0.3, 0.3, 0.3 ]
		},
		"thirdperson_lefthand": {
			"translation":  [ 0, 2, 2 ],
			"scale":  [ 0.3, 0.3, 0.3 ]
		},
		"firstperson_righthand": {
			"rotation":  [ 0, 45, 0 ],
			"scale":  [ 0.4, 0.4, 0.4 ]
		},
		"firstperson_lefthand": {
			"rotation":  [ 0, 45, 0 ],
			"scale":  [ 0.4, 0.4, 0.4 ]
		},
		"gui": {
			"rotation":  [ 35, -135, 0 ],
			"scale":  [ 0.5, 0.5, 0.5 ]
		},
		"head": {
			"translation":  [ 0, 15, 0 ]
		},
		"ground": {
			"translation":  [ 0, 3, 0 ],
			"scale":  [ 0.25, 0.25, 0.25 ]
		},
		"fixed": {
			"scale":  [ 0.9, 0.9, 0.9 ]
		}
	}
}
