{
    "textures": {
		"particle": "#texture",
        "0": "#texture"
    },
    "elements": [
        {
            "name": "ground",
            "from": [ 5.0, 1.0, 6.0 ], 
            "to": [ 11.0, 2.0, 10.0 ], 
            "faces": {
                "north": { "texture": "#0", "uv": [ 6.0, 14.0, 12.0, 15.0 ] },
                "east": { "texture": "#0", "uv": [ 5.0, 12.0, 9.0, 13.0 ] },
                "south": { "texture": "#0", "uv": [ 5.0, 15.0, 11.0, 16.0 ] },
                "west": { "texture": "#0", "uv": [ 6.0, 15.0, 10.0, 16.0 ] },
                "up": { "texture": "#0", "uv": [ 5.0, 11.0, 11.0, 15.0 ] },
                "down": { "texture": "#0", "uv": [ 5.0, 11.0, 11.0, 15.0 ] }
            }
        },
        {
            "name": "ground1",
            "from": [ 6.0, 1.0, 5.0 ], 
            "to": [ 10.0, 2.0, 6.0 ], 
            "faces": {
                "north": { "texture": "#0", "uv": [ 8.0, 11.0, 12.0, 12.0 ] },
                "east": { "texture": "#0", "uv": [ 9.0, 13.0, 10.0, 14.0 ] },
                "south": { "texture": "#0", "uv": [ 1.0, 14.0, 5.0, 15.0 ] },
                "west": { "texture": "#0", "uv": [ 10.0, 9.0, 11.0, 10.0 ] },
                "up": { "texture": "#0", "uv": [ 11.0, 15.0, 15.0, 16.0 ] },
                "down": { "texture": "#0", "uv": [ 9.0, 15.0, 13.0, 16.0 ] }
            }
        },
        {
            "name": "ground2",
            "from": [ 6.0, 1.0, 10.0 ], 
            "to": [ 10.0, 2.0, 11.0 ], 
            "faces": {
                "north": { "texture": "#0", "uv": [ 5.0, 10.0, 9.0, 11.0 ] },
                "east": { "texture": "#0", "uv": [ 4.0, 9.0, 5.0, 10.0 ] },
                "south": { "texture": "#0", "uv": [ 6.0, 12.0, 10.0, 13.0 ] },
                "west": { "texture": "#0", "uv": [ 4.0, 8.0, 5.0, 9.0 ] },
                "up": { "texture": "#0", "uv": [ 5.0, 11.0, 9.0, 12.0 ] },
                "down": { "texture": "#0", "uv": [ 4.0, 12.0, 8.0, 13.0 ] }
            }
        },
        {
            "name": "east1",
            "from": [ 4.500000007450581, 0.0, 6.0 ], 
            "to": [ 5.0, 3.0, 10.0 ], 
            "faces": {
                "north": { "texture": "#0", "uv": [ 1.0, 6.0, 1.4999999925494194, 9.0 ] },
                "east": { "texture": "#0", "uv": [ 5.0, 6.0, 9.0, 9.0 ] },
                "south": { "texture": "#0", "uv": [ 9.0, 6.0, 9.49999999254942, 9.0 ] },
                "west": { "texture": "#0", "uv": [ 10.0, 6.0, 14.0, 9.0 ] },
                "up": { "texture": "#0", "uv": [ 7.0, 11.0, 7.499999992549419, 15.0 ] },
                "down": { "texture": "#0", "uv": [ 1.0, 11.0, 1.4999999925494194, 15.0 ] }
            }
        },
        {
            "name": "north1",
            "from": [ 6.0, 0.0, 4.500000007450581 ], 
            "to": [ 10.0, 3.0, 5.0 ], 
            "faces": {
                "north": { "texture": "#0", "uv": [ 9.0, 6.0, 13.0, 9.0 ] },
                "east": { "texture": "#0", "uv": [ 12.0, 6.0, 12.49999999254942, 9.0 ] },
                "south": { "texture": "#0", "uv": [ 8.0, 6.0, 12.0, 9.0 ] },
                "west": { "texture": "#0", "uv": [ 8.0, 6.0, 8.49999999254942, 9.0 ] },
                "up": { "texture": "#0", "uv": [ 5.0, 12.0, 9.0, 12.49999999254942 ] },
                "down": { "texture": "#0", "uv": [ 3.0, 12.0, 7.0, 12.49999999254942 ] }
            }
        },
        {
            "name": "south1",
            "from": [ 6.0, 0.0, 11.0 ], 
            "to": [ 10.0, 3.0, 11.49999999254942 ], 
            "faces": {
                "north": { "texture": "#0", "uv": [ 4.0, 6.0, 8.0, 9.0 ] },
                "east": { "texture": "#0", "uv": [ 8.0, 6.0, 8.49999999254942, 9.0 ] },
                "south": { "texture": "#0", "uv": [ 6.0, 6.0, 10.0, 9.0 ] },
                "west": { "texture": "#0", "uv": [ 13.0, 6.0, 13.49999999254942, 9.0 ] },
                "up": { "texture": "#0", "uv": [ 6.0, 10.0, 10.0, 10.49999999254942 ] },
                "down": { "texture": "#0", "uv": [ 4.0, 15.0, 8.0, 15.49999999254942 ] }
            }
        },
        {
            "name": "west1",
            "from": [ 11.0, 0.0, 6.0 ], 
            "to": [ 11.49999999254942, 3.0, 10.0 ], 
            "faces": {
                "north": { "texture": "#0", "uv": [ 8.0, 6.0, 8.49999999254942, 9.0 ] },
                "east": { "texture": "#0", "uv": [ 6.0, 6.0, 10.0, 9.0 ] },
                "south": { "texture": "#0", "uv": [ 5.0, 6.0, 5.499999992549419, 9.0 ] },
                "west": { "texture": "#0", "uv": [ 6.0, 6.0, 10.0, 9.0 ] },
                "up": { "texture": "#0", "uv": [ 3.0, 8.0, 3.4999999925494194, 12.0 ] },
                "down": { "texture": "#0", "uv": [ 3.0, 8.0, 3.4999999925494194, 12.0 ] }
            }
        },
        {
            "name": "ground_n_e",
            "from": [ 5.0, 0.0, 5.0 ], 
            "to": [ 6.0, 3.0, 6.0 ], 
            "faces": {
                "north": { "texture": "#0", "uv": [ 4.0, 6.0, 5.0, 9.0 ] },
                "east": { "texture": "#0", "uv": [ 12.0, 6.0, 13.0, 9.0 ] },
                "south": { "texture": "#0", "uv": [ 9.0, 6.0, 10.0, 9.0 ] },
                "west": { "texture": "#0", "uv": [ 7.0, 6.0, 8.0, 9.0 ] },
                "up": { "texture": "#0", "uv": [ 3.0, 11.0, 4.0, 12.0 ] },
                "down": { "texture": "#0", "uv": [ 3.0, 13.0, 4.0, 14.0 ] }
            }
        },
        {
            "name": "ground_n_w",
            "from": [ 10.0, 0.0, 5.0 ], 
            "to": [ 11.0, 3.0, 6.0 ], 
            "faces": {
                "north": { "texture": "#0", "uv": [ 4.0, 6.0, 5.0, 9.0 ] },
                "east": { "texture": "#0", "uv": [ 5.0, 6.0, 6.0, 9.0 ] },
                "south": { "texture": "#0", "uv": [ 7.0, 6.0, 8.0, 9.0 ] },
                "west": { "texture": "#0", "uv": [ 8.0, 6.0, 9.0, 9.0 ] },
                "up": { "texture": "#0", "uv": [ 10.0, 12.0, 11.0, 13.0 ] },
                "down": { "texture": "#0", "uv": [ 8.0, 10.0, 9.0, 11.0 ] }
            }
        },
        {
            "name": "ground_s_e",
            "from": [ 5.0, 0.0, 10.0 ], 
            "to": [ 6.0, 3.0, 11.0 ], 
            "faces": {
                "north": { "texture": "#0", "uv": [ 7.0, 6.0, 8.0, 9.0 ] },
                "east": { "texture": "#0", "uv": [ 14.0, 6.0, 15.0, 9.0 ] },
                "south": { "texture": "#0", "uv": [ 3.0, 6.0, 4.0, 9.0 ] },
                "west": { "texture": "#0", "uv": [ 5.0, 6.0, 6.0, 9.0 ] },
                "up": { "texture": "#0", "uv": [ 4.0, 10.0, 5.0, 11.0 ] },
                "down": { "texture": "#0", "uv": [ 4.0, 14.0, 5.0, 15.0 ] }
            }
        },
        {
            "name": "ground_s_w",
            "from": [ 10.0, 0.0, 10.0 ], 
            "to": [ 11.0, 3.0, 11.0 ], 
            "faces": {
                "north": { "texture": "#0", "uv": [ 8.0, 6.0, 9.0, 9.0 ] },
                "east": { "texture": "#0", "uv": [ 10.0, 6.0, 11.0, 9.0 ] },
                "south": { "texture": "#0", "uv": [ 9.0, 6.0, 10.0, 9.0 ] },
                "west": { "texture": "#0", "uv": [ 11.0, 6.0, 12.0, 9.0 ] },
                "up": { "texture": "#0", "uv": [ 7.0, 13.0, 8.0, 14.0 ] },
                "down": { "texture": "#0", "uv": [ 3.0, 11.0, 4.0, 12.0 ] }
            }
        },
        {
            "name": "s2",
            "from": [ 6.000000014901161, 3.0, 11.50000000745058 ], 
            "to": [ 10.000000014901161, 6.0, 12.0 ], 
            "faces": {
                "north": { "texture": "#0", "uv": [ 6.0, 3.0, 10.0, 6.0 ] },
                "east": { "texture": "#0", "uv": [ 5.0, 3.0, 5.499999992549419, 6.0 ] },
                "south": { "texture": "#0", "uv": [ 7.0, 3.0, 11.0, 6.0 ] },
                "west": { "texture": "#0", "uv": [ 10.0, 3.0, 10.49999999254942, 6.0 ] },
                "up": { "texture": "#0", "uv": [ 2.0, 10.0, 6.0, 10.49999999254942 ] },
                "down": { "texture": "#0", "uv": [ 7.0, 13.0, 11.0, 13.49999999254942 ] }
            }
        },
        {
            "name": "s_e2",
            "from": [ 5.0, 3.0, 11.0 ], 
            "to": [ 6.0, 6.0, 11.49999999254942 ], 
            "faces": {
                "north": { "texture": "#0", "uv": [ 2.0, 3.0, 3.0, 6.0 ] },
                "east": { "texture": "#0", "uv": [ 4.0, 3.0, 4.499999992549419, 6.0 ] },
                "south": { "texture": "#0", "uv": [ 6.0, 3.0, 7.0, 6.0 ] },
                "west": { "texture": "#0", "uv": [ 7.0, 3.0, 7.499999992549419, 6.0 ] },
                "up": { "texture": "#0", "uv": [ 5.0, 11.0, 6.0, 11.49999999254942 ] },
                "down": { "texture": "#0", "uv": [ 3.0, 11.0, 4.0, 11.49999999254942 ] }
            }
        },
        {
            "name": "e_s2",
            "from": [ 4.500000007450581, 3.0, 10.0 ], 
            "to": [ 5.0, 6.0, 11.0 ], 
            "faces": {
                "north": { "texture": "#0", "uv": [ 4.0, 3.0, 4.499999992549419, 6.0 ] },
                "east": { "texture": "#0", "uv": [ 3.0, 3.0, 4.0, 6.0 ] },
                "south": { "texture": "#0", "uv": [ 10.0, 3.0, 10.49999999254942, 6.0 ] },
                "west": { "texture": "#0", "uv": [ 11.0, 3.0, 12.0, 6.0 ] },
                "up": { "texture": "#0", "uv": [ 8.0, 12.0, 8.49999999254942, 13.0 ] },
                "down": { "texture": "#0", "uv": [ 0.0, 10.0, 0.4999999925494194, 11.0 ] }
            }
        },
        {
            "name": "e2",
            "from": [ 4.0, 3.0, 6.0 ], 
            "to": [ 4.499999992549419, 6.0, 10.0 ], 
            "faces": {
                "north": { "texture": "#0", "uv": [ 5.0, 3.0, 5.499999992549419, 6.0 ] },
                "east": { "texture": "#0", "uv": [ 1.0, 3.0, 5.0, 6.0 ] },
                "south": { "texture": "#0", "uv": [ 5.0, 3.0, 5.499999992549419, 6.0 ] },
                "west": { "texture": "#0", "uv": [ 6.0, 3.0, 10.0, 6.0 ] },
                "up": { "texture": "#0", "uv": [ 5.0, 12.0, 5.499999992549419, 16.0 ] },
                "down": { "texture": "#0", "uv": [ 3.0, 9.0, 3.4999999925494194, 13.0 ] }
            }
        },
        {
            "name": "e_n2",
            "from": [ 4.500000007450581, 3.0, 5.0 ], 
            "to": [ 5.0, 6.0, 6.0 ], 
            "faces": {
                "north": { "texture": "#0", "uv": [ 5.0, 3.0, 5.499999992549419, 6.0 ] },
                "east": { "texture": "#0", "uv": [ 7.0, 3.0, 8.0, 6.0 ] },
                "south": { "texture": "#0", "uv": [ 6.0, 3.0, 6.499999992549419, 6.0 ] },
                "west": { "texture": "#0", "uv": [ 8.0, 3.0, 9.0, 6.0 ] },
                "up": { "texture": "#0", "uv": [ 8.0, 8.0, 8.49999999254942, 9.0 ] },
                "down": { "texture": "#0", "uv": [ 4.0, 11.0, 4.499999992549419, 12.0 ] }
            }
        },
        {
            "name": "s_w2",
            "from": [ 10.0, 3.0, 11.0 ], 
            "to": [ 11.0, 6.0, 11.49999999254942 ], 
            "faces": {
                "north": { "texture": "#0", "uv": [ 3.0, 3.0, 4.0, 6.0 ] },
                "east": { "texture": "#0", "uv": [ 5.0, 3.0, 5.499999992549419, 6.0 ] },
                "south": { "texture": "#0", "uv": [ 11.0, 3.0, 12.0, 6.0 ] },
                "west": { "texture": "#0", "uv": [ 11.0, 3.0, 11.49999999254942, 6.0 ] },
                "up": { "texture": "#0", "uv": [ 3.0, 10.0, 4.0, 10.49999999254942 ] },
                "down": { "texture": "#0", "uv": [ 3.0, 13.0, 4.0, 13.49999999254942 ] }
            }
        },
        {
            "name": "w_s2",
            "from": [ 11.0, 3.0, 10.0 ], 
            "to": [ 11.49999999254942, 6.0, 11.0 ], 
            "faces": {
                "north": { "texture": "#0", "uv": [ 6.0, 3.0, 6.499999992549419, 6.0 ] },
                "east": { "texture": "#0", "uv": [ 4.0, 3.0, 5.0, 6.0 ] },
                "south": { "texture": "#0", "uv": [ 9.0, 3.0, 9.49999999254942, 6.0 ] },
                "west": { "texture": "#0", "uv": [ 11.0, 3.0, 12.0, 6.0 ] },
                "up": { "texture": "#0", "uv": [ 5.0, 12.0, 5.499999992549419, 13.0 ] },
                "down": { "texture": "#0", "uv": [ 6.0, 11.0, 6.499999992549419, 12.0 ] }
            }
        },
        {
            "name": "west2",
            "from": [ 11.50000000745058, 3.0, 6.0 ], 
            "to": [ 12.0, 6.0, 10.0 ], 
            "faces": {
                "north": { "texture": "#0", "uv": [ 3.0, 3.0, 3.4999999925494194, 6.0 ] },
                "east": { "texture": "#0", "uv": [ 6.0, 3.0, 10.0, 6.0 ] },
                "south": { "texture": "#0", "uv": [ 3.0, 3.0, 3.4999999925494194, 6.0 ] },
                "west": { "texture": "#0", "uv": [ 6.0, 3.0, 10.0, 6.0 ] },
                "up": { "texture": "#0", "uv": [ 6.0, 9.0, 6.499999992549419, 13.0 ] },
                "down": { "texture": "#0", "uv": [ 5.0, 8.0, 5.499999992549419, 12.0 ] }
            }
        },
        {
            "name": "w_n2",
            "from": [ 11.0, 3.0, 5.0 ], 
            "to": [ 11.49999999254942, 6.0, 6.0 ], 
            "faces": {
                "north": { "texture": "#0", "uv": [ 13.0, 3.0, 13.49999999254942, 6.0 ] },
                "east": { "texture": "#0", "uv": [ 14.0, 3.0, 15.0, 6.0 ] },
                "south": { "texture": "#0", "uv": [ 15.0, 3.0, 15.49999999254942, 6.0 ] },
                "west": { "texture": "#0", "uv": [ 11.0, 3.0, 12.0, 6.0 ] },
                "up": { "texture": "#0", "uv": [ 9.0, 13.0, 9.49999999254942, 14.0 ] },
                "down": { "texture": "#0", "uv": [ 2.0, 13.0, 2.4999999925494194, 14.0 ] }
            }
        },
        {
            "name": "n_e2",
            "from": [ 5.0, 3.0, 4.500000007450581 ], 
            "to": [ 6.0, 6.0, 5.0 ], 
            "faces": {
                "north": { "texture": "#0", "uv": [ 11.0, 3.0, 12.0, 6.0 ] },
                "east": { "texture": "#0", "uv": [ 10.0, 3.0, 10.49999999254942, 6.0 ] },
                "south": { "texture": "#0", "uv": [ 14.0, 3.0, 15.0, 6.0 ] },
                "west": { "texture": "#0", "uv": [ 0.0, 3.0, 0.4999999925494194, 6.0 ] },
                "up": { "texture": "#0", "uv": [ 0.0, 0.0, 1.0, 0.4999999925494194 ] },
                "down": { "texture": "#0", "uv": [ 0.0, 0.0, 1.0, 0.4999999925494194 ] }
            }
        },
        {
            "name": "n_w2",
            "from": [ 10.0, 3.0, 4.499999992549419 ], 
            "to": [ 11.0, 6.0, 4.999999985098839 ], 
            "faces": {
                "north": { "texture": "#0", "uv": [ 5.0, 3.0, 6.0, 6.0 ] },
                "east": { "texture": "#0", "uv": [ 7.0, 3.0, 7.499999992549419, 6.0 ] },
                "south": { "texture": "#0", "uv": [ 8.0, 3.0, 9.0, 6.0 ] },
                "west": { "texture": "#0", "uv": [ 2.0, 3.0, 2.4999999925494194, 6.0 ] },
                "up": { "texture": "#0", "uv": [ 11.0, 12.0, 12.0, 12.49999999254942 ] },
                "down": { "texture": "#0", "uv": [ 12.0, 8.0, 13.0, 8.49999999254942 ] }
            }
        },
        {
            "name": "n2",
            "from": [ 6.0, 3.0, 4.0 ], 
            "to": [ 10.0, 6.0, 4.499999992549419 ], 
            "faces": {
                "north": { "texture": "#0", "uv": [ 11.0, 3.0, 15.0, 6.0 ] },
                "east": { "texture": "#0", "uv": [ 4.0, 3.0, 4.499999992549419, 6.0 ] },
                "south": { "texture": "#0", "uv": [ 0.0, 3.0, 4.0, 6.0 ] },
                "west": { "texture": "#0", "uv": [ 6.0, 3.0, 6.499999992549419, 6.0 ] },
                "up": { "texture": "#0", "uv": [ 5.0, 9.0, 9.0, 9.49999999254942 ] },
                "down": { "texture": "#0", "uv": [ 4.0, 13.0, 8.0, 13.49999999254942 ] }
            }
        },
        {
            "name": "s3",
            "from": [ 6.0, 6.0, 12.0 ], 
            "to": [ 10.0, 9.0, 12.49999999254942 ], 
            "faces": {
                "north": { "texture": "#0", "uv": [ 6.0, 0.0, 10.0, 3.0 ] },
                "east": { "texture": "#0", "uv": [ 0.0, 0.0, 0.4999999925494194, 3.0 ] },
                "south": { "texture": "#0", "uv": [ 7.0, 0.0, 11.0, 3.0 ] },
                "west": { "texture": "#0", "uv": [ 6.0, 0.0, 6.499999992549419, 3.0 ] },
                "up": { "texture": "#0", "uv": [ 9.0, 13.0, 13.0, 13.49999999254942 ] },
                "down": { "texture": "#0", "uv": [ 2.0, 11.0, 6.0, 11.49999999254942 ] }
            }
        },
        {
            "name": "s_s_e3",
            "from": [ 5.0, 6.0, 11.50000000745058 ], 
            "to": [ 6.0, 9.0, 12.0 ], 
            "faces": {
                "north": { "texture": "#0", "uv": [ 3.0, 0.0, 4.0, 3.0 ] },
                "east": { "texture": "#0", "uv": [ 4.0, 0.0, 4.499999992549419, 3.0 ] },
                "south": { "texture": "#0", "uv": [ 8.0, 0.0, 9.0, 3.0 ] },
                "west": { "texture": "#0", "uv": [ 3.0, 0.0, 3.4999999925494194, 3.0 ] },
                "up": { "texture": "#0", "uv": [ 4.0, 14.0, 5.0, 14.49999999254942 ] },
                "down": { "texture": "#0", "uv": [ 4.0, 13.0, 5.0, 13.49999999254942 ] }
            }
        },
        {
            "name": "s_e3",
            "from": [ 4.500000007450581, 6.0, 11.0 ], 
            "to": [ 5.0, 9.0, 11.49999999254942 ], 
            "faces": {
                "north": { "texture": "#0", "uv": [ 10.0, 0.0, 10.49999999254942, 3.0 ] },
                "east": { "texture": "#0", "uv": [ 0.0, 0.0, 0.4999999925494194, 3.0 ] },
                "south": { "texture": "#0", "uv": [ 0.0, 0.0, 0.4999999925494194, 3.0 ] },
                "west": { "texture": "#0", "uv": [ 0.0, 0.0, 0.4999999925494194, 3.0 ] },
                "up": { "texture": "#0", "uv": [ 0.0, 0.0, 0.4999999925494194, 0.4999999925494194 ] },
                "down": { "texture": "#0", "uv": [ 0.0, 0.0, 0.4999999925494194, 0.4999999925494194 ] }
            }
        },
        {
            "name": "e_e_s3",
            "from": [ 4.0, 6.0, 10.0 ], 
            "to": [ 4.499999992549419, 9.0, 11.0 ], 
            "faces": {
                "north": { "texture": "#0", "uv": [ 13.0, 0.0, 13.49999999254942, 3.0 ] },
                "east": { "texture": "#0", "uv": [ 9.0, 0.0, 10.0, 3.0 ] },
                "south": { "texture": "#0", "uv": [ 12.0, 0.0, 12.49999999254942, 3.0 ] },
                "west": { "texture": "#0", "uv": [ 9.0, 0.0, 10.0, 3.0 ] },
                "up": { "texture": "#0", "uv": [ 4.0, 13.0, 4.499999992549419, 14.0 ] },
                "down": { "texture": "#0", "uv": [ 2.0, 12.0, 2.4999999925494194, 13.0 ] }
            }
        },
        {
            "name": "e3",
            "from": [ 3.4999999925494194, 6.0, 6.0 ], 
            "to": [ 3.999999985098839, 9.0, 10.0 ], 
            "faces": {
                "north": { "texture": "#0", "uv": [ 8.0, 0.0, 8.49999999254942, 3.0 ] },
                "east": { "texture": "#0", "uv": [ 5.0, 0.0, 9.0, 3.0 ] },
                "south": { "texture": "#0", "uv": [ 7.0, 0.0, 7.499999992549419, 3.0 ] },
                "west": { "texture": "#0", "uv": [ 6.0, 0.0, 10.0, 3.0 ] },
                "up": { "texture": "#0", "uv": [ 8.0, 10.0, 8.49999999254942, 14.0 ] },
                "down": { "texture": "#0", "uv": [ 6.0, 9.0, 6.499999992549419, 13.0 ] }
            }
        },
        {
            "name": "e_e_n3",
            "from": [ 4.0, 6.0, 5.0 ], 
            "to": [ 4.499999992549419, 9.0, 6.0 ], 
            "faces": {
                "north": { "texture": "#0", "uv": [ 14.0, 0.0, 14.49999999254942, 3.0 ] },
                "east": { "texture": "#0", "uv": [ 10.0, 0.0, 11.0, 3.0 ] },
                "south": { "texture": "#0", "uv": [ 12.0, 0.0, 12.49999999254942, 3.0 ] },
                "west": { "texture": "#0", "uv": [ 14.0, 0.0, 15.0, 3.0 ] },
                "up": { "texture": "#0", "uv": [ 7.0, 11.0, 7.499999992549419, 12.0 ] },
                "down": { "texture": "#0", "uv": [ 2.0, 15.0, 2.4999999925494194, 16.0 ] }
            }
        },
        {
            "name": "e_n3",
            "from": [ 4.500000007450581, 6.0, 4.499999992549419 ], 
            "to": [ 5.0, 9.0, 4.999999985098839 ], 
            "faces": {
                "north": { "texture": "#0", "uv": [ 12.0, 0.0, 12.49999999254942, 3.0 ] },
                "east": { "texture": "#0", "uv": [ 14.0, 0.0, 14.49999999254942, 3.0 ] },
                "south": { "texture": "#0", "uv": [ 9.0, 0.0, 9.49999999254942, 3.0 ] },
                "west": { "texture": "#0", "uv": [ 12.0, 0.0, 12.49999999254942, 3.0 ] },
                "up": { "texture": "#0", "uv": [ 4.0, 10.0, 4.499999992549419, 10.49999999254942 ] },
                "down": { "texture": "#0", "uv": [ 3.0, 12.0, 3.4999999925494194, 12.49999999254942 ] }
            }
        },
        {
            "name": "n_n_e3",
            "from": [ 5.0, 6.0, 4.0 ], 
            "to": [ 6.0, 9.0, 4.499999992549419 ], 
            "faces": {
                "north": { "texture": "#0", "uv": [ 11.0, 0.0, 12.0, 3.0 ] },
                "east": { "texture": "#0", "uv": [ 7.0, 0.0, 7.499999992549419, 3.0 ] },
                "south": { "texture": "#0", "uv": [ 5.0, 0.0, 6.0, 3.0 ] },
                "west": { "texture": "#0", "uv": [ 6.0, 0.0, 6.499999992549419, 3.0 ] },
                "up": { "texture": "#0", "uv": [ 8.0, 14.0, 9.0, 14.49999999254942 ] },
                "down": { "texture": "#0", "uv": [ 7.0, 10.0, 8.0, 10.49999999254942 ] }
            }
        },
        {
            "name": "s_s_w3",
            "from": [ 10.0, 6.0, 11.49999999254942 ], 
            "to": [ 11.0, 9.0, 11.999999985098839 ], 
            "faces": {
                "north": { "texture": "#0", "uv": [ 3.0, 0.0, 4.0, 3.0 ] },
                "east": { "texture": "#0", "uv": [ 4.0, 0.0, 4.499999992549419, 3.0 ] },
                "south": { "texture": "#0", "uv": [ 4.0, 0.0, 5.0, 3.0 ] },
                "west": { "texture": "#0", "uv": [ 3.0, 0.0, 3.4999999925494194, 3.0 ] },
                "up": { "texture": "#0", "uv": [ 4.0, 10.0, 5.0, 10.49999999254942 ] },
                "down": { "texture": "#0", "uv": [ 4.0, 8.0, 5.0, 8.49999999254942 ] }
            }
        },
        {
            "name": "s_w3",
            "from": [ 11.0, 6.0, 11.0 ], 
            "to": [ 11.49999999254942, 9.0, 11.49999999254942 ], 
            "faces": {
                "north": { "texture": "#0", "uv": [ 10.0, 0.0, 10.49999999254942, 3.0 ] },
                "east": { "texture": "#0", "uv": [ 15.0, 0.0, 15.49999999254942, 3.0 ] },
                "south": { "texture": "#0", "uv": [ 13.0, 0.0, 13.49999999254942, 3.0 ] },
                "west": { "texture": "#0", "uv": [ 13.0, 0.0, 13.49999999254942, 3.0 ] },
                "up": { "texture": "#0", "uv": [ 11.0, 12.0, 11.49999999254942, 12.49999999254942 ] },
                "down": { "texture": "#0", "uv": [ 1.0, 8.0, 1.4999999925494194, 8.49999999254942 ] }
            }
        },
        {
            "name": "w_w_s3",
            "from": [ 11.50000000745058, 6.0, 10.0 ], 
            "to": [ 12.0, 9.0, 11.0 ], 
            "faces": {
                "north": { "texture": "#0", "uv": [ 6.0, 0.0, 6.499999992549419, 3.0 ] },
                "east": { "texture": "#0", "uv": [ 6.0, 0.0, 7.0, 3.0 ] },
                "south": { "texture": "#0", "uv": [ 6.0, 0.0, 6.499999992549419, 3.0 ] },
                "west": { "texture": "#0", "uv": [ 5.0, 0.0, 6.0, 3.0 ] },
                "up": { "texture": "#0", "uv": [ 4.0, 12.0, 4.499999992549419, 13.0 ] },
                "down": { "texture": "#0", "uv": [ 2.0, 10.0, 2.4999999925494194, 11.0 ] }
            }
        },
        {
            "name": "w3",
            "from": [ 12.0, 6.0, 6.0 ], 
            "to": [ 12.49999999254942, 9.0, 10.0 ], 
            "faces": {
                "north": { "texture": "#0", "uv": [ 6.0, 0.0, 6.499999992549419, 3.0 ] },
                "east": { "texture": "#0", "uv": [ 6.0, 0.0, 10.0, 3.0 ] },
                "south": { "texture": "#0", "uv": [ 5.0, 0.0, 5.499999992549419, 3.0 ] },
                "west": { "texture": "#0", "uv": [ 6.0, 0.0, 10.0, 3.0 ] },
                "up": { "texture": "#0", "uv": [ 7.0, 9.0, 7.499999992549419, 13.0 ] },
                "down": { "texture": "#0", "uv": [ 9.0, 11.0, 9.49999999254942, 15.0 ] }
            }
        },
        {
            "name": "w_w_n3",
            "from": [ 11.49999999254942, 6.0, 5.0 ], 
            "to": [ 11.999999985098839, 9.0, 6.0 ], 
            "faces": {
                "north": { "texture": "#0", "uv": [ 12.0, 0.0, 12.49999999254942, 3.0 ] },
                "east": { "texture": "#0", "uv": [ 13.0, 0.0, 14.0, 3.0 ] },
                "south": { "texture": "#0", "uv": [ 11.0, 0.0, 11.49999999254942, 3.0 ] },
                "west": { "texture": "#0", "uv": [ 10.0, 0.0, 11.0, 3.0 ] },
                "up": { "texture": "#0", "uv": [ 5.0, 15.0, 5.499999992549419, 16.0 ] },
                "down": { "texture": "#0", "uv": [ 3.0, 7.0, 3.4999999925494194, 8.0 ] }
            }
        },
        {
            "name": "w_n3",
            "from": [ 11.0, 6.0, 4.499999992549419 ], 
            "to": [ 11.49999999254942, 9.0, 4.999999985098839 ], 
            "faces": {
                "north": { "texture": "#0", "uv": [ 7.0, 0.0, 7.499999992549419, 3.0 ] },
                "east": { "texture": "#0", "uv": [ 4.0, 0.0, 4.499999992549419, 3.0 ] },
                "south": { "texture": "#0", "uv": [ 10.0, 0.0, 10.49999999254942, 3.0 ] },
                "west": { "texture": "#0", "uv": [ 2.0, 0.0, 2.4999999925494194, 3.0 ] },
                "up": { "texture": "#0", "uv": [ 6.0, 9.0, 6.499999992549419, 9.49999999254942 ] },
                "down": { "texture": "#0", "uv": [ 2.0, 12.0, 2.4999999925494194, 12.49999999254942 ] }
            }
        },
        {
            "name": "n_n_w3",
            "from": [ 10.0, 6.0, 4.0 ], 
            "to": [ 11.0, 9.0, 4.499999992549419 ], 
            "faces": {
                "north": { "texture": "#0", "uv": [ 3.0, 0.0, 4.0, 3.0 ] },
                "east": { "texture": "#0", "uv": [ 4.0, 0.0, 4.499999992549419, 3.0 ] },
                "south": { "texture": "#0", "uv": [ 3.0, 0.0, 4.0, 3.0 ] },
                "west": { "texture": "#0", "uv": [ 2.0, 0.0, 2.4999999925494194, 3.0 ] },
                "up": { "texture": "#0", "uv": [ 2.0, 10.0, 3.0, 10.49999999254942 ] },
                "down": { "texture": "#0", "uv": [ 4.0, 10.0, 5.0, 10.49999999254942 ] }
            }
        },
        {
            "name": "n3",
            "from": [ 6.0, 6.0, 3.5000000074505806 ], 
            "to": [ 10.0, 9.0, 4.0 ], 
            "faces": {
                "north": { "texture": "#0", "uv": [ 6.0, 0.0, 10.0, 3.0 ] },
                "east": { "texture": "#0", "uv": [ 7.0, 0.0, 7.499999992549419, 3.0 ] },
                "south": { "texture": "#0", "uv": [ 5.0, 0.0, 9.0, 3.0 ] },
                "west": { "texture": "#0", "uv": [ 4.0, 0.0, 4.499999992549419, 3.0 ] },
                "up": { "texture": "#0", "uv": [ 7.0, 13.0, 11.0, 13.49999999254942 ] },
                "down": { "texture": "#0", "uv": [ 3.0, 11.0, 7.0, 11.49999999254942 ] }
            }
        },
        {
            "name": "cube",
            "from": [ 3.4999999925494194, 9.0, 5.999999985098839 ], 
            "to": [ 3.999999985098839, 10.0, 7.499999992549419 ], 
            "faces": {
                "north": { "texture": "#0", "uv": [ 8.0, 12.0, 8.49999999254942, 13.0 ] },
                "east": { "texture": "#0", "uv": [ 11.0, 15.0, 12.50000000745058, 16.0 ] },
                "south": { "texture": "#0", "uv": [ 5.0, 15.0, 5.499999992549419, 16.0 ] },
                "west": { "texture": "#0", "uv": [ 4.0, 10.0, 5.500000007450581, 11.0 ] },
                "up": { "texture": "#0", "uv": [ 11.0, 15.0, 11.49999999254942, 16.50000000745058 ] },
                "down": { "texture": "#0", "uv": [ 8.0, 14.0, 8.49999999254942, 15.50000000745058 ] }
            }
        },
        {
            "name": "cube",
            "from": [ 3.4999999925494194, 9.0, 8.49999999254942 ], 
            "to": [ 3.999999985098839, 10.0, 10.0 ], 
            "faces": {
                "north": { "texture": "#0", "uv": [ 8.0, 13.0, 8.49999999254942, 14.0 ] },
                "east": { "texture": "#0", "uv": [ 2.0, 14.0, 3.5000000074505806, 15.0 ] },
                "south": { "texture": "#0", "uv": [ 14.0, 15.0, 14.49999999254942, 16.0 ] },
                "west": { "texture": "#0", "uv": [ 7.0, 15.0, 8.50000000745058, 16.0 ] },
                "up": { "texture": "#0", "uv": [ 11.0, 11.0, 11.49999999254942, 12.50000000745058 ] },
                "down": { "texture": "#0", "uv": [ 8.0, 13.0, 8.49999999254942, 14.50000000745058 ] }
            }
        },
        {
            "name": "cube",
            "from": [ 3.4999999925494194, 9.999999985098839, 7.0 ], 
            "to": [ 3.999999985098839, 10.499999977648258, 9.000000014901161 ], 
            "faces": {
                "north": { "texture": "#0", "uv": [ 5.0, 11.0, 5.499999992549419, 11.49999999254942 ] },
                "east": { "texture": "#0", "uv": [ 2.0, 12.0, 4.000000014901161, 12.49999999254942 ] },
                "south": { "texture": "#0", "uv": [ 4.0, 10.0, 4.499999992549419, 10.49999999254942 ] },
                "west": { "texture": "#0", "uv": [ 11.0, 13.0, 13.000000014901161, 13.49999999254942 ] },
                "up": { "texture": "#0", "uv": [ 12.0, 13.0, 12.49999999254942, 15.000000014901161 ] },
                "down": { "texture": "#0", "uv": [ 7.0, 12.0, 7.499999992549419, 14.000000014901161 ] }
            }
        },
        {
            "name": "cube",
            "from": [ 4.0, 8.999999985098839, 5.499999992549419 ], 
            "to": [ 4.499999992549419, 9.499999977648258, 5.999999985098839 ], 
            "faces": {
                "north": { "texture": "#0", "uv": [ 8.0, 12.0, 8.49999999254942, 12.49999999254942 ] },
                "east": { "texture": "#0", "uv": [ 6.0, 7.0, 6.499999992549419, 7.499999992549419 ] },
                "south": { "texture": "#0", "uv": [ 10.0, 13.0, 10.49999999254942, 13.49999999254942 ] },
                "west": { "texture": "#0", "uv": [ 12.0, 15.0, 12.49999999254942, 15.49999999254942 ] },
                "up": { "texture": "#0", "uv": [ 5.0, 14.0, 5.499999992549419, 14.49999999254942 ] },
                "down": { "texture": "#0", "uv": [ 9.0, 14.0, 9.49999999254942, 14.49999999254942 ] }
            }
        },
        {
            "name": "cube",
            "from": [ 4.0, 9.0, 10.0 ], 
            "to": [ 4.499999992549419, 9.49999999254942, 10.49999999254942 ], 
            "faces": {
                "north": { "texture": "#0", "uv": [ 8.0, 12.0, 8.49999999254942, 12.49999999254942 ] },
                "east": { "texture": "#0", "uv": [ 4.0, 11.0, 4.499999992549419, 11.49999999254942 ] },
                "south": { "texture": "#0", "uv": [ 5.0, 11.0, 5.499999992549419, 11.49999999254942 ] },
                "west": { "texture": "#0", "uv": [ 5.0, 14.0, 5.499999992549419, 14.49999999254942 ] },
                "up": { "texture": "#0", "uv": [ 2.0, 10.0, 2.4999999925494194, 10.49999999254942 ] },
                "down": { "texture": "#0", "uv": [ 4.0, 13.0, 4.499999992549419, 13.49999999254942 ] }
            }
        },
        {
            "name": "cube",
            "from": [ 12.0, 9.0, 6.0 ], 
            "to": [ 12.49999999254942, 10.0, 7.500000007450581 ], 
            "faces": {
                "north": { "texture": "#0", "uv": [ 6.0, 13.0, 6.499999992549419, 14.0 ] },
                "east": { "texture": "#0", "uv": [ 5.0, 15.0, 6.500000007450581, 16.0 ] },
                "south": { "texture": "#0", "uv": [ 5.0, 15.0, 5.499999992549419, 16.0 ] },
                "west": { "texture": "#0", "uv": [ 11.0, 15.0, 12.50000000745058, 16.0 ] },
                "up": { "texture": "#0", "uv": [ 5.0, 12.0, 5.499999992549419, 13.50000000745058 ] },
                "down": { "texture": "#0", "uv": [ 10.0, 14.0, 10.49999999254942, 15.50000000745058 ] }
            }
        },
        {
            "name": "cube",
            "from": [ 12.0, 9.0, 8.49999999254942 ], 
            "to": [ 12.49999999254942, 10.0, 10.0 ], 
            "faces": {
                "north": { "texture": "#0", "uv": [ 14.0, 12.0, 14.49999999254942, 13.0 ] },
                "east": { "texture": "#0", "uv": [ 13.0, 10.0, 14.50000000745058, 11.0 ] },
                "south": { "texture": "#0", "uv": [ 3.0, 0.0, 3.4999999925494194, 1.0 ] },
                "west": { "texture": "#0", "uv": [ 6.0, 10.0, 7.500000007450581, 11.0 ] },
                "up": { "texture": "#0", "uv": [ 9.0, 14.0, 9.49999999254942, 15.50000000745058 ] },
                "down": { "texture": "#0", "uv": [ 0.0, 11.0, 0.4999999925494194, 12.50000000745058 ] }
            }
        },
        {
            "name": "cube",
            "from": [ 12.0, 10.0, 7.0 ], 
            "to": [ 12.49999999254942, 10.49999999254942, 9.0 ], 
            "faces": {
                "north": { "texture": "#0", "uv": [ 4.0, 14.0, 4.499999992549419, 14.49999999254942 ] },
                "east": { "texture": "#0", "uv": [ 8.0, 15.0, 10.0, 15.49999999254942 ] },
                "south": { "texture": "#0", "uv": [ 4.0, 13.0, 4.499999992549419, 13.49999999254942 ] },
                "west": { "texture": "#0", "uv": [ 2.0, 14.0, 4.0, 14.49999999254942 ] },
                "up": { "texture": "#0", "uv": [ 10.0, 14.0, 10.49999999254942, 16.0 ] },
                "down": { "texture": "#0", "uv": [ 12.0, 13.0, 12.49999999254942, 15.0 ] }
            }
        },
        {
            "name": "cube",
            "from": [ 11.50000000745058, 9.0, 5.500000007450581 ], 
            "to": [ 12.0, 9.49999999254942, 6.0 ], 
            "faces": {
                "north": { "texture": "#0", "uv": [ 7.0, 11.0, 7.499999992549419, 11.49999999254942 ] },
                "east": { "texture": "#0", "uv": [ 8.0, 15.0, 8.49999999254942, 15.49999999254942 ] },
                "south": { "texture": "#0", "uv": [ 6.0, 13.0, 6.499999992549419, 13.49999999254942 ] },
                "west": { "texture": "#0", "uv": [ 8.0, 14.0, 8.49999999254942, 14.49999999254942 ] },
                "up": { "texture": "#0", "uv": [ 5.0, 11.0, 5.499999992549419, 11.49999999254942 ] },
                "down": { "texture": "#0", "uv": [ 7.0, 8.0, 7.499999992549419, 8.49999999254942 ] }
            }
        },
        {
            "name": "cube",
            "from": [ 11.50000000745058, 9.0, 10.0 ], 
            "to": [ 12.0, 9.49999999254942, 10.49999999254942 ], 
            "faces": {
                "north": { "texture": "#0", "uv": [ 4.0, 12.0, 4.499999992549419, 12.49999999254942 ] },
                "east": { "texture": "#0", "uv": [ 5.0, 13.0, 5.499999992549419, 13.49999999254942 ] },
                "south": { "texture": "#0", "uv": [ 3.0, 7.0, 3.4999999925494194, 7.499999992549419 ] },
                "west": { "texture": "#0", "uv": [ 6.0, 11.0, 6.499999992549419, 11.49999999254942 ] },
                "up": { "texture": "#0", "uv": [ 3.0, 9.0, 3.4999999925494194, 9.49999999254942 ] },
                "down": { "texture": "#0", "uv": [ 5.0, 9.0, 5.499999992549419, 9.49999999254942 ] }
            }
        }
    ]
}
