{
    "forge_marker": 1,
    "defaults": {
		"model":"drpmedieval:honey_centrifuge/honey_centrifuge_bottom",
        "textures": {
			"barrel": "drpmedieval:blocks/barrels/%wood%_barrel_side",
			"table": "drpcmmaarg:blocks/clean_planks/clean_planks_%wood%",
			"particle": "drpmedieval:blocks/barrels/%wood%_barrel_side"
        },
        "transform": "forge:default-block"
    },
	"variants": {
		"inventory":[{}],
		"facing":{
			"north":{},
			"east":{"y":90},
			"south":{"y":180},
			"west":{"y":270}
		},
		"static": {
            "true": {},
            "false": {
                "model":"drpmedieval:honey_centrifuge/honey_centrifuge_handle",
                "y":0
            }
        },
		"top": {
			"true":{
				"model":"drpmedieval:honey_centrifuge/honey_centrifuge_top"
			},
			"false":{
				"model":"drpmedieval:honey_centrifuge/honey_centrifuge_bottom"
			}
		}
	}
}