{
    "forge_marker": 1,
    "defaults": {
        "textures": {
			"Wood": "drpmedieval:blocks/lecterns/%wood%_plank",
			"BookCover": "drpmedieval:blocks/lecterns/book_cover",
			"BookPaper": "drpmedieval:blocks/lecterns/book_paper"
        },
        "transform": "forge:default-block"
    },
	"variants": {
		"inventory":[{"model":"drpmedieval:wood_blocks/large_lectern_book"}],
		"facing":{
			"north":{},
			"east":{"y":90},
			"south":{"y":180},
			"west":{"y":270}
		},
		"top":{
			"false": {"model":"drpmedieval:wood_blocks/large_lectern_bottom"},
			"true" : {"model":"drpmedieval:wood_blocks/large_lectern_top"}
		},
		"book":{
			"false": {},
			"true":  {"model":"drpmedieval:wood_blocks/large_lectern_book"}
		}
	}
}