{
	"type":"wood",
	"outputs":[
		"drpmedieval:textures/blocks/log_bench/%wood%_log_bench_bark",
		"drpmedieval:textures/blocks/log_bench/%wood%_log_bench_side",
		"drpmedieval:textures/blocks/log_bench/%wood%_log_bench_top"
	],
	"required_textures":[
		"drpmedieval:arg/textures/masks/log_bench_side.png",
		"drpmedieval:arg/textures/masks/log_bench_top.png"
	],
	"textures":[
		{
			"base":"log_side",
			"manipulations":[
				{
					"type":"rotate",
					"angle":90
				}
			],
			"output":"drpmedieval:textures/blocks/log_bench/%wood%_log_bench_bark"
		},
		{
			"base":"log_side",
			"manipulations":[
				{
					"type":"mask",
					"texture":0
				}
			],
			"cache":"log_bench_%wood%_overlay"
		},{
			"base":"log_side",
			"manipulations":[
				{
					"type":"rotate",
					"angle":90
				},
				{
					"type":"mask",
					"texture":1
				}
			],
			"cache":"log_bench_%wood%_overlay_2"
		},
		{
			"base":"log_top",
			"manipulations":[
				{
					"type":"overlay",
					"cached_texture":"log_bench_%wood%_overlay"
				}
			],
			"output":"drpmedieval:textures/blocks/log_bench/%wood%_log_bench_side"
		},
		{
			"base":"clean_planks",
			"manipulations":[
				{
					"type":"overlay",
					"cached_texture":"log_bench_%wood%_overlay_2"
				}
			],
			"output":"drpmedieval:textures/blocks/log_bench/%wood%_log_bench_top"
		}
	]
}