{
	"__comment": "Designed by Lukas",
	"textures": {
		"texture": "drpcmmaarg:blocks/clean_planks/clean_planks_%wood%"
	},
	"elements": [ 	 
		{
			"__comment": "Box1",
			"from": [ 2.5, 0, 0 ],
			"to": [ 6.5, 4, 16 ],
			"faces": {
				"down": { "uv": [ 2.5, 0, 6.5, 16 ], "texture": "#texture" },
				"up": { "uv": [ 2.5, 0, 6.5, 16 ], "texture": "#texture" },
				"north": { "uv": [ 9.5, 12, 13.5, 16 ], "texture": "#texture" },
				"south": { "uv": [ 2.5, 12, 6.5, 16 ], "texture": "#texture" },
				"west": { "uv": [ 0, 12, 16, 16 ], "texture": "#texture" },
				"east": { "uv": [ 0, 12, 16, 16 ], "texture": "#texture" }
			}
		},
		{
			"__comment": "Box2",
			"from": [ 8, 0, 0 ],
			"to": [ 12, 4, 16 ],
			"rotation": { "origin": [ 8, 0, 0 ], "axis": "y", "angle": 0 },
			"faces": {
				"down": { "uv": [ 8, 0, 12, 16 ], "texture": "#texture" },
				"up": { "uv": [ 8, 0, 12, 16 ], "texture": "#texture" },
				"north": { "uv": [ 4, 12, 8, 16 ], "texture": "#texture" },
				"south": { "uv": [ 8, 12, 12, 16 ], "texture": "#texture" },
				"west": { "uv": [ 0, 12, 16, 16 ], "texture": "#texture" },
				"east": { "uv": [ 0, 12, 16, 16 ], "texture": "#texture" }
			}
		},
		{
			"__comment": "Box3",
			"from": [ 2, 4, 1.5 ],
			"to": [ 6, 8, 17.5 ],
			"rotation": { "origin": [ 2, 4, 1.5 ], "axis": "y", "angle": 22.5 },
			"faces": {
				"down": { "uv": [ 6, 0, 10, 16 ], "texture": "#texture" },
				"up": { "uv": [ 6, 0, 10, 16 ], "texture": "#texture" },
				"north": { "uv": [ 6, 8, 10, 12 ], "texture": "#texture" },
				"south": { "uv": [ 6, 8, 10, 12 ], "texture": "#texture" },
				"west": { "uv": [ 0, 8, 16, 12 ], "texture": "#texture" },
				"east": { "uv": [ 0, 8, 16, 12 ], "texture": "#texture" }
			}
		}
	],
	"display": {
		"thirdperson_righthand": {
			"rotation":  [ 5, 0, 0 ],
			"translation":  [ 0, 3, 0 ],
			"scale":  [ 0.5, 0.5, 0.5 ]
		},
		"thirdperson_lefthand": {
			"rotation":  [ 5, 0, 0 ],
			"translation":  [ 0, 3, 0 ],
			"scale":  [ 0.5, 0.5, 0.5 ]
		},
		"firstperson_righthand": {
			"translation":  [ 1.13, 3.2, 1.13 ],
			"scale":  [ 0.68, 0.68, 0.68 ]
		},
		"firstperson_lefthand": {
			"translation":  [ 1.13, 3.2, 1.13 ],
			"scale":  [ 0.68, 0.68, 0.68 ]
		},
		"gui": {
			"rotation":  [ 30, 225, 0 ],
			"translation":  [ -0.25, 3, 0 ],
			"scale":  [ 0.75, 0.75, 0.75 ]
		},
		"head": {
			"translation":  [ 0, 15, 0 ]
		},
		"ground": {
			"translation":  [ 0, 2, 0 ],
			"scale":  [ 0.5, 0.5, 0.5 ]
		},
		"fixed": {
			"rotation":  [ 0, 90, 0 ]
		}
	}
}