{
    "forge_marker": 1,
    "defaults": {
        "textures": {
			"end": "drpmedieval:blocks/stones/granite_pillar_top",
			"Wood": "drpmedieval:blocks/lecterns/clean_plank_spruce",
			"BookCover": "drpmedieval:blocks/lecterns/book_cover",
			"BookPaper": "drpmedieval:blocks/lecterns/book_paper"
        },
        "transform": "forge:default-block"
    },
	"variants": {
		"inventory":[{"model":"drpmedieval:lecterns/large_lectern_book"}],
		"facing":{
			"north":{},
			"east":{"y":90},
			"south":{"y":180},
			"west":{"y":270}
		},
		"top":{
			false: {"model":"drpmedieval:lecterns/large_lectern_bottom"},
			true : {"model":"drpmedieval:lecterns/large_lectern_top"}
		},
		"book":{
			false: {},
			true:  {"model":"drpmedieval:lecterns/large_lectern_book"}
		}
	}
}