{
    "forge_marker": 1,
    "defaults": {
		"model": "drpmedieval:barrels/sideway_barrel",
        "textures":{
			"side": "drpmedieval:blocks/barrels/barrel_side_jungle",
			"ends": "drpmedieval:blocks/barrels/barrel_top_jungle",
			"texture": "drpmedieval:blocks/barrels/metal"
		},
        "transform": "forge:default-block"
    },
	"variants": {
		"tap":{
			"true":{
				"model": "drpmedieval:barrels/sideway_barrel_tap"
			},"false":{
			
			}
		},
		"facing":{
			"north":{},
			"east":{"y":90},
			"south":{"y":180},
			"west":{"y":270}
		},
		"inventory":[{}]
	}
}