{
	"type":"wood",
	"keys":[
		{
			"key":"tile.drpmedieval.%wood%_empty_barrel.name",
			"en_us":"Empty %wood% Barrel"
		},{
			"key":"tile.drpmedieval.%wood%_gunpowder_barrel.name",
			"en_us":"Gunpowder filled %wood% Barrel"
		},{
			"key":"tile.drpmedieval.%wood%_closed_barrel.name",
			"en_us":"Closed %wood% Barrel"
		},{
			"key":"tile.drpmedieval.laying_%wood%_barrel.name",
			"en_us":"Laying %wood% Barrel"
		},{
			"key":"tile.drpmedieval.%wood%_fluid_barrel.name",
			"en_us":"%wood% Fluid Barrel"
		}
	]
}