{
	"type":"wood",
	"keys":[
		{
			"key":"tile.drpmedieval.%wood%_window_dense_diamond.name",
			"en_us":"Dense Diamond %wood% Window"
		},{
			"key":"tile.drpmedieval.%wood%_window_dense_vertical.name",
			"en_us":"Dense Vertical %wood% Window"
		},{
			"key":"tile.drpmedieval.%wood%_window_cross.name",
			"en_us":"Cross %wood% Window"
		},{
			"key":"tile.drpmedieval.%wood%_window_grid.name",
			"en_us":"Grid %wood% Window"
		},{
			"key":"tile.drpmedieval.%wood%_window_vertical.name",
			"en_us":"Vertical %wood% Window"
		}
	]
}