{
	"__comment": "Designed by JTK222",
	"textures": {
		"0": "drpmedieval:blocks/carpenter/workbench/log_cutted2",
		"1": "drpmedieval:blocks/carpenter/workbench/log_oak",
		"2": "drpmedieval:blocks/carpenter/workbench/log_lat",
		"3": "drpmedieval:blocks/carpenter/workbench/log_cutted3",
		"particle": "drpmedieval:blocks/carpenter/workbench/log_cutted2"
	},
	"elements": [ 	 
		{
			"from": [ 21.5, 15, 12 ],
			"to": [ 24, 16, 12.5 ],
			"faces": {
				"down": { "uv": [ 8, 6, 10.5, 6.5 ], "texture": "#0" },
				"up": { "uv": [ 6, 3, 6.5, 5.5 ], "texture": "#0", "rotation": 90 },
				"north": { "uv": [ 4, 0, 6.5, 1 ], "texture": "#1" },
				"south": { "uv": [ 4, 0, 6.5, 1 ], "texture": "#1" },
				"west": { "uv": [ 10, 0, 10.5, 1 ], "texture": "#0" },
				"east": { "uv": [ 8, 0, 8.5, 1 ], "texture": "#1" }
			}
		},
		{
			"from": [ 21.5, 0, 8 ],
			"to": [ 24, 16, 12 ],
			"faces": {
				"down": { "uv": [ 8, 6, 10.5, 10 ], "texture": "#0" },
				"up": { "uv": [ 6, 3, 10, 5.5 ], "texture": "#0", "rotation": 90 },
				"north": { "uv": [ 4, 0, 6.5, 16 ], "texture": "#1" },
				"south": { "uv": [ 4, 0, 6.5, 16 ], "texture": "#1" },
				"west": { "uv": [ 10, 0, 14, 16 ], "texture": "#0" },
				"east": { "uv": [ 12, 0, 16, 16 ], "texture": "#1" }
			}
		},
		{
			"from": [ 17, 0, 2 ],
			"to": [ 21, 10, 14 ],
			"faces": {
				"down": { "uv": [ 9, 14, 13, 2 ], "texture": "#0" },
				"up": { "uv": [ 4, 12, 8, 0 ], "texture": "#missing" },
				"north": { "uv": [ 8, 0, 4, 10 ], "texture": "#1" },
				"south": { "uv": [ 8, 0, 4, 10 ], "texture": "#1" },
				"west": { "uv": [ 14, 3, 2, 13 ], "texture": "#0", "rotation": 90 },
				"east": { "uv": [ 16, 0, 4, 10 ], "texture": "#missing" }
			}
		},
		{
			"from": [ 22, 0, 4 ],
			"to": [ 24, 15, 8 ],
			"faces": {
				"down": { "uv": [ 8, 6, 10, 2 ], "texture": "#0" },
				"up": { "uv": [ 6, 3, 10, 1 ], "texture": "#0", "rotation": 90 },
				"north": { "uv": [ 4, 0, 2, 15 ], "texture": "#1" },
				"south": { "uv": [ 4, 0, 2, 15 ], "texture": "#1" },
				"west": { "uv": [ 10, 0, 6, 15 ], "texture": "#0" },
				"east": { "uv": [ 15, 0, 11, 15 ], "texture": "#1" }
			}
		},
		{
			"from": [ 21, 0, 6 ],
			"to": [ 22, 14, 8 ],
			"faces": {
				"down": { "uv": [ 7, 4, 8, 2 ], "texture": "#0" },
				"up": { "uv": [ 5, 4, 7, 3 ], "texture": "#0", "rotation": 90 },
				"north": { "uv": [ 2, 0, 1, 14 ], "texture": "#1" },
				"south": { "uv": [ 2, 0, 1, 14 ], "texture": "#1" },
				"west": { "uv": [ 9, 0, 7, 14 ], "texture": "#0" },
				"east": { "uv": [ 4, 0, 2, 14 ], "texture": "#1" }
			}
		},
		{
			"from": [ 22, 0, 2.75 ],
			"to": [ 24, 13, 4 ],
			"faces": {
				"down": { "uv": [ 8, 4, 10, 5.25 ], "texture": "#0" },
				"up": { "uv": [ 4, 3, 5.25, 5 ], "texture": "#0", "rotation": 90 },
				"north": { "uv": [ 4, 0, 6, 13 ], "texture": "#1" },
				"south": { "uv": [ 4, 0, 6, 13 ], "texture": "#1" },
				"west": { "uv": [ 6, 0, 7.25, 13 ], "texture": "#0" },
				"east": { "uv": [ 3, 0, 4.25, 13 ], "texture": "#1" }
			}
		},
		{
			"from": [ 21, 0, 12 ],
			"to": [ 24, 15, 14 ],
			"faces": {
				"down": { "uv": [ 9, 4, 12, 2 ], "texture": "#0" },
				"up": { "uv": [ 4, 4, 6, 1 ], "texture": "#0", "rotation": 90 },
				"north": { "uv": [ 6, 0, 3, 15 ], "texture": "#1" },
				"south": { "uv": [ 6, 0, 3, 15 ], "texture": "#1" },
				"west": { "uv": [ 6, 0, 4, 15 ], "texture": "#0" },
				"east": { "uv": [ 7, 0, 5, 15 ], "texture": "#1" }
			}
		},
		{
			"from": [ 21, 0, 10 ],
			"to": [ 22, 15.5, 12 ],
			"faces": {
				"down": { "uv": [ 7, 4, 8, 2 ], "texture": "#0" },
				"up": { "uv": [ 4, 2, 6, 1 ], "texture": "#0", "rotation": 90 },
				"north": { "uv": [ 2, 0, 1, 15.5 ], "texture": "#1" },
				"south": { "uv": [ 2, 0, 1, 15.5 ], "texture": "#1" },
				"west": { "uv": [ 6, 0, 4, 15.5 ], "texture": "#0" },
				"east": { "uv": [ 4, 0, 2, 15.5 ], "texture": "#1" }
			}
		},
		{
			"from": [ 21, 0, 7.75 ],
			"to": [ 22, 14.75, 10 ],
			"faces": {
				"down": { "uv": [ 7, 4, 8, 6.25 ], "texture": "#0" },
				"up": { "uv": [ 4, 2, 6.25, 3 ], "texture": "#0", "rotation": 90 },
				"north": { "uv": [ 2, 0, 3, 14.75 ], "texture": "#1" },
				"south": { "uv": [ 2, 0, 3, 14.75 ], "texture": "#1" },
				"west": { "uv": [ 6, 0, 8.25, 14.75 ], "texture": "#0" },
				"east": { "uv": [ 4, 0, 6.25, 14.75 ], "texture": "#1" }
			}
		},
		{
			"from": [ 21, 0, 2 ],
			"to": [ 23, 14.5, 6 ],
			"faces": {
				"down": { "uv": [ 7, 6, 9, 10 ], "texture": "#0" },
				"up": { "uv": [ 6, 2, 10, 4 ], "texture": "#0", "rotation": 90 },
				"north": { "uv": [ 2, 0, 4, 14.5 ], "texture": "#1" },
				"south": { "uv": [ 2, 0, 4, 14.5 ], "texture": "#1" },
				"west": { "uv": [ 7, 0, 11, 14.5 ], "texture": "#0" },
				"east": { "uv": [ 8, 0, 12, 14.5 ], "texture": "#1" }
			}
		},
		{
			"from": [ 23, 0, 2 ],
			"to": [ 24, 13, 2.75 ],
			"faces": {
				"down": { "uv": [ 8, 4, 9, 4.75 ], "texture": "#0" },
				"up": { "uv": [ 4, 3, 4.75, 4 ], "texture": "#0", "rotation": 90 },
				"north": { "uv": [ 4, 0, 5, 13 ], "texture": "#1" },
				"south": { "uv": [ 4, 0, 5, 13 ], "texture": "#1" },
				"west": { "uv": [ 6, 0, 6.75, 13 ], "texture": "#0" },
				"east": { "uv": [ 4, 0, 4.75, 13 ], "texture": "#1" }
			}
		},
		{
			"from": [ 8, 10, 0 ],
			"to": [ 21, 13.7, 16 ],
			"faces": {
				"down": { "uv": [ 12.5, 16, 0, 0 ], "texture": "#2" },
				"up": { "uv": [ 2, 0, 15, 16 ], "texture": "#3" },
				"north": { "uv": [ 0, 0, 13, 3.7 ], "texture": "#2" },
				"south": { "uv": [ 0, 0, 13, 3.7 ], "texture": "#2" },
				"west": { "uv": [ 0, 0, 16, 3.7 ], "texture": "#1" },
				"east": { "uv": [ 0, 2, 15, 5.7 ], "texture": "#0" }
			}
		},
		{
			"from": [ -6, 0, 2 ],
			"to": [ -5, 15, 3.55 ],
			"faces": {
				"down": { "uv": [ 3, 5, 4, 6.55 ], "texture": "#0" },
				"up": { "uv": [ 2, 3, 3, 4.55 ], "texture": "#0", "rotation": 90 },
				"north": { "uv": [ 1, 0, 2, 15 ], "texture": "#1" },
				"south": { "uv": [ 0, 0, 1, 15 ], "texture": "#1" },
				"west": { "uv": [ 0, 0, 1.55, 15 ], "texture": "#1" },
				"east": { "uv": [ 0, 0, 1.55, 15 ], "texture": "#0" }
			}
		},
		{
			"from": [ -8, 0, 4 ],
			"to": [ -6, 16, 8 ],
			"faces": {
				"down": { "uv": [ 6, 2, 8, 6 ], "texture": "#0" },
				"up": { "uv": [ 2, 1, 6, 3 ], "texture": "#0", "rotation": 90 },
				"north": { "uv": [ 0, 0, 2, 16 ], "texture": "#1" },
				"south": { "uv": [ 0, 0, 2, 16 ], "texture": "#1" },
				"west": { "uv": [ 0, 0, 4, 16 ], "texture": "#1" },
				"east": { "uv": [ 2, 0, 6, 16 ], "texture": "#0" }
			}
		},
		{
			"from": [ -5, 0, 2 ],
			"to": [ -1, 10, 14 ],
			"faces": {
				"down": { "uv": [ 6, 2, 9, 14 ], "texture": "#0" },
				"up": { "uv": [ 0, 0, 4, 12 ], "texture": "#missing" },
				"north": { "uv": [ 0, 0, 4, 10 ], "texture": "#1" },
				"south": { "uv": [ 0, 0, 4, 10 ], "texture": "#1" },
				"west": { "uv": [ 0, 0, 12, 10 ], "texture": "#missing" },
				"east": { "uv": [ 2, 3, 14, 13 ], "texture": "#0", "rotation": 270 }
			}
		},
		{
			"from": [ -5, 10, 0 ],
			"to": [ 8, 13.7, 16 ],
			"faces": {
				"down": { "uv": [ 12.5, 0, 0, 16 ], "texture": "#2" },
				"up": { "uv": [ 0, 0, 13, 16 ], "texture": "#0" },
				"north": { "uv": [ 0, 0, 13, 3.7 ], "texture": "#2" },
				"south": { "uv": [ 0, 0, 13, 3.7 ], "texture": "#2" },
				"west": { "uv": [ 0, 2, 15, 5.7 ], "texture": "#0" },
				"east": { "uv": [ 0, 0, 16, 3.7 ], "texture": "#1" }
			}
		},
		{
			"from": [ -8, 0, 8 ],
			"to": [ -5.5, 15, 12 ],
			"faces": {
				"down": { "uv": [ 6, 2, 8.5, 6 ], "texture": "#0" },
				"up": { "uv": [ 2, 1, 6, 3.5 ], "texture": "#0", "rotation": 90 },
				"north": { "uv": [ 0, 0, 2.5, 15 ], "texture": "#1" },
				"south": { "uv": [ 0, 0, 2.5, 15 ], "texture": "#1" },
				"west": { "uv": [ 4, 0, 8, 15 ], "texture": "#1" },
				"east": { "uv": [ 2, 0, 6, 15 ], "texture": "#0" }
			}
		},
		{
			"from": [ -6, 0, 8 ],
			"to": [ -5, 14, 10 ],
			"faces": {
				"down": { "uv": [ 6, 2, 7, 4 ], "texture": "#0" },
				"up": { "uv": [ 2, 1, 4, 2 ], "texture": "#0", "rotation": 90 },
				"north": { "uv": [ 0, 0, 1, 14 ], "texture": "#1" },
				"south": { "uv": [ 0, 0, 1, 14 ], "texture": "#1" },
				"west": { "uv": [ 0, 0, 2, 14 ], "texture": "#1" },
				"east": { "uv": [ 2, 0, 4, 14 ], "texture": "#0" }
			}
		},
		{
			"from": [ -8, 0, 12 ],
			"to": [ -6, 13, 14 ],
			"faces": {
				"down": { "uv": [ 6, 2, 8, 4 ], "texture": "#0" },
				"up": { "uv": [ 2, 1, 4, 3 ], "texture": "#0", "rotation": 90 },
				"north": { "uv": [ 0, 0, 2, 13 ], "texture": "#1" },
				"south": { "uv": [ 0, 0, 2, 13 ], "texture": "#1" },
				"west": { "uv": [ 0, 0, 2, 13 ], "texture": "#1" },
				"east": { "uv": [ 2, 0, 4, 13 ], "texture": "#0" }
			}
		},
		{
			"from": [ -8, 0, 2 ],
			"to": [ -6, 15, 4 ],
			"faces": {
				"down": { "uv": [ 6, 2, 9, 4 ], "texture": "#0" },
				"up": { "uv": [ 2, 1, 4, 4 ], "texture": "#0", "rotation": 90 },
				"north": { "uv": [ 0, 0, 3, 15 ], "texture": "#1" },
				"south": { "uv": [ 0, 0, 3, 15 ], "texture": "#1" },
				"west": { "uv": [ 0, 0, 2, 15 ], "texture": "#1" },
				"east": { "uv": [ 2, 0, 4, 15 ], "texture": "#0" }
			}
		},
		{
			"from": [ -6, 0, 3.5 ],
			"to": [ -5, 15.5, 6 ],
			"faces": {
				"down": { "uv": [ 6, 2, 7, 4.5 ], "texture": "#0" },
				"up": { "uv": [ 2, 1, 4.5, 2 ], "texture": "#0", "rotation": 90 },
				"north": { "uv": [ 0, 0, 1, 15.5 ], "texture": "#1" },
				"south": { "uv": [ 0, 0, 1, 15.5 ], "texture": "#1" },
				"west": { "uv": [ 0, 0, 2.5, 15.5 ], "texture": "#1" },
				"east": { "uv": [ 2, 0, 4.5, 15.5 ], "texture": "#0" }
			}
		},
		{
			"from": [ -6, 0, 6 ],
			"to": [ -5, 15, 8 ],
			"faces": {
				"down": { "uv": [ 6, 2, 7, 4 ], "texture": "#0" },
				"up": { "uv": [ 2, 1, 4, 2 ], "texture": "#0", "rotation": 90 },
				"north": { "uv": [ 0, 0, 1, 15 ], "texture": "#1" },
				"south": { "uv": [ 0, 0, 1, 15 ], "texture": "#1" },
				"west": { "uv": [ 0, 0, 2, 15 ], "texture": "#1" },
				"east": { "uv": [ 2, 0, 4, 15 ], "texture": "#0" }
			}
		},
		{
			"from": [ -6, 0, 10 ],
			"to": [ -5, 14.5, 14 ],
			"faces": {
				"down": { "uv": [ 6, 2, 7, 6 ], "texture": "#0" },
				"up": { "uv": [ 2, 1, 6, 2 ], "texture": "#0", "rotation": 90 },
				"north": { "uv": [ 0, 0, 1, 14.5 ], "texture": "#1" },
				"south": { "uv": [ 0, 0, 1, 14.5 ], "texture": "#1" },
				"west": { "uv": [ 0, 0, 4, 14.5 ], "texture": "#1" },
				"east": { "uv": [ 2, 0, 6, 14.5 ], "texture": "#0" }
			}
		}
	],
	"display": {
		"thirdperson_righthand": {
			"rotation":  [ 75, 45, 0 ],
			"translation":  [ 0, 2.5, 0 ],
			"scale":  [ 0.375, 0.375, 0.375 ]
		},
		"thirdperson_lefthand": {
			"rotation":  [ 75, 45, 0 ],
			"translation":  [ 0, 2.5, 0 ],
			"scale":  [ 0.375, 0.375, 0.375 ]
		},
		"firstperson_righthand": {
			"scale":  [ 0.4, 0.4, 0.4 ]
		},
		"firstperson_lefthand": {
			"scale":  [ 0.4, 0.4, 0.4 ]
		},
		"gui": {
			"rotation":  [ 30, 225, 0 ],
			"scale":  [ 0.4, 0.4, 0.4 ]
		},
		"ground": {
			"translation":  [ 0, 3, 0 ],
			"scale":  [ 0.25, 0.25, 0.25 ]
		},
		"fixed": {
			"scale":  [ 0.5, 0.5, 0.5 ]
		}
	}
}