{
	"credit": "Made by Kanno_ with Blockbench, a free, modern block model editor",
	"textures": {
		"0": "drpmedieval:blocks/carpenter/workbench/log_cutted2",
		"1": "drpmedieval:blocks/carpenter/workbench/log_oak",
		"2": "drpmedieval:blocks/carpenter/workbench/log_lat",
		"particle": "drpmedieval:blocks/carpenter/workbench/log_cutted2"
	},
	"elements": [
		{
			"name": "cube",
			"from": [2, 0, 2],
			"to": [3, 15, 3.5500000000000007],
			"faces": {
				"north": {"uv": [1, 0, 2, 15], "texture": "#1"},
				"east": {
					"uv": [0, 0, 1.5500000000000007, 15],
					"texture": "#0"
				},
				"south": {"uv": [0, 0, 1, 15], "texture": "#1"},
				"west": {
					"uv": [0, 0, 1.5500000000000007, 15],
					"texture": "#1"
				},
				"up": {
					"uv": [2, 3, 3, 4.55],
					"texture": "#0",
					"rotation": 90
				},
				"down": {"uv": [3, 5, 4, 6.55], "texture": "#0"}
			},
			"type": "cube"
		},
		{
			"name": "cube",
			"from": [0, 0, 4],
			"to": [2, 16, 8],
			"faces": {
				"north": {"uv": [0, 0, 2, 16], "texture": "#1"},
				"east": {"uv": [2, 0, 6, 16], "texture": "#0"},
				"south": {"uv": [0, 0, 2, 16], "texture": "#1"},
				"west": {"uv": [0, 0, 4, 16], "texture": "#1"},
				"up": {
					"uv": [2, 1, 6, 3],
					"texture": "#0",
					"rotation": 90
				},
				"down": {"uv": [6, 2, 8, 6], "texture": "#0"}
			},
			"type": "cube"
		},
		{
			"name": "cube",
			"from": [3, 0, 2],
			"to": [7, 10, 14],
			"faces": {
				"north": {"uv": [0, 0, 4, 10], "texture": "#1"},
				"east": {
					"uv": [2, 3, 14, 13],
					"texture": "#0",
					"rotation": 270
				},
				"south": {"uv": [0, 0, 4, 10], "texture": "#1"},
				"west": {
					"uv": [0, 0, 12, 10],
					"texture": "#missing"
				},
				"up": {"uv": [0, 0, 4, 12], "texture": "#missing"},
				"down": {"uv": [6, 2, 9, 14], "texture": "#0"}
			},
			"type": "cube"
		},
		{
			"name": "cube",
			"from": [3, 10, 0],
			"to": [16, 13.7, 16],
			"faces": {
				"north": {
					"uv": [0, 0, 13, 3.6999999999999993],
					"texture": "#2"
				},
				"east": {
					"uv": [0, 0, 16, 3.6999999999999993],
					"texture": "#1"
				},
				"south": {
					"uv": [0, 0, 13, 3.6999999999999993],
					"texture": "#2"
				},
				"west": {"uv": [0, 2, 15, 5.7], "texture": "#0"},
				"up": {"uv": [0, 0, 13, 16], "texture": "#0"},
				"down": {"uv": [12.5, 0, 0, 16], "texture": "#2"}
			},
			"type": "cube"
		},
		{
			"name": "cube",
			"from": [0, 0, 8],
			"to": [2.5, 15, 12],
			"faces": {
				"north": {"uv": [0, 0, 2.5, 15], "texture": "#1"},
				"east": {"uv": [2, 0, 6, 15], "texture": "#0"},
				"south": {"uv": [0, 0, 2.5, 15], "texture": "#1"},
				"west": {"uv": [4, 0, 8, 15], "texture": "#1"},
				"up": {
					"uv": [2, 1, 6, 3.5],
					"texture": "#0",
					"rotation": 90
				},
				"down": {"uv": [6, 2, 8.5, 6], "texture": "#0"}
			},
			"type": "cube"
		},
		{
			"name": "cube",
			"from": [2, 0, 8],
			"to": [3, 14, 10],
			"faces": {
				"north": {"uv": [0, 0, 1, 14], "texture": "#1"},
				"east": {"uv": [2, 0, 4, 14], "texture": "#0"},
				"south": {"uv": [0, 0, 1, 14], "texture": "#1"},
				"west": {"uv": [0, 0, 2, 14], "texture": "#1"},
				"up": {
					"uv": [2, 1, 4, 2],
					"texture": "#0",
					"rotation": 90
				},
				"down": {"uv": [6, 2, 7, 4], "texture": "#0"}
			},
			"type": "cube"
		},
		{
			"name": "cube",
			"from": [0, 0, 12],
			"to": [2, 13, 14],
			"faces": {
				"north": {"uv": [0, 0, 2, 13], "texture": "#1"},
				"east": {"uv": [2, 0, 4, 13], "texture": "#0"},
				"south": {"uv": [0, 0, 2, 13], "texture": "#1"},
				"west": {"uv": [0, 0, 2, 13], "texture": "#1"},
				"up": {
					"uv": [2, 1, 4, 3],
					"texture": "#0",
					"rotation": 90
				},
				"down": {"uv": [6, 2, 8, 4], "texture": "#0"}
			},
			"type": "cube"
		},
		{
			"name": "cube",
			"from": [0, 0, 2],
			"to": [2, 15, 4],
			"faces": {
				"north": {"uv": [0, 0, 3, 15], "texture": "#1"},
				"east": {"uv": [2, 0, 4, 15], "texture": "#0"},
				"south": {"uv": [0, 0, 3, 15], "texture": "#1"},
				"west": {"uv": [0, 0, 2, 15], "texture": "#1"},
				"up": {
					"uv": [2, 1, 4, 4],
					"texture": "#0",
					"rotation": 90
				},
				"down": {"uv": [6, 2, 9, 4], "texture": "#0"}
			},
			"type": "cube"
		},
		{
			"name": "cube",
			"from": [2, 0, 3.5],
			"to": [3, 15.5, 6],
			"faces": {
				"north": {"uv": [0, 0, 1, 15.5], "texture": "#1"},
				"east": {"uv": [2, 0, 4.5, 15.5], "texture": "#0"},
				"south": {"uv": [0, 0, 1, 15.5], "texture": "#1"},
				"west": {"uv": [0, 0, 2.5, 15.5], "texture": "#1"},
				"up": {
					"uv": [2, 1, 4.5, 2],
					"texture": "#0",
					"rotation": 90
				},
				"down": {"uv": [6, 2, 7, 4.5], "texture": "#0"}
			},
			"type": "cube"
		},
		{
			"name": "cube",
			"from": [2, 0, 6],
			"to": [3, 15, 8],
			"faces": {
				"north": {"uv": [0, 0, 1, 15], "texture": "#1"},
				"east": {"uv": [2, 0, 4, 15], "texture": "#0"},
				"south": {"uv": [0, 0, 1, 15], "texture": "#1"},
				"west": {"uv": [0, 0, 2, 15], "texture": "#1"},
				"up": {
					"uv": [2, 1, 4, 2],
					"texture": "#0",
					"rotation": 90
				},
				"down": {"uv": [6, 2, 7, 4], "texture": "#0"}
			},
			"type": "cube"
		},
		{
			"name": "cube",
			"from": [2, 0, 10],
			"to": [3, 14.5, 14],
			"faces": {
				"north": {"uv": [0, 0, 1, 14.5], "texture": "#1"},
				"east": {"uv": [2, 0, 6, 14.5], "texture": "#0"},
				"south": {"uv": [0, 0, 1, 14.5], "texture": "#1"},
				"west": {"uv": [0, 0, 4, 14.5], "texture": "#1"},
				"up": {
					"uv": [2, 1, 6, 2],
					"texture": "#0",
					"rotation": 90
				},
				"down": {"uv": [6, 2, 7, 6], "texture": "#0"}
			},
			"type": "cube"
		}
	],
	"groups": [
		{
			"name": "group",
			"isOpen": false,
			"display": {"visibility": true, "autouv": true},
			"children": [0, 1, 2, 3, 4, 5, 6, 7, 8, 9, 10]
		}
	]
}