{
	"type":"wood",	
	"outputs":[
		"drpmedieval:textures/blocks/timbered_clay/diagonal_bt/%wood%_timbered_clay",
		"drpmedieval:textures/blocks/timbered_clay/diagonal_tb/%wood%_timbered_clay",
		"drpmedieval:textures/blocks/timbered_clay/cross/%wood%_timbered_clay"
	],
	"required_textures":[
		"drpmedieval:arg/textures/textures/timbered_clay.png",
		"drpmedieval:arg/textures/masks/timbered_clay/diagonal_bt.png", "drpmedieval:arg/textures/overlays/timbered_clay/diagonal_bt.png",
		"drpmedieval:arg/textures/masks/timbered_clay/diagonal_tb.png", "drpmedieval:arg/textures/overlays/timbered_clay/diagonal_tb.png",
		"drpmedieval:arg/textures/masks/timbered_clay/cross.png", "drpmedieval:arg/textures/overlays/timbered_clay/cross.png"
	],
	"textures":[
		{"base":"clean_planks", "manipulations":[{"type":"mask","texture":"1"},{"type":"overlay","texture":"2"}], "cache":"%wood%_diagonal_bt"},
		{"base":"clean_planks", "manipulations":[{"type":"mask","texture":"3"},{"type":"overlay","texture":"4"}], "cache":"%wood%_diagonal_tb"},
		{"base":"clean_planks", "manipulations":[{"type":"mask","texture":"5"},{"type":"overlay","texture":"6"}], "cache":"%wood%_diagonal_cross"},
		
		{"base":0, "manipulations":[{"type":"overlay","cached_texture":"%wood%_diagonal_bt"}], "output":"drpmedieval:textures/blocks/timbered_clay/diagonal_bt/%wood%_timbered_clay"},
		{"base":0, "manipulations":[{"type":"overlay","cached_texture":"%wood%_diagonal_tb"}], "output":"drpmedieval:textures/blocks/timbered_clay/diagonal_tb/%wood%_timbered_clay"},
		{"base":0, "manipulations":[{"type":"overlay","cached_texture":"%wood%_diagonal_cross"}], "output":"drpmedieval:textures/blocks/timbered_clay/cross/%wood%_timbered_clay"}
	]
}