{
	"type":"wood",	
	"outputs":[
		"drpmedieval:textures/blocks/timbered_clay/double_diagonal_l_lr/%wood%_timbered_clay",
		"drpmedieval:textures/blocks/timbered_clay/double_diagonal_r_lr/%wood%_timbered_clay",
		"drpmedieval:textures/blocks/timbered_clay/double_diagonal_l_rl/%wood%_timbered_clay",
		"drpmedieval:textures/blocks/timbered_clay/double_diagonal_r_rl/%wood%_timbered_clay"
	],
	"required_textures":[
		"drpmedieval:arg/textures/textures/timbered_clay.png",
		"drpmedieval:arg/textures/masks/timbered_clay/double_diagonal_l_lr.png", "drpmedieval:arg/textures/overlays/timbered_clay/double_diagonal_l_lr.png",
		"drpmedieval:arg/textures/masks/timbered_clay/double_diagonal_r_lr.png", "drpmedieval:arg/textures/overlays/timbered_clay/double_diagonal_r_lr.png",
		"drpmedieval:arg/textures/masks/timbered_clay/double_diagonal_l_rl.png", "drpmedieval:arg/textures/overlays/timbered_clay/double_diagonal_l_rl.png",
		"drpmedieval:arg/textures/masks/timbered_clay/double_diagonal_r_rl.png", "drpmedieval:arg/textures/overlays/timbered_clay/double_diagonal_r_rl.png"
	],
	"textures":[
		{"base":"clean_planks", "manipulations":[{"type":"mask","texture":"1"},{"type":"overlay","texture":"2"}], "cache":"%wood%_double_diagonal_l_lr"},
		{"base":"clean_planks", "manipulations":[{"type":"mask","texture":"3"},{"type":"overlay","texture":"4"}], "cache":"%wood%_double_diagonal_r_lr"},
		{"base":"clean_planks", "manipulations":[{"type":"mask","texture":"5"},{"type":"overlay","texture":"6"}], "cache":"%wood%_double_diagonal_l_rl"},
		{"base":"clean_planks", "manipulations":[{"type":"mask","texture":"7"},{"type":"overlay","texture":"8"}], "cache":"%wood%_double_diagonal_r_rl"},
	
		{"base":0, "manipulations":[{"type":"overlay","cached_texture":"%wood%_double_diagonal_l_lr"}], "output":"drpmedieval:textures/blocks/timbered_clay/double_diagonal_l_lr/%wood%_timbered_clay"},
		{"base":0, "manipulations":[{"type":"overlay","cached_texture":"%wood%_double_diagonal_r_lr"}], "output":"drpmedieval:textures/blocks/timbered_clay/double_diagonal_r_lr/%wood%_timbered_clay"},
		{"base":0, "manipulations":[{"type":"overlay","cached_texture":"%wood%_double_diagonal_l_rl"}], "output":"drpmedieval:textures/blocks/timbered_clay/double_diagonal_l_rl/%wood%_timbered_clay"},
		{"base":0, "manipulations":[{"type":"overlay","cached_texture":"%wood%_double_diagonal_r_rl"}], "output":"drpmedieval:textures/blocks/timbered_clay/double_diagonal_r_rl/%wood%_timbered_clay"}
	]
}