{
	"type":"wood",
	"outputs":[
		"drpmedieval:textures/blocks/timbered_clay/double_diagonal_t_bt/%wood%_timbered_clay",
		"drpmedieval:textures/blocks/timbered_clay/double_diagonal_b_bt/%wood%_timbered_clay",
		"drpmedieval:textures/blocks/timbered_clay/double_diagonal_t_tb/%wood%_timbered_clay",
		"drpmedieval:textures/blocks/timbered_clay/double_diagonal_b_tb/%wood%_timbered_clay"
	],
	"required_textures":[
		"drpmedieval:arg/textures/textures/timbered_clay.png",
		"drpmedieval:arg/textures/masks/timbered_clay/double_diagonal_t_bt.png", "drpmedieval:arg/textures/overlays/timbered_clay/double_diagonal_t_bt.png",
		"drpmedieval:arg/textures/masks/timbered_clay/double_diagonal_b_bt.png", "drpmedieval:arg/textures/overlays/timbered_clay/double_diagonal_b_bt.png",
		"drpmedieval:arg/textures/masks/timbered_clay/double_diagonal_t_tb.png", "drpmedieval:arg/textures/overlays/timbered_clay/double_diagonal_t_tb.png",
		"drpmedieval:arg/textures/masks/timbered_clay/double_diagonal_b_tb.png", "drpmedieval:arg/textures/overlays/timbered_clay/double_diagonal_b_tb.png"
	],
	"textures":[
		{"base":"clean_planks", "manipulations":[{"type":"mask","texture":"1"},{"type":"overlay","texture":"2"}], "cache":"%wood%_double_diagonal_t_bt"},
		{"base":"clean_planks", "manipulations":[{"type":"mask","texture":"3"},{"type":"overlay","texture":"4"}], "cache":"%wood%_double_diagonal_b_bt"},
		{"base":"clean_planks", "manipulations":[{"type":"mask","texture":"5"},{"type":"overlay","texture":"6"}], "cache":"%wood%_double_diagonal_t_tb"},
		{"base":"clean_planks", "manipulations":[{"type":"mask","texture":"7"},{"type":"overlay","texture":"8"}], "cache":"%wood%_double_diagonal_b_tb"},
	
		{"base":0, "manipulations":[{"type":"overlay","cached_texture":"%wood%_double_diagonal_t_bt"}], "output":"drpmedieval:textures/blocks/timbered_clay/double_diagonal_t_bt/%wood%_timbered_clay"},
		{"base":0, "manipulations":[{"type":"overlay","cached_texture":"%wood%_double_diagonal_b_bt"}], "output":"drpmedieval:textures/blocks/timbered_clay/double_diagonal_b_bt/%wood%_timbered_clay"},
		{"base":0, "manipulations":[{"type":"overlay","cached_texture":"%wood%_double_diagonal_t_tb"}], "output":"drpmedieval:textures/blocks/timbered_clay/double_diagonal_t_tb/%wood%_timbered_clay"},
		{"base":0, "manipulations":[{"type":"overlay","cached_texture":"%wood%_double_diagonal_b_tb"}], "output":"drpmedieval:textures/blocks/timbered_clay/double_diagonal_b_tb/%wood%_timbered_clay"}
	]
}