{
	"credit": "Made by JTK222 for Dark Roleplay, using Blockbench.",
	"elements": [
		{
			"from": [8.001, 5, 3.25],
			"to": [13.999, 15, 13.25],
			"faces": {
				"east": {"uv": [0, 0, 10, 10], "texture": "#missing"},
				"west": {"uv": [0, 0, 10, 10], "texture": "#missing"}
			}
		},
		{
			"name": "hexadecagon",
			"from": [8, 8.80653, 2.25],
			"to": [14, 11.19347, 3.25],
			"rotation": {"angle": -45, "axis": "x", "origin": [10, 10, 8.25]},
			"faces": {
				"north": {"uv": [0, 0, 1, 1], "texture": "#missing"},
				"east": {"uv": [0, 0, 1, 1], "texture": "#missing"},
				"south": {"uv": [0, 0, 1, 1], "texture": "#missing"},
				"west": {"uv": [0, 0, 1, 1], "texture": "#missing"}
			}
		},
		{
			"name": "hexadecagon",
			"from": [8, 8.80653, 2.25],
			"to": [14, 11.19347, 3.25],
			"rotation": {"angle": -22.5, "axis": "x", "origin": [11, 10, 8.25]},
			"color": 5,
			"faces": {
				"north": {"uv": [0, 0, 1, 1], "texture": "#missing"},
				"east": {"uv": [0, 0, 1, 1], "texture": "#missing"},
				"south": {"uv": [0, 0, 1, 1], "texture": "#missing"},
				"west": {"uv": [0, 0, 1, 1], "texture": "#missing"}
			}
		},
		{
			"name": "hexadecagon",
			"from": [8, 8.80653, 2.25],
			"to": [14, 11.19347, 3.25],
			"color": 4,
			"faces": {
				"north": {"uv": [0, 0, 1, 1], "texture": "#missing"},
				"east": {"uv": [0, 0, 1, 1], "texture": "#missing"},
				"south": {"uv": [0, 0, 1, 1], "texture": "#missing"},
				"west": {"uv": [0, 0, 1, 1], "texture": "#missing"}
			}
		},
		{
			"name": "hexadecagon",
			"from": [8, 8.80653, 2.25],
			"to": [14, 11.19347, 3.25],
			"rotation": {"angle": 22.5, "axis": "x", "origin": [11, 10, 8.25]},
			"color": 6,
			"faces": {
				"north": {"uv": [0, 0, 1, 1], "texture": "#missing"},
				"east": {"uv": [0, 0, 1, 1], "texture": "#missing"},
				"south": {"uv": [0, 0, 1, 1], "texture": "#missing"},
				"west": {"uv": [0, 0, 1, 1], "texture": "#missing"}
			}
		},
		{
			"name": "hexadecagon",
			"from": [8, 8.80653, 2.25],
			"to": [14, 11.19347, 3.25],
			"rotation": {"angle": 45, "axis": "x", "origin": [10, 10, 8.25]},
			"color": 7,
			"faces": {
				"north": {"uv": [0, 0, 1, 1], "texture": "#missing"},
				"east": {"uv": [0, 0, 1, 1], "texture": "#missing"},
				"south": {"uv": [0, 0, 1, 1], "texture": "#missing"},
				"west": {"uv": [0, 0, 1, 1], "texture": "#missing"}
			}
		},
		{
			"name": "hexadecagon",
			"from": [8, 8.80653, 13.25],
			"to": [14, 11.19347, 14.25],
			"rotation": {"angle": -45, "axis": "x", "origin": [10, 10, 8.25]},
			"color": 6,
			"faces": {
				"north": {"uv": [0, 0, 1, 1], "texture": "#missing"},
				"east": {"uv": [0, 0, 1, 1], "texture": "#missing"},
				"south": {"uv": [0, 0, 1, 1], "texture": "#missing"},
				"west": {"uv": [0, 0, 1, 1], "texture": "#missing"}
			}
		},
		{
			"name": "hexadecagon",
			"from": [8, 8.80653, 13.25],
			"to": [14, 11.19347, 14.25],
			"rotation": {"angle": -22.5, "axis": "x", "origin": [11, 10, 8.25]},
			"color": 2,
			"faces": {
				"north": {"uv": [0, 0, 1, 1], "texture": "#missing"},
				"east": {"uv": [0, 0, 1, 1], "texture": "#missing"},
				"south": {"uv": [0, 0, 1, 1], "texture": "#missing"},
				"west": {"uv": [0, 0, 1, 1], "texture": "#missing"}
			}
		},
		{
			"name": "hexadecagon",
			"from": [8, 8.80653, 13.25],
			"to": [14, 11.19347, 14.25],
			"color": 7,
			"faces": {
				"north": {"uv": [0, 0, 1, 1], "texture": "#missing"},
				"east": {"uv": [0, 0, 1, 1], "texture": "#missing"},
				"south": {"uv": [0, 0, 1, 1], "texture": "#missing"},
				"west": {"uv": [0, 0, 1, 1], "texture": "#missing"}
			}
		},
		{
			"name": "hexadecagon",
			"from": [8, 8.80653, 13.25],
			"to": [14, 11.19347, 14.25],
			"rotation": {"angle": 22.5, "axis": "x", "origin": [11, 10, 8.25]},
			"color": 3,
			"faces": {
				"north": {"uv": [0, 0, 1, 1], "texture": "#missing"},
				"east": {"uv": [0, 0, 1, 1], "texture": "#missing"},
				"south": {"uv": [0, 0, 1, 1], "texture": "#missing"},
				"west": {"uv": [0, 0, 1, 1], "texture": "#missing"}
			}
		},
		{
			"name": "hexadecagon",
			"from": [8, 8.80653, 13.25],
			"to": [14, 11.19347, 14.25],
			"rotation": {"angle": 45, "axis": "x", "origin": [10, 10, 8.25]},
			"faces": {
				"north": {"uv": [0, 0, 1, 1], "texture": "#missing"},
				"east": {"uv": [0, 0, 1, 1], "texture": "#missing"},
				"south": {"uv": [0, 0, 1, 1], "texture": "#missing"},
				"west": {"uv": [0, 0, 1, 1], "texture": "#missing"}
			}
		},
		{
			"name": "hexadecagon",
			"from": [8, 4, 7.05653],
			"to": [14, 5, 9.44347],
			"rotation": {"angle": -22.5, "axis": "x", "origin": [11, 10, 8.25]},
			"faces": {
				"east": {"uv": [0, 0, 1, 1], "texture": "#missing"},
				"west": {"uv": [0, 0, 1, 1], "texture": "#missing"},
				"up": {"uv": [0, 0, 1, 1], "texture": "#missing"},
				"down": {"uv": [0, 0, 1, 1], "texture": "#missing"}
			}
		},
		{
			"name": "hexadecagon",
			"from": [8, 4, 7.05653],
			"to": [14, 5, 9.44347],
			"color": 7,
			"faces": {
				"east": {"uv": [0, 0, 1, 1], "texture": "#missing"},
				"west": {"uv": [0, 0, 1, 1], "texture": "#missing"},
				"up": {"uv": [0, 0, 1, 1], "texture": "#missing"},
				"down": {"uv": [0, 0, 1, 1], "texture": "#missing"}
			}
		},
		{
			"name": "hexadecagon",
			"from": [8, 4, 7.05653],
			"to": [14, 5, 9.44347],
			"rotation": {"angle": 22.5, "axis": "x", "origin": [11, 10, 8.25]},
			"color": 1,
			"faces": {
				"east": {"uv": [0, 0, 1, 1], "texture": "#missing"},
				"west": {"uv": [0, 0, 1, 1], "texture": "#missing"},
				"up": {"uv": [0, 0, 1, 1], "texture": "#missing"},
				"down": {"uv": [0, 0, 1, 1], "texture": "#missing"}
			}
		},
		{
			"name": "hexadecagon",
			"from": [8, 15, 7.05653],
			"to": [14, 16, 9.44347],
			"rotation": {"angle": -22.5, "axis": "x", "origin": [11, 10, 8.25]},
			"color": 5,
			"faces": {
				"east": {"uv": [0, 0, 1, 1], "texture": "#missing"},
				"west": {"uv": [0, 0, 1, 1], "texture": "#missing"},
				"up": {"uv": [0, 0, 1, 1], "texture": "#missing"},
				"down": {"uv": [0, 0, 1, 1], "texture": "#missing"}
			}
		},
		{
			"name": "hexadecagon",
			"from": [8, 15, 7.05653],
			"to": [14, 16, 9.44347],
			"color": 0,
			"faces": {
				"east": {"uv": [0, 0, 1, 1], "texture": "#missing"},
				"west": {"uv": [0, 0, 1, 1], "texture": "#missing"},
				"up": {"uv": [0, 0, 1, 1], "texture": "#missing"},
				"down": {"uv": [0, 0, 1, 1], "texture": "#missing"}
			}
		},
		{
			"name": "hexadecagon",
			"from": [8, 15, 7.05653],
			"to": [14, 16, 9.44347],
			"rotation": {"angle": 22.5, "axis": "x", "origin": [11, 10, 8.25]},
			"color": 4,
			"faces": {
				"east": {"uv": [0, 0, 1, 1], "texture": "#missing"},
				"west": {"uv": [0, 0, 1, 1], "texture": "#missing"},
				"up": {"uv": [0, 0, 1, 1], "texture": "#missing"},
				"down": {"uv": [0, 0, 1, 1], "texture": "#missing"}
			}
		},
		{
			"from": [4, 9.25, 7.5],
			"to": [16, 10.75, 9],
			"faces": {
				"north": {"uv": [0, 0, 12, 1.5], "texture": "#missing"},
				"east": {"uv": [0, 0, 1.5, 1.5], "texture": "#missing"},
				"south": {"uv": [0, 0, 12, 1.5], "texture": "#missing"},
				"west": {"uv": [0, 0, 1.5, 1.5], "texture": "#missing"},
				"up": {"uv": [0, 0, 12, 1.5], "texture": "#missing"},
				"down": {"uv": [0, 0, 12, 1.5], "texture": "#missing"}
			}
		},
		{
			"from": [4.25, 9, 7.25],
			"to": [5.75, 11, 9.25],
			"color": 4,
			"faces": {
				"north": {"uv": [0, 0, 1.5, 2], "texture": "#missing"},
				"east": {"uv": [0, 0, 2, 2], "texture": "#missing"},
				"south": {"uv": [0, 0, 1.5, 2], "texture": "#missing"},
				"west": {"uv": [0, 0, 2, 2], "texture": "#missing"},
				"up": {"uv": [0, 0, 1.5, 2], "texture": "#missing"},
				"down": {"uv": [0, 0, 1.5, 2], "texture": "#missing"}
			}
		},
		{
			"from": [4.5, 10.75, 7.75],
			"to": [5.5, 14.75, 8.75],
			"color": 4,
			"faces": {
				"north": {"uv": [0, 0, 1, 4], "texture": "#missing"},
				"east": {"uv": [0, 0, 1, 4], "texture": "#missing"},
				"south": {"uv": [0, 0, 1, 4], "texture": "#missing"},
				"west": {"uv": [0, 0, 1, 4], "texture": "#missing"},
				"up": {"uv": [0, 0, 1, 1], "texture": "#missing"}
			}
		},
		{
			"from": [4, 14, 8],
			"to": [4.5, 14.5, 8.5],
			"color": 0,
			"faces": {
				"north": {"uv": [0, 0, 0.5, 0.5], "texture": "#missing"},
				"south": {"uv": [0, 0, 0.5, 0.5], "texture": "#missing"},
				"up": {"uv": [0, 0, 0.5, 0.5], "texture": "#missing"},
				"down": {"uv": [0, 0, 0.5, 0.5], "texture": "#missing"}
			}
		},
		{
			"from": [0.5, 13.75, 7.75],
			"to": [4, 14.75, 8.75],
			"color": 2,
			"faces": {
				"north": {"uv": [0, 0, 3.5, 1], "texture": "#missing"},
				"east": {"uv": [0, 0, 1, 1], "texture": "#missing"},
				"south": {"uv": [0, 0, 3.5, 1], "texture": "#missing"},
				"west": {"uv": [0, 0, 1, 1], "texture": "#missing"},
				"up": {"uv": [0, 0, 3.5, 1], "texture": "#missing"},
				"down": {"uv": [0, 0, 3.5, 1], "texture": "#missing"}
			}
		},
		{
			"from": [14.25, 8, -0.75],
			"to": [15.75, 10, 17.25],
			"color": 0,
			"faces": {
				"north": {"uv": [0, 0, 1.5, 2], "texture": "#missing"},
				"east": {"uv": [0, 0, 16, 2], "texture": "#missing"},
				"south": {"uv": [0, 0, 1.5, 2], "texture": "#missing"},
				"west": {"uv": [0, 0, 16, 2], "texture": "#missing"},
				"up": {"uv": [0, 0, 1.5, 16], "texture": "#missing"},
				"down": {"uv": [0, 0, 1.5, 16], "texture": "#missing"}
			}
		},
		{
			"from": [5.25, 10, 15],
			"to": [16.25, 11, 17.5],
			"color": 5,
			"faces": {
				"north": {"uv": [0, 0, 11, 1], "texture": "#missing"},
				"east": {"uv": [0, 0, 2.5, 1], "texture": "#missing"},
				"south": {"uv": [0, 0, 11, 1], "texture": "#missing"},
				"west": {"uv": [0, 0, 2.5, 1], "texture": "#missing"},
				"up": {"uv": [0, 0, 11, 2.5], "texture": "#missing"},
				"down": {"uv": [0, 0, 11, 2.5], "texture": "#missing"}
			}
		},
		{
			"from": [5.25, 10, -1],
			"to": [16.25, 11, 1.75],
			"faces": {
				"north": {"uv": [0, 0, 11, 1], "texture": "#missing"},
				"east": {"uv": [0, 0, 2.75, 1], "texture": "#missing"},
				"south": {"uv": [0, 0, 11, 1], "texture": "#missing"},
				"west": {"uv": [0, 0, 2.75, 1], "texture": "#missing"},
				"up": {"uv": [0, 0, 11, 2.75], "texture": "#missing"},
				"down": {"uv": [0, 0, 11, 2.75], "texture": "#missing"}
			}
		},
		{
			"from": [6.25, 8, -0.75],
			"to": [7.75, 10, 17.5],
			"faces": {
				"north": {"uv": [0, 0, 1.5, 2], "texture": "#missing"},
				"east": {"uv": [0, 0, 16, 2], "texture": "#missing"},
				"south": {"uv": [0, 0, 1.5, 2], "texture": "#missing"},
				"west": {"uv": [0, 0, 16, 2], "texture": "#missing"},
				"up": {"uv": [0, 0, 1.5, 16], "texture": "#missing"},
				"down": {"uv": [0, 0, 1.5, 16], "texture": "#missing"}
			}
		},
		{
			"from": [6.5, 0.05761, 0.21037],
			"to": [7.5, 9.80761, 2.21037],
			"rotation": {"angle": 22.5, "axis": "x", "origin": [0.5, 0.55761, -0.03963]},
			"faces": {
				"north": {"uv": [0, 0, 1, 9.75], "texture": "#missing"},
				"east": {"uv": [0, 0, 2, 9.75], "texture": "#missing"},
				"south": {"uv": [0, 0, 1, 9.75], "texture": "#missing"},
				"west": {"uv": [0, 0, 2, 9.75], "texture": "#missing"},
				"up": {"uv": [0, 0, 1, 2], "texture": "#missing"},
				"down": {"uv": [0, 0, 1, 2], "texture": "#missing"}
			}
		},
		{
			"from": [14.5, 0.05761, 0.21037],
			"to": [15.5, 9.80761, 2.21037],
			"rotation": {"angle": 22.5, "axis": "x", "origin": [0.5, 0.55761, -0.03963]},
			"faces": {
				"north": {"uv": [0, 0, 1, 9.75], "texture": "#missing"},
				"east": {"uv": [0, 0, 2, 9.75], "texture": "#missing"},
				"south": {"uv": [0, 0, 1, 9.75], "texture": "#missing"},
				"west": {"uv": [0, 0, 2, 9.75], "texture": "#missing"},
				"up": {"uv": [0, 0, 1, 2], "texture": "#missing"},
				"down": {"uv": [0, 0, 1, 2], "texture": "#missing"}
			}
		},
		{
			"from": [6.5, -0.76329, 12.1627],
			"to": [7.5, 8.98671, 14.1627],
			"rotation": {"angle": -22.5, "axis": "x", "origin": [0.5, 4.23671, 13.1627]},
			"color": 7,
			"faces": {
				"north": {"uv": [0, 0, 1, 9.75], "texture": "#missing"},
				"east": {"uv": [0, 0, 2, 9.75], "texture": "#missing"},
				"south": {"uv": [0, 0, 1, 9.75], "texture": "#missing"},
				"west": {"uv": [0, 0, 2, 9.75], "texture": "#missing"},
				"up": {"uv": [0, 0, 1, 2], "texture": "#missing"},
				"down": {"uv": [0, 0, 1, 2], "texture": "#missing"}
			}
		},
		{
			"from": [14.5, -0.76329, 12.1627],
			"to": [15.5, 8.98671, 14.1627],
			"rotation": {"angle": -22.5, "axis": "x", "origin": [0.5, 4.23671, 13.1627]},
			"faces": {
				"north": {"uv": [0, 0, 1, 9.75], "texture": "#missing"},
				"east": {"uv": [0, 0, 2, 9.75], "texture": "#missing"},
				"south": {"uv": [0, 0, 1, 9.75], "texture": "#missing"},
				"west": {"uv": [0, 0, 2, 9.75], "texture": "#missing"},
				"up": {"uv": [0, 0, 1, 2], "texture": "#missing"},
				"down": {"uv": [0, 0, 1, 2], "texture": "#missing"}
			}
		},
		{
			"from": [7.5, 1, 0.75],
			"to": [14.5, 1.75, 2.5],
			"color": 2,
			"faces": {
				"north": {"uv": [0, 0, 7, 0.75], "texture": "#missing"},
				"east": {"uv": [0, 0, 1.75, 0.75], "texture": "#missing"},
				"south": {"uv": [0, 0, 7, 0.75], "texture": "#missing"},
				"west": {"uv": [0, 0, 1.75, 0.75], "texture": "#missing"},
				"up": {"uv": [0, 0, 7, 1.75], "texture": "#missing"},
				"down": {"uv": [0, 0, 7, 1.75], "texture": "#missing"}
			}
		},
		{
			"from": [7.5, 1, 13.5],
			"to": [14.5, 1.75, 15.25],
			"faces": {
				"north": {"uv": [0, 0, 7, 0.75], "texture": "#missing"},
				"east": {"uv": [0, 0, 1.75, 0.75], "texture": "#missing"},
				"south": {"uv": [0, 0, 7, 0.75], "texture": "#missing"},
				"west": {"uv": [0, 0, 1.75, 0.75], "texture": "#missing"},
				"up": {"uv": [0, 0, 7, 1.75], "texture": "#missing"},
				"down": {"uv": [0, 0, 7, 1.75], "texture": "#missing"}
			}
		},
		{
			"from": [10, 1, 2.5],
			"to": [12, 1.75, 13.5],
			"color": 4,
			"faces": {
				"north": {"uv": [0, 0, 2, 0.75], "texture": "#missing"},
				"east": {"uv": [0, 0, 11, 0.75], "texture": "#missing"},
				"south": {"uv": [0, 0, 2, 0.75], "texture": "#missing"},
				"west": {"uv": [0, 0, 11, 0.75], "texture": "#missing"},
				"up": {"uv": [0, 0, 2, 11], "texture": "#missing"},
				"down": {"uv": [0, 0, 2, 11], "texture": "#missing"}
			}
		}
	],
	"groups": [
		{
			"name": "stone",
			"children": [0,
				{
					"name": "hexadecagon",
					"children": [1, 2, 3, 4, 5, 6, 7, 8, 9, 10, 11, 12, 13, 14, 15, 16]
				},
				{
					"name": "handle",
					"children": [17, 18, 19, 20, 21]
				}
			]
		},
		{
			"name": "stand",
			"children": [22, 23, 24, 25, 26, 27, 28, 29, 30, 31, 32]
		}
	]
}