{
	"type":"wood",
	"jsons":[
		{
			"input" : "drpmedieval:arg/models/wood_beam.json",
			"output" : "drpmedieval:models/item/materials/processed_materials/wood_beams/%wood%_wood_beam.json"
		},{
			"input" : "drpmedieval:arg/models/items/simple_plank_table.json",
			"output" : "drpmedieval:models/item/simple_plank_%wood%_table.json"
		},{
			"input" : "drpmedieval:arg/models/items/simple_solid_table.json",
			"output" : "drpmedieval:models/item/simple_solid_%wood%_table.json"
		},{
			"input" : "drpmedieval:arg/models/items/firewood.json",
			"output" : "drpmedieval:models/item/materials/processed_materials/firewood/%wood%_firewood.json"
		},{
			"input" : "drpmedieval:arg/models/items/planks.json",
			"output" : "drpmedieval:models/item/materials/processed_materials/planks/%wood%_planks.json"
		}
	]
}