{
	"type":"wood",
	"jsons":[
		{
			"input" : "drpmedieval:arg/blockstates/storage/crate.json",
			"output" : "drpmedieval:blockstates/%wood%_crate.json"
		},{
			"input" : "drpmedieval:arg/blockstates/storage/simple_chest.json",
			"output" : "drpmedieval:blockstates/simple_%wood%_chest.json"
		},{
			"input" : "drpmedieval:arg/blockstates/storage/simple_shelf.json",
			"output" : "drpmedieval:blockstates/simple_%wood%_shelf.json"
		},{
			"input" : "drpmedieval:arg/blockstates/storage/wall_shelf_ropes.json",
			"output" : "drpmedieval:blockstates/double_%wood%_rope_wall_shelf.json"
		}
	]
}