{
    "__comment": "model generated using mr_crayfish's model creator (http://mrcrayfish.com/modelcreator/)",
    "textures": {
        "0": "drpcmmaarg:blocks/log_top/%wood%_log_top",
        "1": "drpcmmaarg:blocks/log_side/%wood%_log_side"
    },
    "elements": [
        {
            "name": "cube",
            "from": [ 1.0, 0.0, 1.0 ], 
            "to": [ 5.0, 4.0, 15.0 ], 
            "faces": {
                "north": { "texture": "#0", "uv": [ 0.0, 0.0, 4.0, 4.0 ] },
                "east": { "texture": "#1", "uv": [ 0.0, 0.0, 4.0, 14.0 ], "rotation": 90 },
                "south": { "texture": "#0", "uv": [ 12.0, 0.0, 16.0, 4.0 ] },
                "west": { "texture": "#0", "uv": [ 0.0, 1.0, 4.0, 15.0 ], "rotation": 90 },
                "up": { "texture": "#1", "uv": [ 4.0, 0.0, 8.0, 14.0 ] },
                "down": { "texture": "#0", "uv": [ 12.0, 1.0, 16.0, 15.0 ] }
            }
        },
        {
            "name": "cube",
            "from": [ 6.0, 0.0, 2.0 ], 
            "to": [ 10.0, 4.0, 16.0 ], 
            "faces": {
                "north": { "texture": "#0", "uv": [ 12.0, 12.0, 16.0, 16.0 ] },
                "east": { "texture": "#0", "uv": [ 12.0, 1.0, 16.0, 15.0 ], "rotation": 90 },
                "south": { "texture": "#0", "uv": [ 0.0, 12.0, 4.0, 16.0 ] },
                "west": { "texture": "#1", "uv": [ 12.0, 0.0, 16.0, 14.0 ], "rotation": 90 },
                "up": { "texture": "#0", "uv": [ 0.0, 1.0, 4.0, 15.0 ] },
                "down": { "texture": "#1", "uv": [ 8.0, 0.0, 12.0, 14.0 ] }
            }
        },
        {
            "name": "cube",
            "from": [ 11.5, 0.0, 0.0 ], 
            "to": [ 15.5, 4.0, 14.0 ], 
            "faces": {
                "north": { "texture": "#0", "uv": [ 12.0, 0.0, 16.0, 4.0 ] },
                "east": { "texture": "#0", "uv": [ 0.0, 1.0, 4.0, 15.0 ], "rotation": 90 },
                "south": { "texture": "#0", "uv": [ 0.0, 0.0, 4.0, 4.0 ] },
                "west": { "texture": "#1", "uv": [ 6.0, 2.0, 10.0, 16.0 ], "rotation": 90 },
                "up": { "texture": "#1", "uv": [ 2.0, 1.0, 6.0, 15.0 ] },
                "down": { "texture": "#0", "uv": [ 0.0, 1.0, 4.0, 15.0 ] }
            }
        },
        {
            "name": "cube",
            "from": [ 2.6, 4.5, 0.0 ], 
            "to": [ 6.6, 8.5, 14.0 ], 
            "rotation": { "origin": [ 4.0, 6.0, 8.0 ], "axis": "z", "angle": -22.5 },
            "faces": {
                "north": { "texture": "#0", "uv": [ 0.0, 12.0, 4.0, 16.0 ] },
                "east": { "texture": "#1", "uv": [ 2.0, 2.0, 6.0, 16.0 ], "rotation": 90 },
                "south": { "texture": "#0", "uv": [ 12.0, 12.0, 16.0, 16.0 ] },
                "west": { "texture": "#0", "uv": [ 12.0, 1.0, 16.0, 15.0 ], "rotation": 90 },
                "up": { "texture": "#0", "uv": [ 12.0, 1.0, 16.0, 15.0 ] },
                "down": { "texture": "#1", "uv": [ 9.0, 2.0, 13.0, 16.0 ] }
            }
        },
        {
            "name": "cube",
            "from": [ 9.4, 3.9, 1.0 ], 
            "to": [ 13.4, 7.9, 15.0 ], 
            "rotation": { "origin": [ 11.0, 6.0, 8.0 ], "axis": "z", "angle": 22.5 },
            "faces": {
                "north": { "texture": "#0", "uv": [ 0.0, 0.0, 4.0, 4.0 ] },
                "east": { "texture": "#1", "uv": [ 10.0, 1.0, 14.0, 15.0 ], "rotation": 90 },
                "south": { "texture": "#0", "uv": [ 12.0, 0.0, 16.0, 4.0 ] },
                "west": { "texture": "#0", "uv": [ 0.0, 1.0, 4.0, 15.0 ], "rotation": 90 },
                "up": { "texture": "#1", "uv": [ 2.0, 0.0, 6.0, 14.0 ] },
                "down": { "texture": "#0", "uv": [ 12.0, 1.0, 16.0, 15.0 ] }
            }
        },
        {
            "name": "cube",
            "from": [ 5.2, 7.0, 2.0 ], 
            "to": [ 9.2, 11.0, 16.0 ], 
            "rotation": { "origin": [ 8.0, 8.0, 8.0 ], "axis": "z", "angle": -45.0 },
            "faces": {
                "north": { "texture": "#0", "uv": [ 0.0, 12.0, 4.0, 16.0 ] },
                "east": { "texture": "#1", "uv": [ 6.0, 1.0, 10.0, 15.0 ], "rotation": 90 },
                "south": { "texture": "#0", "uv": [ 12.0, 12.0, 16.0, 16.0 ] },
                "west": { "texture": "#0", "uv": [ 12.0, 1.0, 16.0, 15.0 ], "rotation": 90 },
                "up": { "texture": "#0", "uv": [ 12.0, 1.0, 16.0, 15.0 ] },
                "down": { "texture": "#1", "uv": [ 6.0, 2.0, 10.0, 16.0 ] }
            }
        }
    ],
	 "display": {
		"gui": {
            "rotation": [ 25, 25, 0 ],
            "translation": [ 0, 2, 0 ],
            "scale": [ 0.75 ,0.75 ,0.75 ]
        },
		"firstperson_righthand": {
            "rotation": [ 0, 0, 0 ],
            "translation": [ 4, 0, 0 ],
            "scale": [ 0.5 ,0.5 ,0.5 ]
        },
        "firstperson_lefthand": {
            "rotation": [ 0, 0, 0 ],
            "translation": [ 4, 0, 0 ],
            "scale": [ 0.5 ,0.5 ,0.5 ]
        },
        "thirdperson_righthand": {
            "rotation": [ 0, 0, 0 ],
            "translation": [ 0, 5, 0 ],
            "scale": [ 0.5 ,0.5 ,0.5 ]
        },
        "thirdperson_lefthand": {
            "rotation": [ 0, 0, 0 ],
            "translation": [ 0, 5, 0 ],
            "scale": [ 0.5 ,0.5 ,0.5 ]
        },
        "head": {
            "rotation": [ 0, 0, 0 ],
            "translation": [ 0, 15, 0 ],
            "scale": [ 1,1,1 ]
        },
        "ground": {
            "rotation": [ 0, 0, 0 ],
            "translation": [ 0, 5, 0 ],
            "scale": [ 0.3, 0.3, 0.3 ]
        }
    }
}
