{
	"__comment": "Designed by Lukas",
	"textures": {
		"particle": "drpcmmaarg:blocks/clean_planks/clean_planks_%wood%",
		"wood": "drpcmmaarg:blocks/clean_planks/clean_planks_%wood%"
	},
	"elements": [ 	 
		{
			"__comment": "Box1",
			"from": [ 1, 0, 1 ],
			"to": [ 3, 15, 3 ],
			"faces": {
				"down": { "uv": [ 1, 13, 3, 15 ], "texture": "#wood", "cullface": "down" },
				"north": { "uv": [ 13, 1, 15, 16 ], "texture": "#wood" },
				"south": { "uv": [ 1, 1, 3, 16 ], "texture": "#wood" },
				"west": { "uv": [ 1, 1, 3, 16 ], "texture": "#wood" },
				"east": { "uv": [ 13, 1, 15, 16 ], "texture": "#wood" }
			}
		},
		{
			"__comment": "Box1",
			"from": [ 13, 0, 1 ],
			"to": [ 15, 15, 3 ],
			"faces": {
				"down": { "uv": [ 13, 13, 15, 15 ], "texture": "#wood", "cullface": "down" },
				"north": { "uv": [ 1, 1, 3, 16 ], "texture": "#wood" },
				"south": { "uv": [ 13, 1, 15, 16 ], "texture": "#wood" },
				"west": { "uv": [ 1, 1, 3, 16 ], "texture": "#wood" },
				"east": { "uv": [ 13, 1, 15, 16 ], "texture": "#wood" }
			}
		},
		{
			"__comment": "Box1",
			"from": [ 1, 0, 13 ],
			"to": [ 3, 15, 15 ],
			"faces": {
				"down": { "uv": [ 1, 1, 3, 3 ], "texture": "#wood", "cullface": "down" },
				"north": { "uv": [ 13, 1, 15, 16 ], "texture": "#wood" },
				"south": { "uv": [ 1, 1, 3, 16 ], "texture": "#wood" },
				"west": { "uv": [ 13, 1, 15, 16 ], "texture": "#wood" },
				"east": { "uv": [ 1, 1, 3, 16 ], "texture": "#wood" }
			}
		},
		{
			"__comment": "Box1",
			"from": [ 13, 0, 13 ],
			"to": [ 15, 15, 15 ],
			"faces": {
				"down": { "uv": [ 13, 1, 15, 3 ], "texture": "#wood", "cullface": "down" },
				"north": { "uv": [ 1, 1, 3, 16 ], "texture": "#wood" },
				"south": { "uv": [ 13, 1, 15, 16 ], "texture": "#wood" },
				"west": { "uv": [ 13, 1, 15, 16 ], "texture": "#wood" },
				"east": { "uv": [ 1, 1, 3, 16 ], "texture": "#wood" }
			}
		},
		{
			"__comment": "Box7",
			"from": [ 1.5, 13, 3 ],
			"to": [ 2.5, 15, 13 ],
			"faces": {
				"down": { "uv": [ 1.5, 3, 2.5, 13 ], "texture": "#wood" },
				"west": { "uv": [ 3, 1, 13, 3 ], "texture": "#wood" },
				"east": { "uv": [ 3, 1, 13, 3 ], "texture": "#wood" }
			}
		},
		{
			"__comment": "Box7",
			"from": [ 13.5, 13, 3 ],
			"to": [ 14.5, 15, 13 ],
			"faces": {
				"down": { "uv": [ 13.5, 3, 14.5, 13 ], "texture": "#wood" },
				"up": { "uv": [ 13.5, 3, 14.5, 13 ], "texture": "#wood" },
				"west": { "uv": [ 3, 1.5, 13, 3.5 ], "texture": "#wood" },
				"east": { "uv": [ 3, 1.5, 13, 3.5 ], "texture": "#wood" }
			}
		},
		{
			"__comment": "Box9",
			"from": [ 3, 13, 1.5 ],
			"to": [ 13, 15, 2.5 ],
			"faces": {
				"down": { "uv": [ 3, 13.5, 13, 14.5 ], "texture": "#wood" },
				"up": { "uv": [ 3, 1.5, 13, 2.5 ], "texture": "#wood" },
				"north": { "uv": [ 3, 1.5, 13, 3.5 ], "texture": "#wood" },
				"south": { "uv": [ 3, 1.5, 13, 3.5 ], "texture": "#wood" }
			}
		},
		{
			"__comment": "Box9",
			"from": [ 3, 13, 13.5 ],
			"to": [ 13, 15, 14.5 ],
			"faces": {
				"down": { "uv": [ 3, 1.5, 13, 2.5 ], "texture": "#wood" },
				"up": { "uv": [ 3, 13.5, 13, 14.5 ], "texture": "#wood" },
				"north": { "uv": [ 3, 1.5, 13, 3.5 ], "texture": "#wood" },
				"south": { "uv": [ 3, 1.5, 13, 3.5 ], "texture": "#wood" }
			}
		},
		{
			"__comment": "Box11",
			"from": [ 0.5, 15, 0 ],
			"to": [ 3.5, 16, 16 ],
			"faces": {
				"down": { "uv": [ 0.5, 0, 3.5, 16 ], "texture": "#wood" },
				"up": { "uv": [ 0.5, 0, 3.5, 16 ], "texture": "#wood", "cullface": "up" },
				"north": { "uv": [ 12.5, 0, 15.5, 1 ], "texture": "#wood", "cullface": "north" },
				"south": { "uv": [ 0.5, 0, 3.5, 1 ], "texture": "#wood", "cullface": "south" },
				"west": { "uv": [ 0, 0, 16, 1 ], "texture": "#wood", "cullface": "west" },
				"east": { "uv": [ 0, 0, 16, 1 ], "texture": "#wood" }
			}
		},
		{
			"__comment": "Box11",
			"from": [ 4.5, 15, 0 ],
			"to": [ 7.5, 16, 16 ],
			"faces": {
				"down": { "uv": [ 4.5, 0, 7.5, 16 ], "texture": "#wood" },
				"up": { "uv": [ 4.5, 0, 7.5, 16 ], "texture": "#wood", "cullface": "up" },
				"north": { "uv": [ 8.5, 0, 11.5, 1 ], "texture": "#wood", "cullface": "north" },
				"south": { "uv": [ 4.5, 0, 7.5, 1 ], "texture": "#wood", "cullface": "south" },
				"west": { "uv": [ 0, 0, 16, 1 ], "texture": "#wood" },
				"east": { "uv": [ 0, 0, 16, 1 ], "texture": "#wood" }
			}
		},
		{
			"__comment": "Box11",
			"from": [ 8.5, 15, 0 ],
			"to": [ 11.5, 16, 16 ],
			"faces": {
				"down": { "uv": [ 8.5, 0, 11.5, 16 ], "texture": "#wood" },
				"up": { "uv": [ 8.5, 0, 11.5, 16 ], "texture": "#wood", "cullface": "up" },
				"north": { "uv": [ 4.5, 0, 7.5, 1 ], "texture": "#wood", "cullface": "north" },
				"south": { "uv": [ 8.5, 0, 11.5, 1 ], "texture": "#wood", "cullface": "south" },
				"west": { "uv": [ 0, 0, 16, 1 ], "texture": "#wood" },
				"east": { "uv": [ 0, 0, 16, 1 ], "texture": "#wood" }
			}
		},
		{
			"__comment": "Box11",
			"from": [ 12.5, 15, 0 ],
			"to": [ 15.5, 16, 16 ],
			"faces": {
				"down": { "uv": [ 12.5, 0, 15.5, 16 ], "texture": "#wood" },
				"up": { "uv": [ 12.5, 0, 15.5, 16 ], "texture": "#wood", "cullface": "up" },
				"north": { "uv": [ 0.5, 0, 3.5, 1 ], "texture": "#wood", "cullface": "north" },
				"south": { "uv": [ 12.5, 0, 15.5, 1 ], "texture": "#wood", "cullface": "south" },
				"west": { "uv": [ 0, 0, 16, 1 ], "texture": "#wood" },
				"east": { "uv": [ 0, 0, 16, 1 ], "texture": "#wood", "cullface": "east" }
			}
		}
	],
	"display": {
		"thirdperson_righthand": {
			"rotation":  [ 75, 45, 0 ],
			"translation":  [ 0, 2.5, 0 ],
			"scale":  [ 0.375, 0.375, 0.375 ]
		},
		"thirdperson_lefthand": {
			"rotation":  [ 75, 45, 0 ],
			"translation":  [ 0, 2.5, 0 ],
			"scale":  [ 0.375, 0.375, 0.375 ]
		},
		"firstperson_righthand": {
			"rotation":  [ 0, 45, 0 ],
			"scale":  [ 0.4, 0.4, 0.4 ]
		},
		"firstperson_lefthand": {
			"rotation":  [ 0, 45, 0 ],
			"scale":  [ 0.4, 0.4, 0.4 ]
		},
		"gui": {
			"rotation":  [ 30, 225, 0 ],
			"translation":  [ 0, -0.2, 0 ],
			"scale":  [ 0.625, 0.625, 0.625 ]
		},
		"head": {
			"translation":  [ 0, 15, 0 ]
		},
		"ground": {
			"translation":  [ 0, 3, 0 ],
			"scale":  [ 0.25, 0.25, 0.25 ]
		},
		"fixed": {
			"scale":  [ 0.5, 0.5, 0.5 ]
		}
	}
}