{
    "__comment": "model generated using mr_crayfish's model creator (http://mrcrayfish.com/modelcreator/)",
    "textures": {
    },
    "elements": [
        {
            "name": "cube",
            "from": [ 14.5, 0.0, 7.5 ], 
            "to": [ 15.5, 6.0, 8.5 ], 
            "rotation": { "origin": [ 15.0, 0.0, 8.0 ], "axis": "z", "angle": -22.5 },
            "faces": {
                "north": { "texture": "#-1", "uv": [ 0.0, 0.0, 1.0, 6.0 ] },
                "east": { "texture": "#-1", "uv": [ 0.0, 0.0, 1.0, 6.0 ] },
                "south": { "texture": "#-1", "uv": [ 0.0, 0.0, 1.0, 6.0 ] },
                "west": { "texture": "#-1", "uv": [ 0.0, 0.0, 1.0, 6.0 ] },
                "up": { "texture": "#-1", "uv": [ 0.0, 0.0, 1.0, 1.0 ] },
                "down": { "texture": "#-1", "uv": [ 0.0, 0.0, 1.0, 1.0 ] }
            }
        },
        {
            "name": "cube",
            "from": [ 14.5, 0.0, 7.5 ], 
            "to": [ 15.5, 6.0, 8.5 ], 
            "rotation": { "origin": [ 15.0, 0.0, 8.0 ], "axis": "z", "angle": 22.5 },
            "faces": {
                "north": { "texture": "#-1", "uv": [ 0.0, 0.0, 1.0, 6.0 ] },
                "east": { "texture": "#-1", "uv": [ 0.0, 0.0, 1.0, 6.0 ] },
                "south": { "texture": "#-1", "uv": [ 0.0, 0.0, 1.0, 6.0 ] },
                "west": { "texture": "#-1", "uv": [ 0.0, 0.0, 1.0, 6.0 ] },
                "up": { "texture": "#-1", "uv": [ 0.0, 0.0, 1.0, 1.0 ] },
                "down": { "texture": "#-1", "uv": [ 0.0, 0.0, 1.0, 1.0 ] }
            }
        },
        {
            "name": "cube",
            "from": [ 10.5, 0.0, 7.5 ], 
            "to": [ 11.5, 6.0, 8.5 ], 
            "rotation": { "origin": [ 11.0, 0.0, 8.0 ], "axis": "z", "angle": -22.5 },
            "faces": {
                "north": { "texture": "#-1", "uv": [ 0.0, 0.0, 1.0, 6.0 ] },
                "east": { "texture": "#-1", "uv": [ 0.0, 0.0, 1.0, 6.0 ] },
                "south": { "texture": "#-1", "uv": [ 0.0, 0.0, 1.0, 6.0 ] },
                "west": { "texture": "#-1", "uv": [ 0.0, 0.0, 1.0, 6.0 ] },
                "up": { "texture": "#-1", "uv": [ 0.0, 0.0, 1.0, 1.0 ] },
                "down": { "texture": "#-1", "uv": [ 0.0, 0.0, 1.0, 1.0 ] }
            }
        },
        {
            "name": "cube",
            "from": [ 10.5, 0.0, 7.5 ], 
            "to": [ 11.5, 6.0, 8.5 ], 
            "rotation": { "origin": [ 11.0, 0.0, 8.0 ], "axis": "z", "angle": 22.5 },
            "faces": {
                "north": { "texture": "#-1", "uv": [ 0.0, 0.0, 1.0, 6.0 ] },
                "east": { "texture": "#-1", "uv": [ 0.0, 0.0, 1.0, 6.0 ] },
                "south": { "texture": "#-1", "uv": [ 0.0, 0.0, 1.0, 6.0 ] },
                "west": { "texture": "#-1", "uv": [ 0.0, 0.0, 1.0, 6.0 ] },
                "up": { "texture": "#-1", "uv": [ 0.0, 0.0, 1.0, 1.0 ] },
                "down": { "texture": "#-1", "uv": [ 0.0, 0.0, 1.0, 1.0 ] }
            }
        },
        {
            "name": "cube",
            "from": [ 5.5, 0.0, 7.5 ], 
            "to": [ 6.5, 6.0, 8.5 ], 
            "faces": {
                "north": { "texture": "#-1", "uv": [ 0.0, 0.0, 1.0, 6.0 ] },
                "east": { "texture": "#-1", "uv": [ 0.0, 0.0, 1.0, 6.0 ] },
                "south": { "texture": "#-1", "uv": [ 0.0, 0.0, 1.0, 6.0 ] },
                "west": { "texture": "#-1", "uv": [ 0.0, 0.0, 1.0, 6.0 ] },
                "up": { "texture": "#-1", "uv": [ 0.0, 0.0, 1.0, 1.0 ] },
                "down": { "texture": "#-1", "uv": [ 0.0, 0.0, 1.0, 1.0 ] }
            }
        },
        {
            "name": "cube",
            "from": [ 2.5, 0.0, 7.5 ], 
            "to": [ 3.5, 6.0, 8.5 ], 
            "faces": {
                "north": { "texture": "#-1", "uv": [ 0.0, 0.0, 1.0, 6.0 ] },
                "east": { "texture": "#-1", "uv": [ 0.0, 0.0, 1.0, 6.0 ] },
                "south": { "texture": "#-1", "uv": [ 0.0, 0.0, 1.0, 6.0 ] },
                "west": { "texture": "#-1", "uv": [ 0.0, 0.0, 1.0, 6.0 ] },
                "up": { "texture": "#-1", "uv": [ 0.0, 0.0, 1.0, 1.0 ] },
                "down": { "texture": "#-1", "uv": [ 0.0, 0.0, 1.0, 1.0 ] }
            }
        },
        {
            "name": "cube",
            "from": [ 0.5, 5.0, 7.5 ], 
            "to": [ 2.5, 6.0, 8.5 ], 
            "faces": {
                "north": { "texture": "#-1", "uv": [ 0.0, 0.0, 2.0, 1.0 ] },
                "east": { "texture": "#-1", "uv": [ 0.0, 0.0, 1.0, 1.0 ] },
                "south": { "texture": "#-1", "uv": [ 0.0, 0.0, 2.0, 1.0 ] },
                "west": { "texture": "#-1", "uv": [ 0.0, 0.0, 1.0, 1.0 ] },
                "up": { "texture": "#-1", "uv": [ 0.0, 0.0, 2.0, 1.0 ] },
                "down": { "texture": "#-1", "uv": [ 0.0, 0.0, 2.0, 1.0 ] }
            }
        },
        {
            "name": "cube",
            "from": [ 0.5, 2.0, 7.5 ], 
            "to": [ 2.5, 3.0, 8.5 ], 
            "faces": {
                "north": { "texture": "#-1", "uv": [ 0.0, 0.0, 2.0, 1.0 ] },
                "east": { "texture": "#-1", "uv": [ 0.0, 0.0, 1.0, 1.0 ] },
                "south": { "texture": "#-1", "uv": [ 0.0, 0.0, 2.0, 1.0 ] },
                "west": { "texture": "#-1", "uv": [ 0.0, 0.0, 1.0, 1.0 ] },
                "up": { "texture": "#-1", "uv": [ 0.0, 0.0, 2.0, 1.0 ] },
                "down": { "texture": "#-1", "uv": [ 0.0, 0.0, 2.0, 1.0 ] }
            }
        },
        {
            "name": "cube",
            "from": [ -0.5, 3.0, 7.5 ], 
            "to": [ 0.5, 5.0, 8.5 ], 
            "faces": {
                "north": { "texture": "#-1", "uv": [ 0.0, 0.0, 1.0, 2.0 ] },
                "east": { "texture": "#-1", "uv": [ 0.0, 0.0, 1.0, 2.0 ] },
                "south": { "texture": "#-1", "uv": [ 0.0, 0.0, 1.0, 2.0 ] },
                "west": { "texture": "#-1", "uv": [ 0.0, 0.0, 1.0, 2.0 ] },
                "up": { "texture": "#-1", "uv": [ 0.0, 0.0, 1.0, 1.0 ] },
                "down": { "texture": "#-1", "uv": [ 0.0, 0.0, 1.0, 1.0 ] }
            }
        }
    ]
}
