{
	"__comment": "model generated using mr_crayfish's model creator (http://mrcrayfish.com/modelcreator/)",
	"textures": {
		"particle": "#side",
		"side": "#side",
		"ends": "#ends",
		"texture": "#metal"
	},
	"elements": [
		{
			"from": [ 5, 1, 13 ],
			"to": [ 11, 2, 16 ],
			"faces": {
				"down": { "uv": [ 11, 16, 5, 13 ], "texture": "#side" },
				"up": { "uv": [ 5, 13, 11, 16 ], "texture": "#side" },
				"north": { "uv": [ 11, 15, 5, 14 ], "texture": "#ends" },
				"south": { "uv": [ 5, 0, 11, 1 ], "texture": "#ends" },
				"west": { "uv": [ 1, 13, 2, 16 ], "texture": "#side", "rotation": 270 },
				"east": { "uv": [ 14, 13, 15, 16 ], "texture": "#side", "rotation": 90 }
			}
		},
		{
			"from": [ 11, 2, 13 ],
			"to": [ 13, 3, 16 ],
			"faces": {
				"down": { "uv": [ 5, 16, 3, 13 ], "texture": "#side" },
				"up": { "uv": [ 11, 13, 13, 16 ], "texture": "#side" },
				"north": { "uv": [ 5, 14, 3, 13 ], "texture": "#ends" },
				"south": { "uv": [ 7, 1, 9, 2 ], "texture": "#ends" },
				"west": { "uv": [ 2, 13, 3, 16 ], "texture": "#side", "rotation": 270 },
				"east": { "uv": [ 13, 13, 14, 16 ], "texture": "#side", "rotation": 90 }
			}
		},
		{
			"from": [ 13, 3, 13 ],
			"to": [ 14, 5, 16 ],
			"faces": {
				"down": { "uv": [ 3, 16, 2, 13 ], "texture": "#side" },
				"up": { "uv": [ 13, 13, 14, 16 ], "texture": "#side" },
				"north": { "uv": [ 3, 13, 2, 11 ], "texture": "#ends" },
				"south": { "uv": [ 1, 4, 2, 6 ], "texture": "#ends" },
				"west": { "uv": [ 3, 13, 5, 16 ], "texture": "#side", "rotation": 270 },
				"east": { "uv": [ 11, 13, 13, 16 ], "texture": "#side", "rotation": 90 }
			}
		},
		{
			"from": [ 14, 5, 13 ],
			"to": [ 15, 11, 16 ],
			"faces": {
				"down": { "uv": [ 2, 16, 1, 13 ], "texture": "#side" },
				"up": { "uv": [ 14, 13, 15, 16 ], "texture": "#side" },
				"north": { "uv": [ 2, 11, 1, 5 ], "texture": "#ends" },
				"south": { "uv": [ 1, 6, 2, 12 ], "texture": "#ends" },
				"west": { "uv": [ 5, 13, 11, 16 ], "texture": "#side", "rotation": 270 },
				"east": { "uv": [ 5, 13, 11, 16 ], "texture": "#side", "rotation": 90 }
			}
		},
		{
			"from": [ 13, 11, 13 ],
			"to": [ 14, 13, 16 ],
			"faces": {
				"down": { "uv": [ 3, 16, 2, 13 ], "texture": "#side" },
				"up": { "uv": [ 13, 13, 14, 16 ], "texture": "#side" },
				"north": { "uv": [ 3, 5, 2, 3 ], "texture": "#ends" },
				"south": { "uv": [ 1, 4, 2, 6 ], "texture": "#ends" },
				"west": { "uv": [ 11, 13, 13, 16 ], "texture": "#side", "rotation": 270 },
				"east": { "uv": [ 3, 13, 5, 16 ], "texture": "#side", "rotation": 90 }
			}
		},
		{
			"from": [ 11, 13, 13 ],
			"to": [ 13, 14, 16 ],
			"faces": {
				"down": { "uv": [ 5, 16, 3, 13 ], "texture": "#side" },
				"up": { "uv": [ 11, 13, 13, 16 ], "texture": "#side" },
				"north": { "uv": [ 5, 3, 3, 2 ], "texture": "#ends" },
				"south": { "uv": [ 6, 1, 8, 2 ], "texture": "#ends" },
				"west": { "uv": [ 13, 13, 14, 16 ], "texture": "#side", "rotation": 270 },
				"east": { "uv": [ 2, 13, 3, 16 ], "texture": "#side", "rotation": 90 }
			}
		},
		{
			"from": [ 5, 14, 13 ],
			"to": [ 11, 15, 16 ],
			"faces": {
				"down": { "uv": [ 11, 16, 5, 13 ], "texture": "#side" },
				"up": { "uv": [ 5, 13, 11, 16 ], "texture": "#side" },
				"north": { "uv": [ 11, 2, 5, 1 ], "texture": "#ends" },
				"south": { "uv": [ 7, 14, 13, 15 ], "texture": "#ends" },
				"west": { "uv": [ 14, 13, 15, 16 ], "texture": "#side", "rotation": 270 },
				"east": { "uv": [ 1, 13, 2, 16 ], "texture": "#side", "rotation": 90 }
			}
		},
		{
			"from": [ 3, 2, 13 ],
			"to": [ 5, 3, 16 ],
			"faces": {
				"down": { "uv": [ 13, 16, 11, 13 ], "texture": "#side" },
				"up": { "uv": [ 3, 13, 5, 16 ], "texture": "#side" },
				"north": { "uv": [ 13, 14, 11, 13 ], "texture": "#ends" },
				"south": { "uv": [ 6, 14, 8, 15 ], "texture": "#ends" },
				"west": { "uv": [ 2, 13, 3, 16 ], "texture": "#side", "rotation": 270 },
				"east": { "uv": [ 14, 13, 15, 16 ], "texture": "#side", "rotation": 90 }
			}
		},
		{
			"from": [ 3, 13, 13 ],
			"to": [ 5, 14, 16 ],
			"faces": {
				"down": { "uv": [ 13, 16, 11, 13 ], "texture": "#side" },
				"up": { "uv": [ 3, 13, 5, 16 ], "texture": "#side" },
				"north": { "uv": [ 13, 3, 11, 2 ], "texture": "#ends" },
				"south": { "uv": [ 6, 1, 8, 2 ], "texture": "#ends" },
				"west": { "uv": [ 13, 13, 14, 16 ], "texture": "#side", "rotation": 270 },
				"east": { "uv": [ 13, 13, 14, 16 ], "texture": "#side", "rotation": 90 }
			}
		},
		{
			"from": [ 2, 11, 13 ],
			"to": [ 3, 13, 16 ],
			"faces": {
				"down": { "uv": [ 14, 16, 13, 13 ], "texture": "#side" },
				"up": { "uv": [ 2, 13, 3, 16 ], "texture": "#side" },
				"north": { "uv": [ 14, 5, 13, 3 ], "texture": "#ends" },
				"south": { "uv": [ 13, 12, 14, 14 ], "texture": "#ends" },
				"west": { "uv": [ 11, 13, 13, 16 ], "texture": "#side", "rotation": 270 },
				"east": { "uv": [ 3, 13, 5, 16 ], "texture": "#side", "rotation": 90 }
			}
		},
		{
			"from": [ 2, 3, 13 ],
			"to": [ 3, 5, 16 ],
			"faces": {
				"down": { "uv": [ 14, 16, 13, 13 ], "texture": "#side" },
				"up": { "uv": [ 2, 13, 3, 16 ], "texture": "#side" },
				"north": { "uv": [ 14, 13, 13, 11 ], "texture": "#ends" },
				"south": { "uv": [ 1, 5, 2, 7 ], "texture": "#ends" },
				"west": { "uv": [ 3, 13, 5, 16 ], "texture": "#side", "rotation": 270 },
				"east": { "uv": [ 11, 13, 13, 16 ], "texture": "#side", "rotation": 90 }
			}
		},
		{
			"from": [ 1, 5, 13 ],
			"to": [ 2, 11, 16 ],
			"faces": {
				"down": { "uv": [ 15, 16, 14, 13 ], "texture": "#side" },
				"up": { "uv": [ 1, 13, 2, 16 ], "texture": "#side" },
				"north": { "uv": [ 15, 11, 14, 5 ], "texture": "#ends" },
				"south": { "uv": [ 14, 6, 15, 12 ], "texture": "#ends" },
				"west": { "uv": [ 5, 13, 11, 16 ], "texture": "#side", "rotation": 270 },
				"east": { "uv": [ 5, 13, 11, 16 ], "texture": "#side", "rotation": 90 }
			}
		},
		{
			"from": [ 5, 0, 3 ],
			"to": [ 11, 1, 13 ],
			"faces": {
				"down": { "uv": [ 11, 13, 5, 3 ], "texture": "#side" },
				"up": { "uv": [ 5, 3, 11, 13 ], "texture": "#side" },
				"north": { "uv": [ 10, 15, 4, 14 ], "texture": "#ends" },
				"south": { "uv": [ 5, 0, 11, 1 ], "texture": "#ends" },
				"west": { "uv": [ 0, 3, 1, 13 ], "texture": "#side", "rotation": 270 },
				"east": { "uv": [ 15, 3, 16, 13 ], "texture": "#side", "rotation": 90 }
			}
		},
		{
			"from": [ 11, 1, 3 ],
			"to": [ 13, 2, 13 ],
			"faces": {
				"down": { "uv": [ 5, 13, 3, 3 ], "texture": "#side" },
				"up": { "uv": [ 11, 3, 13, 13 ], "texture": "#side" },
				"north": { "uv": [ 8, 16, 6, 15 ], "texture": "#ends" },
				"south": { "uv": [ 11, 1, 13, 2 ], "texture": "#ends" },
				"west": { "uv": [ 1, 3, 2, 13 ], "texture": "#side", "rotation": 270 },
				"east": { "uv": [ 14, 3, 15, 13 ], "texture": "#side", "rotation": 90 }
			}
		},
		{
			"from": [ 13, 2, 3 ],
			"to": [ 14, 3, 13 ],
			"faces": {
				"down": { "uv": [ 3, 13, 2, 3 ], "texture": "#side" },
				"up": { "uv": [ 13, 3, 14, 13 ], "texture": "#side" },
				"north": { "uv": [ 3, 14, 2, 13 ], "texture": "#ends" },
				"south": { "uv": [ 13, 2, 14, 3 ], "texture": "#ends" },
				"west": { "uv": [ 2, 3, 3, 13 ], "texture": "#side", "rotation": 270 },
				"east": { "uv": [ 13, 3, 14, 13 ], "texture": "#side", "rotation": 90 }
			}
		},
		{
			"from": [ 14, 3, 3 ],
			"to": [ 15, 5, 13 ],
			"faces": {
				"down": { "uv": [ 2, 13, 1, 3 ], "texture": "#side" },
				"up": { "uv": [ 14, 3, 15, 13 ], "texture": "#side" },
				"north": { "uv": [ 2, 11, 1, 9 ], "texture": "#ends" },
				"south": { "uv": [ 1, 4, 2, 6 ], "texture": "#ends" },
				"west": { "uv": [ 3, 3, 5, 13 ], "texture": "#side", "rotation": 270 },
				"east": { "uv": [ 11, 3, 13, 13 ], "texture": "#side", "rotation": 90 }
			}
		},
		{
			"from": [ 15, 5, 3 ],
			"to": [ 16, 11, 13 ],
			"faces": {
				"down": { "uv": [ 1, 13, 0, 3 ], "texture": "#side" },
				"up": { "uv": [ 15, 3, 16, 13 ], "texture": "#side" },
				"north": { "uv": [ 2, 13, 1, 7 ], "texture": "#ends" },
				"south": { "uv": [ 1, 6, 2, 12 ], "texture": "#ends" },
				"west": { "uv": [ 5, 3, 11, 13 ], "texture": "#side", "rotation": 270 },
				"east": { "uv": [ 5, 3, 11, 13 ], "texture": "#side", "rotation": 90 }
			}
		},
		{
			"from": [ 14, 11, 3 ],
			"to": [ 15, 13, 13 ],
			"faces": {
				"down": { "uv": [ 1, 13, 0, 3 ], "texture": "#side" },
				"up": { "uv": [ 14, 3, 15, 13 ], "texture": "#side" },
				"north": { "uv": [ 2, 7, 1, 5 ], "texture": "#ends" },
				"south": { "uv": [ 1, 4, 2, 6 ], "texture": "#ends" },
				"west": { "uv": [ 11, 3, 13, 13 ], "texture": "#side", "rotation": 270 },
				"east": { "uv": [ 3, 3, 5, 13 ], "texture": "#side", "rotation": 90 }
			}
		},
		{
			"from": [ 13, 13, 3 ],
			"to": [ 14, 14, 13 ],
			"faces": {
				"down": { "uv": [ 2, 13, 1, 3 ], "texture": "#side" },
				"up": { "uv": [ 13, 3, 14, 13 ], "texture": "#side" },
				"north": { "uv": [ 3, 3, 2, 2 ], "texture": "#ends" },
				"south": { "uv": [ 2, 2, 3, 3 ], "texture": "#ends" },
				"west": { "uv": [ 13, 3, 14, 13 ], "texture": "#side", "rotation": 270 },
				"east": { "uv": [ 2, 3, 3, 13 ], "texture": "#side", "rotation": 90 }
			}
		},
		{
			"from": [ 11, 14, 3 ],
			"to": [ 13, 15, 13 ],
			"faces": {
				"down": { "uv": [ 5, 13, 3, 3 ], "texture": "#side" },
				"up": { "uv": [ 11, 3, 13, 13 ], "texture": "#side" },
				"north": { "uv": [ 8, 2, 6, 1 ], "texture": "#ends" },
				"south": { "uv": [ 5, 14, 7, 15 ], "texture": "#ends" },
				"west": { "uv": [ 14, 3, 15, 13 ], "texture": "#side", "rotation": 270 },
				"east": { "uv": [ 1, 3, 2, 13 ], "texture": "#side", "rotation": 90 }
			}
		},
		{
			"from": [ 5, 15, 3 ],
			"to": [ 11, 16, 13 ],
			"faces": {
				"down": { "uv": [ 11, 13, 5, 3 ], "texture": "#side" },
				"up": { "uv": [ 5, 3, 11, 13 ], "texture": "#side" },
				"north": { "uv": [ 10, 2, 4, 1 ], "texture": "#ends" },
				"south": { "uv": [ 3, 14, 9, 15 ], "texture": "#ends" },
				"west": { "uv": [ 15, 3, 16, 13 ], "texture": "#side", "rotation": 270 },
				"east": { "uv": [ 0, 3, 1, 13 ], "texture": "#side", "rotation": 90 }
			}
		},
		{
			"from": [ 3, 1, 3 ],
			"to": [ 5, 2, 13 ],
			"faces": {
				"down": { "uv": [ 13, 13, 11, 3 ], "texture": "#side" },
				"up": { "uv": [ 3, 3, 5, 13 ], "texture": "#side" },
				"north": { "uv": [ 9, 2, 7, 1 ], "texture": "#ends" },
				"south": { "uv": [ 10, 14, 12, 15 ], "texture": "#ends" },
				"west": { "uv": [ 1, 3, 2, 13 ], "texture": "#side", "rotation": 270 },
				"east": { "uv": [ 14, 3, 15, 13 ], "texture": "#side", "rotation": 90 }
			}
		},
		{
			"from": [ 2, 2, 3 ],
			"to": [ 3, 3, 13 ],
			"faces": {
				"down": { "uv": [ 14, 13, 13, 3 ], "texture": "#side" },
				"up": { "uv": [ 2, 3, 3, 13 ], "texture": "#side" },
				"north": { "uv": [ 14, 14, 13, 13 ], "texture": "#ends" },
				"south": { "uv": [ 13, 13, 14, 14 ], "texture": "#ends" },
				"west": { "uv": [ 2, 3, 3, 13 ], "texture": "#side", "rotation": 270 },
				"east": { "uv": [ 13, 3, 14, 13 ], "texture": "#side", "rotation": 90 }
			}
		},
		{
			"from": [ 1, 3, 3 ],
			"to": [ 2, 5, 13 ],
			"faces": {
				"down": { "uv": [ 15, 13, 14, 3 ], "texture": "#side" },
				"up": { "uv": [ 1, 3, 2, 13 ], "texture": "#side" },
				"north": { "uv": [ 16, 9, 15, 7 ], "texture": "#ends" },
				"south": { "uv": [ 0, 5, 1, 7 ], "texture": "#ends" },
				"west": { "uv": [ 3, 3, 5, 13 ], "texture": "#side", "rotation": 270 },
				"east": { "uv": [ 11, 3, 13, 13 ], "texture": "#side", "rotation": 90 }
			}
		},
		{
			"from": [ 0, 5, 3 ],
			"to": [ 1, 11, 13 ],
			"faces": {
				"down": { "uv": [ 16, 13, 15, 3 ], "texture": "#side" },
				"up": { "uv": [ 0, 3, 1, 13 ], "texture": "#side" },
				"north": { "uv": [ 16, 11, 15, 5 ], "texture": "#ends" },
				"south": { "uv": [ 14, 6, 15, 12 ], "texture": "#ends" },
				"west": { "uv": [ 5, 3, 11, 13 ], "texture": "#side", "rotation": 270 },
				"east": { "uv": [ 5, 3, 11, 13 ], "texture": "#side", "rotation": 90 }
			}
		},
		{
			"from": [ 1, 11, 3 ],
			"to": [ 2, 13, 13 ],
			"faces": {
				"down": { "uv": [ 15, 13, 14, 3 ], "texture": "#side" },
				"up": { "uv": [ 1, 3, 2, 13 ], "texture": "#side" },
				"north": { "uv": [ 15, 13, 14, 11 ], "texture": "#ends" },
				"south": { "uv": [ 1, 5, 2, 7 ], "texture": "#ends" },
				"west": { "uv": [ 11, 3, 13, 13 ], "texture": "#side", "rotation": 270 },
				"east": { "uv": [ 3, 3, 5, 13 ], "texture": "#side", "rotation": 90 }
			}
		},
		{
			"from": [ 3, 14, 3 ],
			"to": [ 5, 15, 13 ],
			"faces": {
				"down": { "uv": [ 13, 13, 11, 3 ], "texture": "#side" },
				"up": { "uv": [ 3, 3, 5, 13 ], "texture": "#side" },
				"north": { "uv": [ 11, 15, 9, 14 ], "texture": "#ends" },
				"south": { "uv": [ 6, 1, 8, 2 ], "texture": "#ends" },
				"west": { "uv": [ 13, 3, 14, 13 ], "texture": "#side", "rotation": 270 },
				"east": { "uv": [ 2, 3, 3, 13 ], "texture": "#side", "rotation": 90 }
			}
		},
		{
			"from": [ 2, 13, 3 ],
			"to": [ 3, 14, 13 ],
			"faces": {
				"down": { "uv": [ 14, 14, 13, 4 ], "texture": "#side" },
				"up": { "uv": [ 2, 3, 3, 13 ], "texture": "#side" },
				"north": { "uv": [ 14, 14, 13, 13 ], "texture": "#ends" },
				"south": { "uv": [ 2, 13, 3, 14 ], "texture": "#ends" },
				"west": { "uv": [ 14, 3, 15, 13 ], "texture": "#side", "rotation": 270 },
				"east": { "uv": [ 1, 3, 2, 13 ], "texture": "#side", "rotation": 90 }
			}
		},
		{
			"from": [ 5, 1, 0 ],
			"to": [ 11, 2, 3 ],
			"faces": {
				"down": { "uv": [ 11, 3, 5, 0 ], "texture": "#side" },
				"up": { "uv": [ 5, 0, 11, 3 ], "texture": "#side" },
				"north": { "uv": [ 11, 1, 5, 0 ], "texture": "#ends" },
				"south": { "uv": [ 0, 0, 10, 2 ], "texture": "#-1" },
				"west": { "uv": [ 1, 0, 2, 3 ], "texture": "#side", "rotation": 270 },
				"east": { "uv": [ 14, 0, 15, 3 ], "texture": "#side", "rotation": 90 }
			}
		},
		{
			"from": [ 11, 2, 0 ],
			"to": [ 13, 3, 3 ],
			"faces": {
				"down": { "uv": [ 5, 3, 3, 0 ], "texture": "#side" },
				"up": { "uv": [ 11, 0, 13, 3 ], "texture": "#side" },
				"north": { "uv": [ 5, 2, 3, 1 ], "texture": "#ends" },
				"south": { "uv": [ 0, 0, 2, 1 ], "texture": "#-1" },
				"west": { "uv": [ 2, 0, 3, 3 ], "texture": "#side", "rotation": 270 },
				"east": { "uv": [ 13, 0, 14, 3 ], "texture": "#side", "rotation": 90 }
			}
		},
		{
			"from": [ 13, 3, 0 ],
			"to": [ 14, 5, 3 ],
			"faces": {
				"down": { "uv": [ 3, 3, 2, 0 ], "texture": "#side" },
				"up": { "uv": [ 13, 0, 14, 3 ], "texture": "#side" },
				"north": { "uv": [ 2, 7, 1, 5 ], "texture": "#ends" },
				"south": { "uv": [ 0, 0, 1, 2 ], "texture": "#-1" },
				"west": { "uv": [ 3, 0, 5, 3 ], "texture": "#side", "rotation": 270 },
				"east": { "uv": [ 11, 0, 13, 3 ], "texture": "#side", "rotation": 90 }
			}
		},
		{
			"from": [ 14, 5, 0 ],
			"to": [ 15, 11, 3 ],
			"faces": {
				"down": { "uv": [ 2, 3, 1, 0 ], "texture": "#side" },
				"up": { "uv": [ 14, 0, 15, 3 ], "texture": "#side" },
				"north": { "uv": [ 15, 12, 14, 6 ], "texture": "#ends" },
				"south": { "uv": [ 0, 0, 1, 6 ], "texture": "#-1" },
				"west": { "uv": [ 5, 0, 11, 3 ], "texture": "#side", "rotation": 270 },
				"east": { "uv": [ 5, 0, 11, 3 ], "texture": "#side", "rotation": 90 }
			}
		},
		{
			"from": [ 13, 11, 0 ],
			"to": [ 14, 13, 3 ],
			"faces": {
				"down": { "uv": [ 3, 3, 2, 0 ], "texture": "#side" },
				"up": { "uv": [ 13, 0, 14, 3 ], "texture": "#side" },
				"north": { "uv": [ 2, 11, 1, 9 ], "texture": "#ends" },
				"south": { "uv": [ 0, 0, 1, 2 ], "texture": "#-1" },
				"west": { "uv": [ 11, 0, 13, 3 ], "texture": "#side", "rotation": 270 },
				"east": { "uv": [ 3, 0, 5, 3 ], "texture": "#side", "rotation": 90 }
			}
		},
		{
			"from": [ 11, 13, 0 ],
			"to": [ 13, 14, 3 ],
			"faces": {
				"down": { "uv": [ 4, 3, 2, 0 ], "texture": "#side" },
				"up": { "uv": [ 11, 0, 13, 3 ], "texture": "#side" },
				"north": { "uv": [ 8, 1, 6, 0 ], "texture": "#ends" },
				"south": { "uv": [ 0, 0, 2, 1 ], "texture": "#-1" },
				"west": { "uv": [ 13, 0, 14, 3 ], "texture": "#side", "rotation": 270 },
				"east": { "uv": [ 2, 0, 3, 3 ], "texture": "#side", "rotation": 90 }
			}
		},
		{
			"from": [ 5, 14, 0 ],
			"to": [ 11, 15, 3 ],
			"faces": {
				"down": { "uv": [ 11, 3, 5, 0 ], "texture": "#side" },
				"up": { "uv": [ 5, 0, 11, 3 ], "texture": "#side" },
				"north": { "uv": [ 9, 15, 3, 14 ], "texture": "#ends" },
				"south": { "uv": [ 0, 0, 6, 1 ], "texture": "#-1" },
				"west": { "uv": [ 14, 0, 15, 3 ], "texture": "#side", "rotation": 270 },
				"east": { "uv": [ 1, 0, 2, 3 ], "texture": "#side", "rotation": 90 }
			}
		},
		{
			"from": [ 3, 2, 0 ],
			"to": [ 5, 3, 3 ],
			"faces": {
				"down": { "uv": [ 13, 3, 11, 0 ], "texture": "#side" },
				"up": { "uv": [ 3, 0, 5, 3 ], "texture": "#side" },
				"north": { "uv": [ 8, 2, 6, 1 ], "texture": "#ends" },
				"south": { "uv": [ 0, 0, 2, 1 ], "texture": "#-1" },
				"west": { "uv": [ 1, 0, 2, 3 ], "texture": "#side", "rotation": 270 },
				"east": { "uv": [ 13, 0, 14, 3 ], "texture": "#side", "rotation": 90 }
			}
		},
		{
			"from": [ 2, 3, 0 ],
			"to": [ 3, 5, 3 ],
			"faces": {
				"down": { "uv": [ 14, 3, 13, 0 ], "texture": "#side" },
				"up": { "uv": [ 2, 0, 3, 3 ], "texture": "#side" },
				"north": { "uv": [ 2, 6, 1, 4 ], "texture": "#ends" },
				"south": { "uv": [ 0, 0, 1, 2 ], "texture": "#-1" },
				"west": { "uv": [ 3, 0, 5, 3 ], "texture": "#side", "rotation": 270 },
				"east": { "uv": [ 11, 0, 13, 3 ], "texture": "#side", "rotation": 90 }
			}
		},
		{
			"from": [ 3, 13, 0 ],
			"to": [ 5, 14, 3 ],
			"faces": {
				"down": { "uv": [ 13, 3, 11, 0 ], "texture": "#side" },
				"up": { "uv": [ 3, 0, 5, 3 ], "texture": "#side" },
				"north": { "uv": [ 8, 2, 6, 1 ], "texture": "#ends" },
				"south": { "uv": [ 0, 0, 2, 1 ], "texture": "#-1" },
				"west": { "uv": [ 13, 0, 14, 3 ], "texture": "#side", "rotation": 270 },
				"east": { "uv": [ 2, 0, 3, 3 ], "texture": "#side", "rotation": 90 }
			}
		},
		{
			"from": [ 2, 11, 0 ],
			"to": [ 3, 13, 3 ],
			"faces": {
				"down": { "uv": [ 14, 3, 13, 0 ], "texture": "#side" },
				"up": { "uv": [ 2, 0, 3, 3 ], "texture": "#side" },
				"north": { "uv": [ 2, 6, 1, 4 ], "texture": "#ends" },
				"south": { "uv": [ 0, 0, 1, 2 ], "texture": "#-1" },
				"west": { "uv": [ 11, 0, 13, 3 ], "texture": "#side", "rotation": 270 },
				"east": { "uv": [ 3, 0, 5, 3 ], "texture": "#side", "rotation": 90 }
			}
		},
		{
			"from": [ 1, 5, 0 ],
			"to": [ 2, 11, 3 ],
			"faces": {
				"down": { "uv": [ 13, 3, 14, 0 ], "texture": "#side" },
				"up": { "uv": [ 1, 0, 2, 3 ], "texture": "#side" },
				"north": { "uv": [ 16, 11, 15, 5 ], "texture": "#ends" },
				"south": { "uv": [ 0, 0, 2, 3 ], "texture": "#-1" },
				"west": { "uv": [ 5, 0, 11, 3 ], "texture": "#side", "rotation": 270 },
				"east": { "uv": [ 5, 0, 11, 3 ], "texture": "#side", "rotation": 90 }
			}
		},
		{
			"from": [ 5, 2, 14 ],
			"to": [ 11, 14, 15 ],
			"faces": {
				"down": { "uv": [ 12, 9, 6, 8 ], "texture": "#-1" },
				"up": { "uv": [ 0, 0, 6, 1 ], "texture": "#-1" },
				"north": { "uv": [ 11, 14, 5, 2 ], "texture": "#ends" },
				"south": { "uv": [ 5, 2, 11, 14 ], "texture": "#ends" },
				"west": { "uv": [ 0, 0, 12, 1 ], "texture": "#-1", "rotation": 270 },
				"east": { "uv": [ 0, 0, 12, 1 ], "texture": "#-1", "rotation": 90 }
			}
		},
		{
			"from": [ 3, 3, 14 ],
			"to": [ 5, 13, 15 ],
			"faces": {
				"down": { "uv": [ 4, 5, 2, 4 ], "texture": "#-1" },
				"up": { "uv": [ 0, 0, 2, 1 ], "texture": "#-1" },
				"north": { "uv": [ 5, 13, 3, 3 ], "texture": "#ends" },
				"south": { "uv": [ 3, 3, 5, 13 ], "texture": "#ends" },
				"west": { "uv": [ 0, 0, 10, 1 ], "texture": "#-1", "rotation": 270 },
				"east": { "uv": [ 0, 0, 10, 1 ], "texture": "#-1", "rotation": 90 }
			}
		},
		{
			"from": [ 2, 5, 14 ],
			"to": [ 3, 11, 15 ],
			"faces": {
				"down": { "uv": [ 4, 4, 3, 3 ], "texture": "#-1" },
				"up": { "uv": [ 0, 0, 1, 1 ], "texture": "#-1" },
				"north": { "uv": [ 3, 11, 2, 5 ], "texture": "#ends" },
				"south": { "uv": [ 2, 5, 3, 11 ], "texture": "#ends" },
				"west": { "uv": [ 0, 0, 6, 1 ], "texture": "#-1", "rotation": 270 },
				"east": { "uv": [ 0, 0, 6, 1 ], "texture": "#-1", "rotation": 90 }
			}
		},
		{
			"from": [ 11, 3, 14 ],
			"to": [ 13, 13, 15 ],
			"faces": {
				"down": { "uv": [ 2, 1, 0, 0 ], "texture": "#-1" },
				"up": { "uv": [ 0, 0, 2, 1 ], "texture": "#-1" },
				"north": { "uv": [ 13, 13, 11, 3 ], "texture": "#ends" },
				"south": { "uv": [ 11, 3, 13, 13 ], "texture": "#ends" },
				"west": { "uv": [ 0, 0, 10, 1 ], "texture": "#-1", "rotation": 270 },
				"east": { "uv": [ 0, 0, 10, 1 ], "texture": "#-1", "rotation": 90 }
			}
		},
		{
			"from": [ 13, 5, 14 ],
			"to": [ 14, 11, 15 ],
			"faces": {
				"down": { "uv": [ 1, 1, 0, 0 ], "texture": "#-1" },
				"up": { "uv": [ 0, 0, 1, 1 ], "texture": "#-1" },
				"north": { "uv": [ 14, 11, 13, 5 ], "texture": "#ends" },
				"south": { "uv": [ 13, 5, 14, 11 ], "texture": "#ends" },
				"west": { "uv": [ 0, 0, 6, 1 ], "texture": "#-1", "rotation": 270 },
				"east": { "uv": [ 0, 0, 6, 1 ], "texture": "#-1", "rotation": 90 }
			}
		},
		{
			"from": [ 5, 2, 1 ],
			"to": [ 11, 14, 2 ],
			"faces": {
				"down": { "uv": [ 6, 1, 0, 0 ], "texture": "#-1" },
				"up": { "uv": [ 0, 0, 6, 1 ], "texture": "#-1" },
				"north": { "uv": [ 11, 14, 5, 2 ], "texture": "#ends" },
				"south": { "uv": [ 5, 2, 11, 14 ], "texture": "#ends" },
				"west": { "uv": [ 0, 0, 12, 1 ], "texture": "#-1", "rotation": 270 },
				"east": { "uv": [ 0, 0, 12, 1 ], "texture": "#-1", "rotation": 90 }
			}
		},
		{
			"from": [ 3, 3, 1 ],
			"to": [ 5, 13, 2 ],
			"faces": {
				"down": { "uv": [ 2, 1, 0, 0 ], "texture": "#-1" },
				"up": { "uv": [ 0, 0, 2, 1 ], "texture": "#-1" },
				"north": { "uv": [ 5, 13, 3, 3 ], "texture": "#ends" },
				"south": { "uv": [ 3, 3, 5, 13 ], "texture": "#ends" },
				"west": { "uv": [ 0, 0, 10, 1 ], "texture": "#-1", "rotation": 270 },
				"east": { "uv": [ 0, 0, 10, 1 ], "texture": "#-1", "rotation": 90 }
			}
		},
		{
			"from": [ 2, 5, 1 ],
			"to": [ 3, 11, 2 ],
			"faces": {
				"down": { "uv": [ 1, 1, 0, 0 ], "texture": "#-1" },
				"up": { "uv": [ 0, 0, 1, 1 ], "texture": "#-1" },
				"north": { "uv": [ 3, 11, 2, 5 ], "texture": "#ends" },
				"south": { "uv": [ 2, 5, 3, 11 ], "texture": "#ends" },
				"west": { "uv": [ 0, 0, 6, 1 ], "texture": "#-1", "rotation": 270 },
				"east": { "uv": [ 0, 0, 6, 1 ], "texture": "#-1", "rotation": 90 }
			}
		},
		{
			"from": [ 11, 3, 1 ],
			"to": [ 13, 13, 2 ],
			"faces": {
				"down": { "uv": [ 2, 1, 0, 0 ], "texture": "#-1" },
				"up": { "uv": [ 0, 0, 2, 1 ], "texture": "#-1" },
				"north": { "uv": [ 13, 13, 11, 3 ], "texture": "#ends" },
				"south": { "uv": [ 11, 3, 13, 13 ], "texture": "#ends" },
				"west": { "uv": [ 0, 0, 10, 1 ], "texture": "#-1", "rotation": 270 },
				"east": { "uv": [ 0, 0, 10, 1 ], "texture": "#-1", "rotation": 90 }
			}
		},
		{
			"from": [ 13, 5, 1 ],
			"to": [ 14, 11, 2 ],
			"faces": {
				"down": { "uv": [ 1, 1, 0, 0 ], "texture": "#ends" },
				"up": { "uv": [ 0, 0, 1, 1 ], "texture": "#-1" },
				"north": { "uv": [ 14, 11, 13, 5 ], "texture": "#ends" },
				"south": { "uv": [ 13, 5, 14, 11 ], "texture": "#ends" },
				"west": { "uv": [ 0, 0, 6, 1 ], "texture": "#-1", "rotation": 270 },
				"east": { "uv": [ 0, 0, 6, 1 ], "texture": "#-1", "rotation": 90 }
			}
		}
	],
	"display": {
		"thirdperson_righthand": {
			"translation":  [ 0, 2.5, 2 ],
			"scale":  [ 0.3, 0.3, 0.3 ]
		},
		"thirdperson_lefthand": {
			"translation":  [ 0, 2.5, 2 ],
			"scale":  [ 0.3, 0.3, 0.3 ]
		},
		"firstperson_righthand": {
			"rotation":  [ 0, 45, 0 ],
			"scale":  [ 0.4, 0.4, 0.4 ]
		},
		"firstperson_lefthand": {
			"rotation":  [ 0, 45, 0 ],
			"scale":  [ 0.4, 0.4, 0.4 ]
		},
		"gui": {
			"rotation":  [ 35, 45, 0 ],
			"scale":  [ 0.7, 0.7, 0.7 ]
		},
		"head": {
			"translation":  [ 0, 15, 0 ]
		},
		"ground": {
			"translation":  [ 0, 3, 0 ],
			"scale":  [ 0.25, 0.25, 0.25 ]
		},
		"fixed": {
			"rotation":  [ 0, 90, 0 ]
		}
	}
}