{
	"__comment": "Designed by JTK222",
	"textures": {
		"particle": "#top",
		"texture": "#texture",
		"top": "#top"
	},
	"elements": [
		{
			"__comment": "Center",
			"from": [ 6, 0, 7 ],
			"to": [ 10, 16, 9 ],
			"faces": {
				"down": { "uv": [ 6, 7, 10, 9 ], "texture": "#top" },
				"up": { "uv": [ 6, 7, 10, 9 ], "texture": "#top" },
				"north": { "uv": [ 6, 0, 10, 16 ], "texture": "#texture" },
				"south": { "uv": [ 6, 0, 10, 16 ], "texture": "#texture" },
				"west": { "uv": [ 7, 0, 9, 16 ], "texture": "#texture" },
				"east": { "uv": [ 7, 0, 9, 16 ], "texture": "#texture" }
			}
		},
		{
			"__comment": "North2",
			"from": [ 7, 0, 6 ],
			"to": [ 9, 16, 6.5 ],
			"faces": {
				"down": { "uv": [ 7, 9.5, 9, 10 ], "texture": "#top" },
				"up": { "uv": [ 7, 6, 9, 6.5 ], "texture": "#top" },
				"north": { "uv": [ 7, 0, 9, 16 ], "texture": "#texture" },
				"west": { "uv": [ 6, 0, 6.5, 16 ], "texture": "#texture" },
				"east": { "uv": [ 9.5, 0, 10, 16 ], "texture": "#texture" }
			}
		},
		{
			"__comment": "North1",
			"from": [ 6.5, 0, 6.5 ],
			"to": [ 9.5, 16, 7 ],
			"faces": {
				"down": { "uv": [ 6.5, 9, 9.5, 9.5 ], "texture": "#top" },
				"up": { "uv": [ 6.5, 6.5, 9.5, 7 ], "texture": "#top" },
				"north": { "uv": [ 6.5, 0, 9.5, 16 ], "texture": "#texture" },
				"west": { "uv": [ 6.5, 0, 7, 16 ], "texture": "#texture" },
				"east": { "uv": [ 9, 0, 9.5, 16 ], "texture": "#texture" }
			}
		},
		{
			"__comment": "South1",
			"from": [ 6.5, 0, 9 ],
			"to": [ 9.5, 16, 9.5 ],
			"faces": {
				"down": { "uv": [ 6.5, 6.5, 9.5, 7 ], "texture": "#top" },
				"up": { "uv": [ 6.5, 9, 9.5, 9.5 ], "texture": "#top" },
				"south": { "uv": [ 6.5, 0, 9.5, 16 ], "texture": "#texture" },
				"west": { "uv": [ 9, 0, 9.5, 16 ], "texture": "#texture" },
				"east": { "uv": [ 6.5, 0, 7, 16 ], "texture": "#texture" }
			}
		},
		{
			"__comment": "South2",
			"from": [ 7, 0, 9.5 ],
			"to": [ 9, 16, 10 ],
			"faces": {
				"down": { "uv": [ 7, 6, 9, 6.5 ], "texture": "#top" },
				"up": { "uv": [ 7, 9.5, 9, 10 ], "texture": "#top" },
				"south": { "uv": [ 7, 0, 9, 16 ], "texture": "#texture" },
				"west": { "uv": [ 9.5, 0, 10, 16 ], "texture": "#texture" },
				"east": { "uv": [ 6, 0, 6.5, 16 ], "texture": "#texture" }
			}
		}
	]
}