{
	"__comment": "Designed by JTK222",
	"textures": {
		"particle": "drpmedieval:blocks/clean_plank_spruce",
		"texture": "drpmedieval:blocks/clean_plank_spruce"
	},
	"elements": [
		{
			"__comment": "Cube1",
			"from": [ 0, 2, 0.5 ],
			"to": [ 16, 4, 4.5 ],
			"faces": {
				"down": { "uv": [ 0, 11.5, 16, 15.5 ], "texture": "#texture" },
				"up": { "uv": [ 0, 0.5, 16, 4.5 ], "texture": "#texture" },
				"north": { "uv": [ 0, 12, 16, 14 ], "texture": "#texture" },
				"south": { "uv": [ 0, 12, 16, 14 ], "texture": "#texture" },
				"west": { "uv": [ 0.5, 12, 4.5, 14 ], "texture": "#texture" },
				"east": { "uv": [ 11.5, 12, 15.5, 14 ], "texture": "#texture" }
			}
		},
		{
			"__comment": "Cube2",
			"from": [ 0, 2, 6 ],
			"to": [ 16, 4, 10 ],
			"faces": {
				"down": { "uv": [ 0, 6, 16, 10 ], "texture": "#texture" },
				"up": { "uv": [ 0, 6, 16, 10 ], "texture": "#texture" },
				"north": { "uv": [ 0, 12, 16, 14 ], "texture": "#texture" },
				"south": { "uv": [ 0, 12, 16, 14 ], "texture": "#texture" },
				"west": { "uv": [ 6, 12, 10, 14 ], "texture": "#texture" },
				"east": { "uv": [ 6, 12, 10, 14 ], "texture": "#texture" }
			}
		},
		{
			"__comment": "Cube1",
			"from": [ 0, 1.5, 11.5 ],
			"to": [ 16, 3.5, 15.5 ],
			"faces": {
				"down": { "uv": [ 0, 0.5, 16, 4.5 ], "texture": "#texture" },
				"up": { "uv": [ 0, 11.5, 16, 15.5 ], "texture": "#texture" },
				"north": { "uv": [ 0, 12.5, 16, 14.5 ], "texture": "#texture" },
				"south": { "uv": [ 0, 12.5, 16, 14.5 ], "texture": "#texture" },
				"west": { "uv": [ 11.5, 12.5, 15.5, 14.5 ], "texture": "#texture" },
				"east": { "uv": [ 0.5, 12.5, 4.5, 14.5 ], "texture": "#texture" }
			}
		}
	]
}