{
	"__comment": "Designed by JTK222",
	"textures": {
		"particle": "drpmedieval:blocks/lecterns/clean_plank_spruce",
		"Wood": "drpmedieval:blocks/lecterns/clean_plank_spruce"
	},
	"elements": [
		{
			"__comment": "MiddlePole",
			"from": [ 7, 0, 7 ],
			"to": [ 9, 16, 9 ],
			"faces": {
				"down": { "uv": [ 7.5, 7.5, 8.5, 8.5 ], "texture": "#Wood" },
				"up": { "uv": [ 7.5, 7.5, 8.5, 8.5 ], "texture": "#Wood" },
				"north": { "uv": [ 7.5, 0, 8.5, 15 ], "texture": "#Wood" },
				"south": { "uv": [ 7.5, 0, 8.5, 15 ], "texture": "#Wood" },
				"west": { "uv": [ 7.5, 0, 8.5, 15 ], "texture": "#Wood" },
				"east": { "uv": [ 7.5, 0, 8.5, 15 ], "texture": "#Wood" }
			}
		},
		{
			"__comment": "LegSouth",
			"from": [ 7, 2, 8 ],
			"to": [ 9, 3, 15 ],
			"rotation": { "origin": [ 7, 2, 8 ], "axis": "x", "angle": 22.5 },
			"faces": {
				"down": { "uv": [ 7, 9, 9, 16 ], "texture": "#Wood" },
				"up": { "uv": [ 7, 0, 9, 7 ], "texture": "#Wood" },
				"north": { "uv": [ 7, 15, 9, 16 ], "texture": "#Wood" },
				"south": { "uv": [ 7, 15, 9, 16 ], "texture": "#Wood" },
				"west": { "uv": [ 0, 15, 7, 16 ], "texture": "#Wood" },
				"east": { "uv": [ 9, 15, 16, 16 ], "texture": "#Wood" }
			}
		},
		{
			"__comment": "LegNorth",
			"from": [ 7, 2, 1 ],
			"to": [ 9, 3, 8 ],
			"rotation": { "origin": [ 8, 2, 8 ], "axis": "x", "angle": -22.5 },
			"faces": {
				"down": { "uv": [ 7, 0, 9, 7 ], "texture": "#Wood" },
				"up": { "uv": [ 7, 9, 9, 16 ], "texture": "#Wood" },
				"north": { "uv": [ 7, 15, 9, 16 ], "texture": "#Wood" },
				"south": { "uv": [ 7, 15, 9, 16 ], "texture": "#Wood" },
				"west": { "uv": [ 9, 15, 16, 16 ], "texture": "#Wood" },
				"east": { "uv": [ 0, 15, 7, 16 ], "texture": "#Wood" }
			}
		},
		{
			"__comment": "LegWest",
			"from": [ 1, 2, 7 ],
			"to": [ 8, 3, 9 ],
			"rotation": { "origin": [ 8, 2, 8 ], "axis": "z", "angle": 22.5 },
			"faces": {
				"down": { "uv": [ 0, 7, 7, 9 ], "texture": "#Wood" },
				"up": { "uv": [ 0, 7, 7, 9 ], "texture": "#Wood" },
				"north": { "uv": [ 9, 15, 16, 16 ], "texture": "#Wood" },
				"south": { "uv": [ 0, 15, 7, 16 ], "texture": "#Wood" },
				"west": { "uv": [ 7, 15, 9, 16 ], "texture": "#Wood" },
				"east": { "uv": [ 7, 15, 9, 16 ], "texture": "#Wood" }
			}
		},
		{
			"__comment": "LegEast",
			"from": [ 8, 2, 7 ],
			"to": [ 15, 3, 9 ],
			"rotation": { "origin": [ 8, 2, 8 ], "axis": "z", "angle": -22.5 },
			"faces": {
				"down": { "uv": [ 9, 7, 16, 9 ], "texture": "#Wood" },
				"up": { "uv": [ 9, 7, 16, 9 ], "texture": "#Wood" },
				"north": { "uv": [ 0, 15, 7, 16 ], "texture": "#Wood" },
				"south": { "uv": [ 9, 15, 16, 16 ], "texture": "#Wood" },
				"west": { "uv": [ 7, 15, 9, 16 ], "texture": "#Wood" },
				"east": { "uv": [ 7, 15, 9, 16 ], "texture": "#Wood" }
			}
		}
	]
}