{
	"__comment": "Designed by JTK222",
	"textures": {
		"particle": "#texture",
		"texture": "#texture",
		"dirt": "blocks/dirt",
		"flower1": "#flower_1",
		"flower2": "#flower_2",
		"flower3": "#flower_3"
	},
	"elements": [
		{
			"__comment": "North2",
			"from": [ 0, 3, 4 ],
			"to": [ 16, 6, 4.5 ],
			"faces": {
				"down": { "uv": [ 0, 11.5, 16, 12 ], "texture": "#texture" },
				"north": { "uv": [ 0, 10, 16, 13 ], "texture": "#texture" },
				"west": { "uv": [ 4, 10, 4.5, 13 ], "texture": "#texture" },
				"east": { "uv": [ 11.5, 10, 12, 13 ], "texture": "#texture" }
			}
		},
		{
			"__comment": "South3",
			"from": [ 0, 6, 12 ],
			"to": [ 16, 9, 12.5 ],
			"faces": {
				"down": { "uv": [ 0, 3.5, 16, 4 ], "texture": "#texture" },
				"up": { "uv": [ 0, 12, 16, 12.5 ], "texture": "#texture" },
				"north": { "uv": [ 0, 7, 16, 10 ], "texture": "#texture" },
				"south": { "uv": [ 0, 7, 16, 10 ], "texture": "#texture" },
				"west": { "uv": [ 12, 7, 12.5, 10 ], "texture": "#texture" },
				"east": { "uv": [ 3.5, 7, 4, 10 ], "texture": "#texture" }
			}
		},
		{
			"__comment": "East1",
			"from": [ 15.5, 0, 5 ],
			"to": [ 16, 3, 11 ],
			"faces": {
				"down": { "uv": [ 15.5, 5, 16, 11 ], "texture": "#texture" },
				"west": { "uv": [ 5, 13, 11, 16 ], "texture": "#texture" },
				"east": { "uv": [ 5, 13, 11, 16 ], "texture": "#texture" }
			}
		},
		{
			"__comment": "North3",
			"from": [ 0, 6, 3.5 ],
			"to": [ 16, 9, 4 ],
			"faces": {
				"down": { "uv": [ 0, 12, 16, 12.5 ], "texture": "#texture" },
				"up": { "uv": [ 0, 3.5, 16, 4 ], "texture": "#texture" },
				"north": { "uv": [ 0, 7, 16, 10 ], "texture": "#texture" },
				"south": { "uv": [ 0, 7, 16, 10 ], "texture": "#texture" },
				"west": { "uv": [ 3.5, 7, 4, 10 ], "texture": "#texture" },
				"east": { "uv": [ 12, 7, 12.5, 10 ], "texture": "#texture" }
			}
		},
		{
			"__comment": "North1",
			"from": [ 0, 0, 4.5 ],
			"to": [ 16, 3, 5 ],
			"faces": {
				"down": { "uv": [ 0, 11, 16, 11.5 ], "texture": "#texture" },
				"north": { "uv": [ 0, 13, 16, 16 ], "texture": "#texture" },
				"south": { "uv": [ 0, 13, 16, 16 ], "texture": "#texture" },
				"west": { "uv": [ 4.5, 13, 5, 16 ], "texture": "#texture" },
				"east": { "uv": [ 11, 13, 11.5, 16 ], "texture": "#texture" }
			}
		},
		{
			"__comment": "South1",
			"from": [ 0, 0, 11 ],
			"to": [ 16, 3, 11.5 ],
			"faces": {
				"down": { "uv": [ 0, 4.5, 16, 5 ], "texture": "#texture" },
				"north": { "uv": [ 0, 13, 16, 16 ], "texture": "#texture" },
				"south": { "uv": [ 0, 13, 16, 16 ], "texture": "#texture" },
				"west": { "uv": [ 11, 13, 11.5, 16 ], "texture": "#texture" },
				"east": { "uv": [ 4.5, 13, 5, 16 ], "texture": "#texture" }
			}
		},
		{
			"__comment": "South2",
			"from": [ 0, 3, 11.5 ],
			"to": [ 16, 6, 12 ],
			"faces": {
				"down": { "uv": [ 0, 4, 16, 4.5 ], "texture": "#texture" },
				"south": { "uv": [ 0, 10, 16, 13 ], "texture": "#texture" },
				"west": { "uv": [ 11.5, 10, 12, 13 ], "texture": "#texture" },
				"east": { "uv": [ 4, 10, 4.5, 13 ], "texture": "#texture" }
			}
		},
		{
			"__comment": "East3",
			"from": [ 15.5, 6, 4 ],
			"to": [ 16, 9, 12 ],
			"faces": {
				"down": { "uv": [ 15.5, 4, 16, 12 ], "texture": "#texture" },
				"up": { "uv": [ 15.5, 4, 16, 12 ], "texture": "#texture" },
				"west": { "uv": [ 4, 7, 12, 10 ], "texture": "#texture" },
				"east": { "uv": [ 4, 7, 12, 10 ], "texture": "#texture" }
			}
		},
		{
			"__comment": "East2",
			"from": [ 15.5, 3, 4.5 ],
			"to": [ 16, 6, 11.5 ],
			"faces": {
				"down": { "uv": [ 15.5, 4.5, 16, 11.5 ], "texture": "#texture" },
				"east": { "uv": [ 4.5, 10, 11.5, 13 ], "texture": "#texture" }
			}
		},
		{
			"__comment": "West1",
			"from": [ 0, 0, 5 ],
			"to": [ 0.5, 3, 11 ],
			"faces": {
				"down": { "uv": [ 0, 5, 0.5, 11 ], "texture": "#texture" },
				"west": { "uv": [ 5, 13, 11, 16 ], "texture": "#texture" },
				"east": { "uv": [ 5, 13, 11, 16 ], "texture": "#texture" }
			}
		},
		{
			"__comment": "West2",
			"from": [ 0, 3, 4.5 ],
			"to": [ 0.5, 6, 11.5 ],
			"faces": {
				"down": { "uv": [ 0, 4.5, 0.5, 11.5 ], "texture": "#texture" },
				"west": { "uv": [ 4.5, 10, 11.5, 13 ], "texture": "#texture" }
			}
		},
		{
			"__comment": "West3",
			"from": [ 0, 6, 4 ],
			"to": [ 0.5, 9, 12 ],
			"faces": {
				"down": { "uv": [ 0, 4, 0.5, 12 ], "texture": "#texture" },
				"up": { "uv": [ 0, 4, 0.5, 12 ], "texture": "#texture" },
				"west": { "uv": [ 4, 7, 12, 10 ], "texture": "#texture" },
				"east": { "uv": [ 4, 7, 12, 10 ], "texture": "#texture" }
			}
		},
		{
			"__comment": "Floor",
			"from": [ 0.5, 1, 5 ],
			"to": [ 15.5, 1.001, 11 ],
			"faces": {
				"down": { "uv": [ 0.5, 5, 15.5, 11 ], "texture": "#texture" }
			}
		},
		{
			"__comment": "DIrt",
			"from": [ 0.5, 7.5, 4 ],
			"to": [ 15.5, 7.501, 12 ],
			"faces": {
				"up": { "uv": [ 0.5, 4, 15.5, 12 ], "texture": "#dirt" }
			}
		},
		{
			"__comment": "Flower1",
			"from": [ 2.4999, 7.5, -2 ],
			"to": [ 2.5009, 23.5, 14 ],
			"rotation": { "origin": [ 2.5, 7.5, 6 ], "axis": "y", "angle": -22.5 },
			"faces": {
				"west": { "uv": [ 0, 0, 16, 16 ], "texture": "#flower1" },
				"east": { "uv": [ 0, 0, 16, 16 ], "texture": "#flower1" }
			}
		},
		{
			"__comment": "Flower1",
			"from": [ -5.5, 7.5, 5.999 ],
			"to": [ 10.5, 23.5, 6 ],
			"rotation": { "origin": [ 2.5, 7.5, 6 ], "axis": "y", "angle": -22.5 },
			"faces": {
				"north": { "uv": [ 0, 0, 16, 16 ], "texture": "#flower1" },
				"south": { "uv": [ 0, 0, 16, 16 ], "texture": "#flower1" }
			}
		},
		{
			"__comment": "Flower2",
			"from": [ 8.4999, 7.5, 2 ],
			"to": [ 8.5009, 23.5, 18 ],
			"rotation": { "origin": [ 8.5, 7.5, 10 ], "axis": "y", "angle": 22.5 },
			"faces": {
				"west": { "uv": [ 0, 0, 16, 16 ], "texture": "#flower3" },
				"east": { "uv": [ 0, 0, 16, 16 ], "texture": "#flower3" }
			}
		},
		{
			"__comment": "Flower2",
			"from": [ 4.4999, 7.5, 7.999 ],
			"to": [ 20.4999, 23.5, 8 ],
			"rotation": { "origin": [ 12.5, 7.5, 8 ], "axis": "y", "angle": 45 },
			"faces": {
				"north": { "uv": [ 0, 0, 16, 16 ], "texture": "#flower2" },
				"south": { "uv": [ 0, 0, 16, 16 ], "texture": "#flower2" }
			}
		},
		{
			"__comment": "Flower3",
			"from": [ 0.4999, 7.5, 9.999 ],
			"to": [ 16.4999, 23.5, 10 ],
			"rotation": { "origin": [ 8.5, 7.5, 10 ], "axis": "y", "angle": 22.5 },
			"faces": {
				"north": { "uv": [ 0, 0, 16, 16 ], "texture": "#flower3" },
				"south": { "uv": [ 0, 0, 16, 16 ], "texture": "#flower3" }
			}
		},
		{
			"__comment": "Flower3",
			"from": [ 12.5, 7.5, -0.0001 ],
			"to": [ 12.501, 23.5, 15.9999 ],
			"rotation": { "origin": [ 12.5, 7.5, 8 ], "axis": "y", "angle": 45 },
			"faces": {
				"west": { "uv": [ 0, 0, 16, 16 ], "texture": "#flower2" },
				"east": { "uv": [ 0, 0, 16, 16 ], "texture": "#flower2" }
			}
		}
	]
}