{
    "__comment": "model generated using mr_crayfish's model creator (http://mrcrayfish.com/modelcreator/)",
    "textures": {
		"particle": "drpmedieval:blocks/apple_yellow_ripe",
        "0": "drpmedieval:blocks/apple_yellow_ripe"
    },
    "elements": [
        {
            "name": "center",
            "from": [ 6.5, 0.0, 6.5 ], 
            "to": [ 9.5, 5.0, 9.5 ], 
            "faces": {
                "north": { "texture": "#0", "uv": [ 0.0, 0.0, 3.0, 5.0 ] },
                "east": { "texture": "#0", "uv": [ 0.0, 0.0, 3.0, 5.0 ] },
                "south": { "texture": "#0", "uv": [ 0.0, 0.0, 3.0, 5.0 ] },
                "west": { "texture": "#0", "uv": [ 0.0, 0.0, 3.0, 5.0 ] },
                "up": { "texture": "#0", "uv": [ 13.0, 4.0, 16.0, 7.0 ] },
                "down": { "texture": "#0", "uv": [ 13.0, 7.0, 16.0, 10.0 ] }
            }
        },
        {
            "name": "bottom_east",
            "from": [ 5.3, 0.5, 6.5 ], 
            "to": [ 6.699999999999999, 1.5, 9.5 ], 
            "rotation": { "origin": [ 6.0, 0.5, 8.0 ], "axis": "z", "angle": -45.0 },
            "faces": {
                "north": { "texture": "#0", "uv": [ 6.0, 6.0, 7.4, 7.0 ] },
                "east": { "texture": "#0", "uv": [ 6.0, 1.0, 9.0, 2.0 ] },
                "south": { "texture": "#0", "uv": [ 3.0, 6.0, 4.4, 7.0 ] },
                "west": { "texture": "#0", "uv": [ 1.0, 15.0, 4.0, 16.0 ] },
                "up": { "texture": "#0", "uv": [ 10.0, 7.0, 11.4, 10.0 ] },
                "down": { "texture": "#0", "uv": [ 3.0, 6.0, 4.4, 9.0 ] }
            }
        },
        {
            "name": "side_east",
            "from": [ 5.5, 1.0, 6.5 ], 
            "to": [ 6.5, 4.0, 9.5 ], 
            "faces": {
                "north": { "texture": "#0", "uv": [ 8.0, 13.0, 9.0, 16.0 ] },
                "east": { "texture": "#0", "uv": [ 7.0, 10.0, 10.0, 13.0 ] },
                "south": { "texture": "#0", "uv": [ 2.0, 5.0, 3.0, 8.0 ] },
                "west": { "texture": "#0", "uv": [ 6.0, 6.0, 9.0, 9.0 ] },
                "up": { "texture": "#0", "uv": [ 4.0, 6.0, 5.0, 9.0 ] },
                "down": { "texture": "#0", "uv": [ 11.0, 2.0, 12.0, 5.0 ] }
            }
        },
        {
            "name": "top_east",
            "from": [ 6.0, 3.8, 6.5 ], 
            "to": [ 7.0, 5.199999999999999, 9.5 ], 
            "rotation": { "origin": [ 6.0, 4.5, 8.0 ], "axis": "z", "angle": -45.0 },
            "faces": {
                "north": { "texture": "#0", "uv": [ 3.0, 4.0, 4.0, 5.4 ] },
                "east": { "texture": "#0", "uv": [ 8.0, 9.0, 11.0, 10.4 ] },
                "south": { "texture": "#0", "uv": [ 5.0, 8.0, 6.0, 9.4 ] },
                "west": { "texture": "#0", "uv": [ 6.0, 11.0, 9.0, 12.4 ] },
                "up": { "texture": "#0", "uv": [ 10.0, 7.0, 11.0, 10.0 ] },
                "down": { "texture": "#0", "uv": [ 6.0, 4.0, 7.0, 7.0 ] }
            }
        },
        {
            "name": "side_north",
            "from": [ 6.5, 1.0, 5.5 ], 
            "to": [ 9.5, 4.0, 6.5 ], 
            "faces": {
                "north": { "texture": "#0", "uv": [ 11.0, 4.0, 14.0, 7.0 ] },
                "east": { "texture": "#0", "uv": [ 8.0, 4.0, 11.0, 7.0 ] },
                "south": { "texture": "#0", "uv": [ 6.0, 10.0, 9.0, 13.0 ] },
                "west": { "texture": "#0", "uv": [ 13.0, 10.0, 16.0, 13.0 ] },
                "up": { "texture": "#0", "uv": [ 11.0, 8.0, 14.0, 11.0 ] },
                "down": { "texture": "#0", "uv": [ 8.0, 9.0, 11.0, 12.0 ] }
            }
        },
        {
            "name": "bottom_north",
            "from": [ 6.5, -0.19999999999999996, 6.0 ], 
            "to": [ 9.5, 1.2, 7.0 ], 
            "rotation": { "origin": [ 8.0, 0.5, 6.0 ], "axis": "x", "angle": -45.0 },
            "faces": {
                "north": { "texture": "#0", "uv": [ 7.0, 3.0, 10.0, 4.4 ] },
                "east": { "texture": "#0", "uv": [ 8.0, 9.0, 9.0, 10.4 ] },
                "south": { "texture": "#0", "uv": [ 4.0, 9.0, 7.0, 10.4 ] },
                "west": { "texture": "#0", "uv": [ 5.0, 2.0, 6.0, 3.4 ] },
                "up": { "texture": "#0", "uv": [ 4.0, 4.0, 7.0, 5.0 ] },
                "down": { "texture": "#0", "uv": [ 6.0, 8.0, 9.0, 9.0 ] }
            }
        },
        {
            "name": "top_north",
            "from": [ 6.5, 3.5, 5.3 ], 
            "to": [ 9.5, 4.5, 6.699999999999999 ], 
            "rotation": { "origin": [ 8.0, 4.5, 6.0 ], "axis": "x", "angle": -45.0 },
            "faces": {
                "north": { "texture": "#0", "uv": [ 5.0, 3.0, 8.0, 4.0 ] },
                "east": { "texture": "#0", "uv": [ 4.0, 3.0, 5.4, 4.0 ] },
                "south": { "texture": "#0", "uv": [ 4.0, 1.0, 7.0, 2.0 ] },
                "west": { "texture": "#0", "uv": [ 6.0, 1.0, 7.4, 2.0 ] },
                "up": { "texture": "#0", "uv": [ 4.0, 1.0, 7.0, 2.4 ] },
                "down": { "texture": "#0", "uv": [ 4.0, 3.0, 7.0, 4.4 ] }
            }
        },
        {
            "name": "side_west",
            "from": [ 9.5, 1.0, 6.5 ], 
            "to": [ 10.5, 4.0, 9.5 ], 
            "faces": {
                "north": { "texture": "#0", "uv": [ 4.0, 8.0, 5.0, 11.0 ] },
                "east": { "texture": "#0", "uv": [ 5.0, 13.0, 8.0, 16.0 ] },
                "south": { "texture": "#0", "uv": [ 3.0, 12.0, 4.0, 15.0 ] },
                "west": { "texture": "#0", "uv": [ 0.0, 10.0, 3.0, 13.0 ] },
                "up": { "texture": "#0", "uv": [ 5.0, 5.0, 6.0, 8.0 ] },
                "down": { "texture": "#0", "uv": [ 3.0, 8.0, 4.0, 11.0 ] }
            }
        },
        {
            "name": "bottom_west",
            "from": [ 9.0, -0.2, 6.5 ], 
            "to": [ 10.0, 1.2, 9.5 ], 
            "rotation": { "origin": [ 10.0, 0.5, 8.0 ], "axis": "z", "angle": -45.0 },
            "faces": {
                "north": { "texture": "#0", "uv": [ 5.0, 5.0, 6.0, 6.4 ] },
                "east": { "texture": "#0", "uv": [ 5.0, 2.0, 8.0, 3.4 ] },
                "south": { "texture": "#0", "uv": [ 2.0, 11.0, 3.0, 12.4 ] },
                "west": { "texture": "#0", "uv": [ 4.0, 6.0, 7.0, 7.4 ] },
                "up": { "texture": "#0", "uv": [ 9.0, 11.0, 10.0, 14.0 ] },
                "down": { "texture": "#0", "uv": [ 2.0, 5.0, 3.0, 8.0 ] }
            }
        },
        {
            "name": "top_west",
            "from": [ 9.3, 3.5, 6.5 ], 
            "to": [ 10.700000000000001, 4.5, 9.5 ], 
            "rotation": { "origin": [ 10.0, 4.5, 8.0 ], "axis": "z", "angle": -45.0 },
            "faces": {
                "north": { "texture": "#0", "uv": [ 3.0, 4.0, 4.4, 5.0 ] },
                "east": { "texture": "#0", "uv": [ 5.0, 7.0, 8.0, 8.0 ] },
                "south": { "texture": "#0", "uv": [ 4.0, 7.0, 5.4, 8.0 ] },
                "west": { "texture": "#0", "uv": [ 2.0, 13.0, 5.0, 14.0 ] },
                "up": { "texture": "#0", "uv": [ 3.0, 7.0, 4.4, 10.0 ] },
                "down": { "texture": "#0", "uv": [ 2.0, 5.0, 3.4, 8.0 ] }
            }
        },
        {
            "name": "side_south",
            "from": [ 6.5, 1.0, 9.5 ], 
            "to": [ 9.5, 4.0, 10.5 ], 
            "faces": {
                "north": { "texture": "#0", "uv": [ 5.0, 5.0, 8.0, 8.0 ] },
                "east": { "texture": "#0", "uv": [ 9.0, 11.0, 10.0, 14.0 ] },
                "south": { "texture": "#0", "uv": [ 8.0, 0.0, 11.0, 3.0 ] },
                "west": { "texture": "#0", "uv": [ 5.0, 13.0, 6.0, 16.0 ] },
                "up": { "texture": "#0", "uv": [ 5.0, 12.0, 8.0, 13.0 ] },
                "down": { "texture": "#0", "uv": [ 3.0, 9.0, 6.0, 10.0 ] }
            }
        },
        {
            "name": "bottom_south",
            "from": [ 6.5, 0.5, 9.3 ], 
            "to": [ 9.5, 1.5, 10.700000000000001 ], 
            "rotation": { "origin": [ 8.0, 0.5, 10.0 ], "axis": "x", "angle": -45.0 },
            "faces": {
                "north": { "texture": "#0", "uv": [ 6.0, 4.0, 9.0, 5.0 ] },
                "east": { "texture": "#0", "uv": [ 7.0, 7.0, 8.4, 8.0 ] },
                "south": { "texture": "#0", "uv": [ 7.0, 10.0, 10.0, 11.0 ] },
                "west": { "texture": "#0", "uv": [ 7.0, 13.0, 8.4, 14.0 ] },
                "up": { "texture": "#0", "uv": [ 4.0, 10.0, 7.0, 11.4 ] },
                "down": { "texture": "#0", "uv": [ 3.0, 7.0, 6.0, 8.4 ] }
            }
        },
        {
            "name": "top_south",
            "from": [ 6.5, 3.8, 9.0 ], 
            "to": [ 9.5, 5.199999999999999, 10.0 ], 
            "rotation": { "origin": [ 8.0, 4.5, 10.0 ], "axis": "x", "angle": -45.0 },
            "faces": {
                "north": { "texture": "#0", "uv": [ 4.0, 5.0, 7.0, 6.4 ] },
                "east": { "texture": "#0", "uv": [ 2.0, 8.0, 3.0, 9.4 ] },
                "south": { "texture": "#0", "uv": [ 2.0, 7.0, 5.0, 8.4 ] },
                "west": { "texture": "#0", "uv": [ 4.0, 5.0, 5.0, 6.4 ] },
                "up": { "texture": "#0", "uv": [ 1.0, 4.0, 4.0, 5.0 ] },
                "down": { "texture": "#0", "uv": [ 1.0, 8.0, 4.0, 9.0 ] }
            }
        },
        {
            "name": "north_east",
            "from": [ 6.0, 1.0, 5.3 ], 
            "to": [ 7.0, 4.0, 6.699999999999999 ], 
            "rotation": { "origin": [ 6.0, 2.5, 6.0 ], "axis": "y", "angle": -45.0 },
            "faces": {
                "north": { "texture": "#0", "uv": [ 5.0, 3.0, 6.0, 6.0 ] },
                "east": { "texture": "#0", "uv": [ 7.0, 5.0, 8.4, 8.0 ] },
                "south": { "texture": "#0", "uv": [ 8.0, 6.0, 9.0, 9.0 ] },
                "west": { "texture": "#0", "uv": [ 4.0, 7.0, 5.4, 10.0 ] },
                "up": { "texture": "#0", "uv": [ 3.0, 9.0, 4.0, 10.4 ] },
                "down": { "texture": "#0", "uv": [ 2.0, 1.0, 3.0, 2.4000000000000004 ] }
            }
        },
        {
            "name": "north_west",
            "from": [ 9.3, 1.0, 6.0 ], 
            "to": [ 10.700000000000001, 4.0, 7.0 ], 
            "rotation": { "origin": [ 10.0, 2.5, 6.0 ], "axis": "y", "angle": -45.0 },
            "faces": {
                "north": { "texture": "#0", "uv": [ 6.0, 8.0, 7.4, 11.0 ] },
                "east": { "texture": "#0", "uv": [ 11.0, 4.0, 12.0, 7.0 ] },
                "south": { "texture": "#0", "uv": [ 8.0, 9.0, 9.4, 12.0 ] },
                "west": { "texture": "#0", "uv": [ 2.0, 3.0, 3.0, 6.0 ] },
                "up": { "texture": "#0", "uv": [ 4.0, 3.0, 5.4, 4.0 ] },
                "down": { "texture": "#0", "uv": [ 3.0, 6.0, 4.4, 7.0 ] }
            }
        },
        {
            "name": "south_east",
            "from": [ 5.3, 1.0, 9.0 ], 
            "to": [ 6.699999999999999, 4.0, 10.0 ], 
            "rotation": { "origin": [ 6.0, 2.5, 10.0 ], "axis": "y", "angle": -45.0 },
            "faces": {
                "north": { "texture": "#0", "uv": [ 3.0, 7.0, 4.4, 10.0 ] },
                "east": { "texture": "#0", "uv": [ 6.0, 13.0, 7.0, 16.0 ] },
                "south": { "texture": "#0", "uv": [ 9.0, 13.0, 10.4, 16.0 ] },
                "west": { "texture": "#0", "uv": [ 1.0, 11.0, 2.0, 14.0 ] },
                "up": { "texture": "#0", "uv": [ 2.0, 7.0, 3.4, 8.0 ] },
                "down": { "texture": "#0", "uv": [ 3.0, 7.0, 4.4, 8.0 ] }
            }
        },
        {
            "name": "south_west",
            "from": [ 9.0, 1.0, 9.3 ], 
            "to": [ 10.0, 4.0, 10.700000000000001 ], 
            "rotation": { "origin": [ 10.0, 2.5, 10.0 ], "axis": "y", "angle": -45.0 },
            "faces": {
                "north": { "texture": "#0", "uv": [ 7.0, 11.0, 8.0, 14.0 ] },
                "east": { "texture": "#0", "uv": [ 11.0, 13.0, 12.4, 16.0 ] },
                "south": { "texture": "#0", "uv": [ 4.0, 9.0, 5.0, 12.0 ] },
                "west": { "texture": "#0", "uv": [ 8.0, 12.0, 9.4, 15.0 ] },
                "up": { "texture": "#0", "uv": [ 7.0, 9.0, 8.0, 10.4 ] },
                "down": { "texture": "#0", "uv": [ 6.0, 3.0, 7.0, 4.4 ] }
            }
        },
        {
            "name": "stem",
            "from": [ 7.7, 5.0, 7.8 ], 
            "to": [ 8.2, 6.5, 8.3 ], 
            "rotation": { "origin": [ 8.0, 5.0, 8.0 ], "axis": "z", "angle": 22.5 },
            "faces": {
                "north": { "texture": "#0", "uv": [ 12.0, 0.0, 12.5, 1.5 ] },
                "east": { "texture": "#0", "uv": [ 13.0, 0.0, 13.5, 1.5 ] },
                "south": { "texture": "#0", "uv": [ 14.0, 0.0, 14.5, 1.5 ] },
                "west": { "texture": "#0", "uv": [ 14.0, 0.0, 14.5, 1.5 ] },
                "up": { "texture": "#0", "uv": [ 13.0, 3.0, 13.5, 3.5 ] },
                "down": { "texture": "#0", "uv": [ 13.0, 2.0, 13.5, 2.5 ] }
            }
        }
    ]
}
