{
    "__comment": "model generated using mr_crayfish's model creator (http://mrcrayfish.com/modelcreator/)",
    "textures": {
		"particle": "drpmedieval:blocks/apple_green_ripe",
        "0": "drpmedieval:blocks/apple_green_ripe"
    },
    "elements": [
        {
            "name": "center",
            "from": [ 6.5, 0.0, 6.5 ], 
            "to": [ 9.5, 5.0, 9.5 ], 
            "faces": {
                "north": { "texture": "#-1", "uv": [ 0.0, 0.0, 3.0, 5.0 ] },
                "east": { "texture": "#-1", "uv": [ 0.0, 0.0, 3.0, 5.0 ] },
                "south": { "texture": "#-1", "uv": [ 0.0, 0.0, 3.0, 5.0 ] },
                "west": { "texture": "#-1", "uv": [ 0.0, 0.0, 3.0, 5.0 ] },
                "up": { "texture": "#-1", "uv": [ 0.0, 0.0, 3.0, 3.0 ] },
                "down": { "texture": "#-1", "uv": [ 0.0, 0.0, 3.0, 3.0 ] }
            }
        },
        {
            "name": "bottom_east",
            "from": [ 5.3, 0.5, 6.5 ], 
            "to": [ 6.699999999999999, 1.5, 9.5 ], 
            "rotation": { "origin": [ 6.0, 0.5, 8.0 ], "axis": "z", "angle": -45.0 },
            "faces": {
                "north": { "texture": "#-1", "uv": [ 0.0, 0.0, 1.4, 1.0 ] },
                "east": { "texture": "#-1", "uv": [ 0.0, 0.0, 3.0, 1.0 ] },
                "south": { "texture": "#-1", "uv": [ 0.0, 0.0, 1.4, 1.0 ] },
                "west": { "texture": "#-1", "uv": [ 0.0, 0.0, 3.0, 1.0 ] },
                "up": { "texture": "#-1", "uv": [ 0.0, 0.0, 1.4, 3.0 ] },
                "down": { "texture": "#-1", "uv": [ 0.0, 0.0, 1.4, 3.0 ] }
            }
        },
        {
            "name": "side_east",
            "from": [ 5.5, 1.0, 6.5 ], 
            "to": [ 6.5, 4.0, 9.5 ], 
            "faces": {
                "north": { "texture": "#-1", "uv": [ 0.0, 0.0, 1.0, 3.0 ] },
                "east": { "texture": "#-1", "uv": [ 0.0, 0.0, 3.0, 3.0 ] },
                "south": { "texture": "#-1", "uv": [ 0.0, 0.0, 1.0, 3.0 ] },
                "west": { "texture": "#-1", "uv": [ 0.0, 0.0, 3.0, 3.0 ] },
                "up": { "texture": "#-1", "uv": [ 0.0, 0.0, 1.0, 3.0 ] },
                "down": { "texture": "#-1", "uv": [ 0.0, 0.0, 1.0, 3.0 ] }
            }
        },
        {
            "name": "top_east",
            "from": [ 6.0, 3.8, 6.5 ], 
            "to": [ 7.0, 5.199999999999999, 9.5 ], 
            "rotation": { "origin": [ 6.0, 4.5, 8.0 ], "axis": "z", "angle": -45.0 },
            "faces": {
                "north": { "texture": "#-1", "uv": [ 0.0, 0.0, 1.0, 1.4 ] },
                "east": { "texture": "#-1", "uv": [ 0.0, 0.0, 3.0, 1.4 ] },
                "south": { "texture": "#-1", "uv": [ 0.0, 0.0, 1.0, 1.4 ] },
                "west": { "texture": "#-1", "uv": [ 0.0, 0.0, 3.0, 1.4 ] },
                "up": { "texture": "#-1", "uv": [ 0.0, 0.0, 1.0, 3.0 ] },
                "down": { "texture": "#-1", "uv": [ 0.0, 0.0, 1.0, 3.0 ] }
            }
        },
        {
            "name": "side_north",
            "from": [ 6.5, 1.0, 5.5 ], 
            "to": [ 9.5, 4.0, 8.5 ], 
            "faces": {
                "north": { "texture": "#-1", "uv": [ 0.0, 0.0, 3.0, 3.0 ] },
                "east": { "texture": "#-1", "uv": [ 0.0, 0.0, 3.0, 3.0 ] },
                "south": { "texture": "#-1", "uv": [ 0.0, 0.0, 3.0, 3.0 ] },
                "west": { "texture": "#-1", "uv": [ 0.0, 0.0, 3.0, 3.0 ] },
                "up": { "texture": "#-1", "uv": [ 0.0, 0.0, 3.0, 3.0 ] },
                "down": { "texture": "#-1", "uv": [ 0.0, 0.0, 3.0, 3.0 ] }
            }
        },
        {
            "name": "bottom_north",
            "from": [ 6.5, -0.19999999999999996, 6.0 ], 
            "to": [ 9.5, 1.2, 7.0 ], 
            "rotation": { "origin": [ 8.0, 0.5, 6.0 ], "axis": "x", "angle": -45.0 },
            "faces": {
                "north": { "texture": "#-1", "uv": [ 0.0, 0.0, 3.0, 1.4 ] },
                "east": { "texture": "#-1", "uv": [ 0.0, 0.0, 1.0, 1.4 ] },
                "south": { "texture": "#-1", "uv": [ 0.0, 0.0, 3.0, 1.4 ] },
                "west": { "texture": "#-1", "uv": [ 0.0, 0.0, 1.0, 1.4 ] },
                "up": { "texture": "#-1", "uv": [ 0.0, 0.0, 3.0, 1.0 ] },
                "down": { "texture": "#-1", "uv": [ 0.0, 0.0, 3.0, 1.0 ] }
            }
        },
        {
            "name": "top_north",
            "from": [ 6.5, 3.5, 5.3 ], 
            "to": [ 9.5, 4.5, 6.699999999999999 ], 
            "rotation": { "origin": [ 8.0, 4.5, 6.0 ], "axis": "x", "angle": -45.0 },
            "faces": {
                "north": { "texture": "#-1", "uv": [ 0.0, 0.0, 3.0, 1.0 ] },
                "east": { "texture": "#-1", "uv": [ 0.0, 0.0, 1.4, 1.0 ] },
                "south": { "texture": "#-1", "uv": [ 0.0, 0.0, 3.0, 1.0 ] },
                "west": { "texture": "#-1", "uv": [ 0.0, 0.0, 1.4, 1.0 ] },
                "up": { "texture": "#-1", "uv": [ 0.0, 0.0, 3.0, 1.4 ] },
                "down": { "texture": "#-1", "uv": [ 0.0, 0.0, 3.0, 1.4 ] }
            }
        },
        {
            "name": "side_west",
            "from": [ 9.5, 1.0, 6.5 ], 
            "to": [ 10.5, 4.0, 9.5 ], 
            "faces": {
                "north": { "texture": "#-1", "uv": [ 0.0, 0.0, 1.0, 3.0 ] },
                "east": { "texture": "#-1", "uv": [ 0.0, 0.0, 3.0, 3.0 ] },
                "south": { "texture": "#-1", "uv": [ 0.0, 0.0, 1.0, 3.0 ] },
                "west": { "texture": "#-1", "uv": [ 0.0, 0.0, 3.0, 3.0 ] },
                "up": { "texture": "#-1", "uv": [ 0.0, 0.0, 1.0, 3.0 ] },
                "down": { "texture": "#-1", "uv": [ 0.0, 0.0, 1.0, 3.0 ] }
            }
        },
        {
            "name": "bottom_west",
            "from": [ 9.0, -0.2, 6.5 ], 
            "to": [ 10.0, 1.2, 9.5 ], 
            "rotation": { "origin": [ 10.0, 0.5, 8.0 ], "axis": "z", "angle": -45.0 },
            "faces": {
                "north": { "texture": "#-1", "uv": [ 0.0, 0.0, 1.0, 1.4 ] },
                "east": { "texture": "#-1", "uv": [ 0.0, 0.0, 3.0, 1.4 ] },
                "south": { "texture": "#-1", "uv": [ 0.0, 0.0, 1.0, 1.4 ] },
                "west": { "texture": "#-1", "uv": [ 0.0, 0.0, 3.0, 1.4 ] },
                "up": { "texture": "#-1", "uv": [ 0.0, 0.0, 1.0, 3.0 ] },
                "down": { "texture": "#-1", "uv": [ 0.0, 0.0, 1.0, 3.0 ] }
            }
        },
        {
            "name": "top_west",
            "from": [ 9.3, 3.5, 6.5 ], 
            "to": [ 10.700000000000001, 4.5, 9.5 ], 
            "rotation": { "origin": [ 10.0, 4.5, 8.0 ], "axis": "z", "angle": -45.0 },
            "faces": {
                "north": { "texture": "#-1", "uv": [ 0.0, 0.0, 1.4, 1.0 ] },
                "east": { "texture": "#-1", "uv": [ 0.0, 0.0, 3.0, 1.0 ] },
                "south": { "texture": "#-1", "uv": [ 0.0, 0.0, 1.4, 1.0 ] },
                "west": { "texture": "#-1", "uv": [ 0.0, 0.0, 3.0, 1.0 ] },
                "up": { "texture": "#-1", "uv": [ 0.0, 0.0, 1.4, 3.0 ] },
                "down": { "texture": "#-1", "uv": [ 0.0, 0.0, 1.4, 3.0 ] }
            }
        },
        {
            "name": "side_south",
            "from": [ 6.5, 1.0, 9.5 ], 
            "to": [ 9.5, 4.0, 10.5 ], 
            "faces": {
                "north": { "texture": "#-1", "uv": [ 0.0, 0.0, 3.0, 3.0 ] },
                "east": { "texture": "#-1", "uv": [ 0.0, 0.0, 1.0, 3.0 ] },
                "south": { "texture": "#-1", "uv": [ 0.0, 0.0, 3.0, 3.0 ] },
                "west": { "texture": "#-1", "uv": [ 0.0, 0.0, 1.0, 3.0 ] },
                "up": { "texture": "#-1", "uv": [ 0.0, 0.0, 3.0, 1.0 ] },
                "down": { "texture": "#-1", "uv": [ 0.0, 0.0, 3.0, 1.0 ] }
            }
        },
        {
            "name": "bottom_south",
            "from": [ 6.5, 0.5, 9.3 ], 
            "to": [ 9.5, 1.5, 10.700000000000001 ], 
            "rotation": { "origin": [ 8.0, 0.5, 10.0 ], "axis": "x", "angle": -45.0 },
            "faces": {
                "north": { "texture": "#-1", "uv": [ 0.0, 0.0, 3.0, 1.0 ] },
                "east": { "texture": "#-1", "uv": [ 0.0, 0.0, 1.4, 1.0 ] },
                "south": { "texture": "#-1", "uv": [ 0.0, 0.0, 3.0, 1.0 ] },
                "west": { "texture": "#-1", "uv": [ 0.0, 0.0, 1.4, 1.0 ] },
                "up": { "texture": "#-1", "uv": [ 0.0, 0.0, 3.0, 1.4 ] },
                "down": { "texture": "#-1", "uv": [ 0.0, 0.0, 3.0, 1.4 ] }
            }
        },
        {
            "name": "top_south",
            "from": [ 6.5, 3.8, 9.0 ], 
            "to": [ 9.5, 5.199999999999999, 10.0 ], 
            "rotation": { "origin": [ 8.0, 4.5, 10.0 ], "axis": "x", "angle": -45.0 },
            "faces": {
                "north": { "texture": "#-1", "uv": [ 0.0, 0.0, 3.0, 1.4 ] },
                "east": { "texture": "#-1", "uv": [ 0.0, 0.0, 1.0, 1.4 ] },
                "south": { "texture": "#-1", "uv": [ 0.0, 0.0, 3.0, 1.4 ] },
                "west": { "texture": "#-1", "uv": [ 0.0, 0.0, 1.0, 1.4 ] },
                "up": { "texture": "#-1", "uv": [ 0.0, 0.0, 3.0, 1.0 ] },
                "down": { "texture": "#-1", "uv": [ 0.0, 0.0, 3.0, 1.0 ] }
            }
        },
        {
            "name": "north_east",
            "from": [ 6.0, 1.0, 5.3 ], 
            "to": [ 7.0, 4.0, 6.699999999999999 ], 
            "rotation": { "origin": [ 6.0, 2.5, 6.0 ], "axis": "y", "angle": -45.0 },
            "faces": {
                "north": { "texture": "#-1", "uv": [ 0.0, 0.0, 1.0, 3.0 ] },
                "east": { "texture": "#-1", "uv": [ 0.0, 0.0, 1.4, 3.0 ] },
                "south": { "texture": "#-1", "uv": [ 0.0, 0.0, 1.0, 3.0 ] },
                "west": { "texture": "#-1", "uv": [ 0.0, 0.0, 1.4, 3.0 ] },
                "up": { "texture": "#-1", "uv": [ 0.0, 0.0, 1.0, 1.4 ] },
                "down": { "texture": "#-1", "uv": [ 0.0, 0.0, 1.0, 1.4 ] }
            }
        },
        {
            "name": "north_west",
            "from": [ 9.3, 1.0, 6.0 ], 
            "to": [ 10.700000000000001, 4.0, 7.0 ], 
            "rotation": { "origin": [ 10.0, 2.5, 6.0 ], "axis": "y", "angle": -45.0 },
            "faces": {
                "north": { "texture": "#-1", "uv": [ 0.0, 0.0, 1.4, 3.0 ] },
                "east": { "texture": "#-1", "uv": [ 0.0, 0.0, 1.0, 3.0 ] },
                "south": { "texture": "#-1", "uv": [ 0.0, 0.0, 1.4, 3.0 ] },
                "west": { "texture": "#-1", "uv": [ 0.0, 0.0, 1.0, 3.0 ] },
                "up": { "texture": "#-1", "uv": [ 0.0, 0.0, 1.4, 1.0 ] },
                "down": { "texture": "#-1", "uv": [ 0.0, 0.0, 1.4, 1.0 ] }
            }
        },
        {
            "name": "south_east",
            "from": [ 5.3, 1.0, 9.0 ], 
            "to": [ 6.699999999999999, 4.0, 10.0 ], 
            "rotation": { "origin": [ 6.0, 2.5, 10.0 ], "axis": "y", "angle": -45.0 },
            "faces": {
                "north": { "texture": "#-1", "uv": [ 0.0, 0.0, 1.4, 3.0 ] },
                "east": { "texture": "#-1", "uv": [ 0.0, 0.0, 1.0, 3.0 ] },
                "south": { "texture": "#-1", "uv": [ 0.0, 0.0, 1.4, 3.0 ] },
                "west": { "texture": "#-1", "uv": [ 0.0, 0.0, 1.0, 3.0 ] },
                "up": { "texture": "#-1", "uv": [ 0.0, 0.0, 1.4, 1.0 ] },
                "down": { "texture": "#-1", "uv": [ 0.0, 0.0, 1.4, 1.0 ] }
            }
        },
        {
            "name": "south_west",
            "from": [ 9.0, 1.0, 9.3 ], 
            "to": [ 10.0, 4.0, 10.700000000000001 ], 
            "rotation": { "origin": [ 10.0, 2.5, 10.0 ], "axis": "y", "angle": -45.0 },
            "faces": {
                "north": { "texture": "#-1", "uv": [ 0.0, 0.0, 1.0, 3.0 ] },
                "east": { "texture": "#-1", "uv": [ 0.0, 0.0, 1.4, 3.0 ] },
                "south": { "texture": "#-1", "uv": [ 0.0, 0.0, 1.0, 3.0 ] },
                "west": { "texture": "#-1", "uv": [ 0.0, 0.0, 1.4, 3.0 ] },
                "up": { "texture": "#-1", "uv": [ 0.0, 0.0, 1.0, 1.4 ] },
                "down": { "texture": "#-1", "uv": [ 0.0, 0.0, 1.0, 1.4 ] }
            }
        },
        {
            "name": "stem",
            "from": [ 7.7, 5.0, 7.8 ], 
            "to": [ 8.2, 6.5, 8.3 ], 
            "rotation": { "origin": [ 8.0, 5.0, 8.0 ], "axis": "z", "angle": 22.5 },
            "faces": {
                "north": { "texture": "#-1", "uv": [ 0.0, 0.0, 0.5, 1.5 ] },
                "east": { "texture": "#-1", "uv": [ 0.0, 0.0, 0.5, 1.5 ] },
                "south": { "texture": "#-1", "uv": [ 0.0, 0.0, 0.5, 1.5 ] },
                "west": { "texture": "#-1", "uv": [ 0.0, 0.0, 0.5, 1.5 ] },
                "up": { "texture": "#-1", "uv": [ 0.0, 0.0, 0.5, 0.5 ] },
                "down": { "texture": "#-1", "uv": [ 0.0, 0.0, 0.5, 0.5 ] }
            }
        }
    ]
}
