{
	"__comment": "Designed by JTK222",
	"textures": {
		"particle": "drpmedieval:blocks/clocks/metal",
		"frame": "drpmedieval:blocks/clocks/metal",
		"gears": "drpmedieval:blocks/clocks/core"
	},
	"elements": [ 	 
		{
			"__comment": "Box1",
			"from": [ 0, 0, 0 ],
			"to": [ 16, 1, 16 ],
			"faces": {
				"down": { "uv": [ 0, 0, 16, 16 ], "texture": "#frame" },
				"up": { "uv": [ 0, 0, 16, 16 ], "texture": "#frame" },
				"north": { "uv": [ 0, 15, 16, 16 ], "texture": "#frame" },
				"south": { "uv": [ 0, 15, 16, 16 ], "texture": "#frame" },
				"west": { "uv": [ 0, 15, 16, 16 ], "texture": "#frame" },
				"east": { "uv": [ 0, 15, 16, 16 ], "texture": "#frame" }
			}
		},
		{
			"__comment": "Box2",
			"from": [ 1.5, 1, 1.5 ],
			"to": [ 14.5, 15, 14.5 ],
			"faces": {
				"down": { "uv": [ 1.5, 1.5, 14.5, 14.5 ], "texture": "#gears" },
				"up": { "uv": [ 1.5, 1.5, 14.5, 14.5 ], "texture": "#gears" },
				"north": { "uv": [ 1.5, 1, 14.5, 15 ], "texture": "#gears" },
				"south": { "uv": [ 1.5, 1, 14.5, 15 ], "texture": "#gears" },
				"west": { "uv": [ 1.5, 1, 14.5, 15 ], "texture": "#gears" },
				"east": { "uv": [ 1.5, 1, 14.5, 15 ], "texture": "#gears" }
			}
		},
		{
			"__comment": "Box3",
			"from": [ 14, 1, 0.5 ],
			"to": [ 15.5, 15, 2 ],
			"faces": {
				"down": { "uv": [ 14, 14, 15.5, 15.5 ], "texture": "#frame" },
				"up": { "uv": [ 14, 0.5, 15.5, 2 ], "texture": "#frame" },
				"north": { "uv": [ 0.5, 1, 2, 15 ], "texture": "#frame" },
				"south": { "uv": [ 14, 1, 15.5, 15 ], "texture": "#frame" },
				"west": { "uv": [ 0.5, 1, 2, 15 ], "texture": "#frame" },
				"east": { "uv": [ 14, 1, 15.5, 15 ], "texture": "#frame" }
			}
		},
		{
			"__comment": "Box4",
			"from": [ 0.5, 1, 0.5 ],
			"to": [ 2, 15, 2 ],
			"faces": {
				"down": { "uv": [ 0.5, 14, 2, 15.5 ], "texture": "#frame" },
				"up": { "uv": [ 0.5, 0.5, 2, 2 ], "texture": "#frame" },
				"north": { "uv": [ 14, 1, 15.5, 15 ], "texture": "#frame" },
				"south": { "uv": [ 0.5, 1, 2, 15 ], "texture": "#frame" },
				"west": { "uv": [ 0.5, 1, 2, 15 ], "texture": "#frame" },
				"east": { "uv": [ 14, 1, 15.5, 15 ], "texture": "#frame" }
			}
		},
		{
			"__comment": "Box5",
			"from": [ 0, 15, 0 ],
			"to": [ 16, 16, 16 ],
			"faces": {
				"down": { "uv": [ 0, 0, 16, 16 ], "texture": "#frame" },
				"up": { "uv": [ 0, 0, 16, 16 ], "texture": "#frame" },
				"north": { "uv": [ 0, 0, 16, 1 ], "texture": "#frame" },
				"south": { "uv": [ 0, 0, 16, 1 ], "texture": "#frame" },
				"west": { "uv": [ 0, 0, 16, 1 ], "texture": "#frame" },
				"east": { "uv": [ 0, 0, 16, 1 ], "texture": "#frame" }
			}
		},
		{
			"__comment": "Box6",
			"from": [ 0.5, 1, 14 ],
			"to": [ 2, 15, 15.5 ],
			"faces": {
				"down": { "uv": [ 0.5, 0.5, 2, 2 ], "texture": "#frame" },
				"up": { "uv": [ 0.5, 14, 2, 15.5 ], "texture": "#frame" },
				"north": { "uv": [ 14, 1, 15.5, 15 ], "texture": "#frame" },
				"south": { "uv": [ 0.5, 1, 2, 15 ], "texture": "#frame" },
				"west": { "uv": [ 14, 1, 15.5, 15 ], "texture": "#frame" },
				"east": { "uv": [ 0.5, 1, 2, 15 ], "texture": "#frame" }
			}
		},
		{
			"__comment": "Box7",
			"from": [ 14, 1, 14 ],
			"to": [ 15.5, 15, 15.5 ],
			"faces": {
				"down": { "uv": [ 14, 0.5, 15.5, 2 ], "texture": "#frame" },
				"up": { "uv": [ 14, 14, 15.5, 15.5 ], "texture": "#frame" },
				"north": { "uv": [ 0.5, 1, 2, 15 ], "texture": "#frame" },
				"south": { "uv": [ 14, 1, 15.5, 15 ], "texture": "#frame" },
				"west": { "uv": [ 14, 1, 15.5, 15 ], "texture": "#frame" },
				"east": { "uv": [ 0.5, 1, 2, 15 ], "texture": "#frame" }
			}
		},
		{
			"__comment": "Box8",
			"from": [ 7.5, 7.5, -2 ],
			"to": [ 8.5, 8.5, 1.5 ],
			"faces": {
				"down": { "uv": [ 7.5, 14.5, 8.5, 16 ], "texture": "#frame" },
				"up": { "uv": [ 7.5, 0, 8.5, 1.5 ], "texture": "#frame" },
				"north": { "uv": [ 7.5, 7.5, 8.5, 8.5 ], "texture": "#frame" },
				"south": { "uv": [ 7.5, 7.5, 8.5, 8.5 ], "texture": "#frame" },
				"west": { "uv": [ 0, 7.5, 1.5, 8.5 ], "texture": "#frame" },
				"east": { "uv": [ 14.5, 7.5, 16, 8.5 ], "texture": "#frame" }
			}
		}
	]
}