{
    "__comment": "model generated using mr_crayfish's model creator (http://mrcrayfish.com/modelcreator/)",
    "textures": {
        "0": "drpmedieval:blocks/pear_green_ripe"
    },
    "elements": [
        {
            "name": "center",
            "from": [ 7.0, 0.0, 7.0 ], 
            "to": [ 9.0, 5.000000007450581, 9.0 ], 
            "faces": {
                "north": { "texture": "#0", "uv": [ 0.0, 0.0, 2.0, 5.000000007450581 ] },
                "east": { "texture": "#0", "uv": [ 2.0, 0.0, 4.0, 5.000000007450581 ] },
                "south": { "texture": "#0", "uv": [ 4.0, 0.0, 6.0, 5.000000007450581 ] },
                "west": { "texture": "#0", "uv": [ 6.0, 0.0, 8.0, 5.000000007450581 ] },
                "up": { "texture": "#0", "uv": [ 8.0, 0.0, 10.0, 2.0 ] },
                "down": { "texture": "#0", "uv": [ 10.0, 0.0, 12.0, 2.0 ] }
            }
        },
        {
            "name": "east",
            "from": [ 6.500000007450581, 0.5000000074505806, 7.0 ], 
            "to": [ 7.000000014901161, 3.5000000074505806, 9.0 ], 
            "faces": {
                "north": { "texture": "#0", "uv": [ 15.0, 13.0, 15.50000000745058, 16.0 ] },
                "east": { "texture": "#0", "uv": [ 13.0, 13.0, 15.0, 16.0 ] },
                "south": { "texture": "#0", "uv": [ 12.0, 13.0, 12.50000000745058, 16.0 ] },
                "west": { "texture": "#0", "uv": [ 2.0, 6.0, 4.0, 9.0 ] },
                "up": { "texture": "#0", "uv": [ 13.0, 9.0, 13.50000000745058, 11.0 ] },
                "down": { "texture": "#0", "uv": [ 13.0, 9.0, 13.50000000745058, 11.0 ] }
            }
        },
        {
            "name": "north",
            "from": [ 7.0, 0.4999999925494194, 6.500000007450581 ], 
            "to": [ 9.0, 3.4999999925494194, 7.000000014901161 ], 
            "faces": {
                "north": { "texture": "#0", "uv": [ 0.0, 13.0, 2.0, 16.0 ] },
                "east": { "texture": "#0", "uv": [ 2.0, 13.0, 2.5000000074505806, 16.0 ] },
                "south": { "texture": "#0", "uv": [ 3.0, 13.0, 5.0, 16.0 ] },
                "west": { "texture": "#0", "uv": [ 5.0, 13.0, 5.500000007450581, 16.0 ] },
                "up": { "texture": "#0", "uv": [ 6.0, 15.0, 8.0, 15.50000000745058 ] },
                "down": { "texture": "#0", "uv": [ 6.0, 14.0, 8.0, 14.50000000745058 ] }
            }
        },
        {
            "name": "west",
            "from": [ 9.0, 0.5000000074505806, 7.0 ], 
            "to": [ 9.49999999254942, 3.5000000074505806, 9.0 ], 
            "faces": {
                "north": { "texture": "#0", "uv": [ 0.0, 6.0, 0.4999999925494194, 9.0 ] },
                "east": { "texture": "#0", "uv": [ 1.0, 6.0, 3.0, 9.0 ] },
                "south": { "texture": "#0", "uv": [ 3.0, 7.0, 3.4999999925494194, 10.0 ] },
                "west": { "texture": "#0", "uv": [ 4.0, 7.0, 6.0, 10.0 ] },
                "up": { "texture": "#0", "uv": [ 9.0, 7.0, 9.49999999254942, 9.0 ] },
                "down": { "texture": "#0", "uv": [ 6.0, 4.0, 6.499999992549419, 6.0 ] }
            }
        },
        {
            "name": "south",
            "from": [ 7.0, 0.5000000074505806, 9.0 ], 
            "to": [ 9.0, 3.5000000074505806, 9.49999999254942 ], 
            "faces": {
                "north": { "texture": "#0", "uv": [ 8.0, 8.0, 10.0, 11.0 ] },
                "east": { "texture": "#0", "uv": [ 15.0, 6.0, 14.49999999254942, 9.0 ] },
                "south": { "texture": "#0", "uv": [ 9.0, 6.0, 11.0, 9.0 ] },
                "west": { "texture": "#0", "uv": [ 9.0, 5.0, 9.49999999254942, 8.0 ] },
                "up": { "texture": "#0", "uv": [ 9.0, 3.0, 11.0, 3.4999999925494194 ] },
                "down": { "texture": "#0", "uv": [ 7.0, 7.0, 9.0, 7.499999992549419 ] }
            }
        },
        {
            "name": "top",
            "from": [ 7.300000004470348, 5.000000014901161, 7.300000004470348 ], 
            "to": [ 8.700000010430813, 5.500000007450581, 8.700000010430813 ], 
            "faces": {
                "north": { "texture": "#0", "uv": [ 0.0, 10.0, 1.4000000059604645, 10.49999999254942 ] },
                "east": { "texture": "#0", "uv": [ 4.0, 6.0, 5.4000000059604645, 6.499999992549419 ] },
                "south": { "texture": "#0", "uv": [ 7.0, 7.0, 8.400000005960464, 7.499999992549419 ] },
                "west": { "texture": "#0", "uv": [ 10.0, 10.0, 10.400000005960464, 10.49999999254942 ] },
                "up": { "texture": "#0", "uv": [ 7.0, 11.0, 8.400000005960464, 12.400000005960464 ] },
                "down": { "texture": "#0", "uv": [ 4.0, 7.0, 5.4000000059604645, 8.400000005960464 ] }
            }
        },
        {
            "name": "stem",
            "from": [ 7.799999997019768, 5.399999991059303, 7.799999997019768 ], 
            "to": [ 8.199999988079071, 6.5999999940395355, 8.199999988079071 ], 
            "rotation": { "origin": [ 8.0, 5.500000007450581, 8.0 ], "axis": "x", "angle": 22.5 },
            "faces": {
                "north": { "texture": "#0", "uv": [ 12.0, 0.0, 12.399999991059303, 1.2000000029802322 ] },
                "east": { "texture": "#0", "uv": [ 13.0, 0.0, 13.399999991059303, 1.2000000029802322 ] },
                "south": { "texture": "#0", "uv": [ 14.0, 0.0, 14.399999991059303, 1.2000000029802322 ] },
                "west": { "texture": "#0", "uv": [ 15.0, 0.0, 15.399999991059303, 1.2000000029802322 ] },
                "up": { "texture": "#0", "uv": [ 12.0, 2.0, 12.399999991059303, 2.3999999910593033 ] },
                "down": { "texture": "#0", "uv": [ 13.0, 2.0, 13.399999991059303, 2.3999999910593033 ] }
            }
        }
    ]
}
