{
    "__comment": "model generated using mr_crayfish's model creator (http://mrcrayfish.com/modelcreator/)",
    "textures": {
        "0": "drpmedieval:blocks/pear_green1"
    },
    "elements": [
        {
            "name": "center",
            "from": [ 7.4000000059604645, 13.1000000461936, 7.4000000059604645 ], 
            "to": [ 8.599999994039536, 15.100000023841858, 8.599999994039536 ], 
            "faces": {
                "north": { "texture": "#0", "uv": [ 0.0, 0.0, 1.5999999940395355, 3.5 ] },
                "east": { "texture": "#0", "uv": [ 2.0, 0.0, 3.5999999940395355, 3.5 ] },
                "south": { "texture": "#0", "uv": [ 4.0, 0.0, 5.5999999940395355, 3.5 ] },
                "west": { "texture": "#0", "uv": [ 6.0, 0.0, 7.5999999940395355, 3.5 ] },
                "up": { "texture": "#0", "uv": [ 8.0, 0.0, 9.599999994039536, 1.5999999940395355 ] },
                "down": { "texture": "#0", "uv": [ 10.0, 0.0, 11.599999994039536, 1.5999999940395355 ] }
            }
        },
        {
            "name": "east",
            "from": [ 7.200000017881393, 13.300000064074993, 7.600000008940697 ], 
            "to": [ 7.400000020861626, 14.700000055134296, 8.399999991059303 ], 
            "faces": {
                "north": { "texture": "#0", "uv": [ 15.0, 13.0, 15.300000004470348, 15.49999999254942 ] },
                "east": { "texture": "#0", "uv": [ 13.0, 13.0, 14.599999994039536, 15.49999999254942 ] },
                "south": { "texture": "#0", "uv": [ 12.0, 13.0, 12.300000004470348, 15.49999999254942 ] },
                "west": { "texture": "#0", "uv": [ 2.0, 6.0, 3.5999999940395355, 8.49999999254942 ] },
                "up": { "texture": "#0", "uv": [ 13.0, 9.0, 13.300000004470348, 10.599999994039536 ] },
                "down": { "texture": "#0", "uv": [ 13.0, 9.0, 13.300000004470348, 10.599999994039536 ] }
            }
        },
        {
            "name": "north",
            "from": [ 7.600000008940697, 13.30000003427267, 7.200000017881393 ], 
            "to": [ 8.399999991059303, 14.700000025331974, 7.400000020861626 ], 
            "faces": {
                "north": { "texture": "#0", "uv": [ 0.0, 13.0, 1.5999999940395355, 15.49999999254942 ] },
                "east": { "texture": "#0", "uv": [ 2.0, 13.0, 2.3000000044703484, 15.49999999254942 ] },
                "south": { "texture": "#0", "uv": [ 3.0, 13.0, 4.5999999940395355, 15.49999999254942 ] },
                "west": { "texture": "#0", "uv": [ 5.0, 13.0, 5.300000004470348, 15.49999999254942 ] },
                "up": { "texture": "#0", "uv": [ 6.0, 15.0, 7.5999999940395355, 15.300000004470348 ] },
                "down": { "texture": "#0", "uv": [ 6.0, 14.0, 7.5999999940395355, 14.300000004470348 ] }
            }
        },
        {
            "name": "west",
            "from": [ 8.599999994039536, 13.400000050663948, 7.600000008940697 ], 
            "to": [ 8.799999982118607, 14.700000040233135, 8.399999991059303 ], 
            "faces": {
                "north": { "texture": "#0", "uv": [ 0.0, 6.0, 0.29999998956918716, 8.399999991059303 ] },
                "east": { "texture": "#0", "uv": [ 1.0, 6.0, 2.5999999940395355, 8.399999991059303 ] },
                "south": { "texture": "#0", "uv": [ 3.0, 7.0, 3.299999989569187, 9.399999991059303 ] },
                "west": { "texture": "#0", "uv": [ 4.0, 7.0, 5.5999999940395355, 9.399999991059303 ] },
                "up": { "texture": "#0", "uv": [ 9.0, 7.0, 9.299999989569187, 8.599999994039536 ] },
                "down": { "texture": "#0", "uv": [ 6.0, 4.0, 6.299999989569187, 5.5999999940395355 ] }
            }
        },
        {
            "name": "south",
            "from": [ 7.600000008940697, 13.300000049173832, 8.599999994039536 ], 
            "to": [ 8.399999991059303, 14.600000038743019, 8.799999982118607 ], 
            "faces": {
                "north": { "texture": "#0", "uv": [ 8.0, 8.0, 9.599999994039536, 10.399999991059303 ] },
                "east": { "texture": "#0", "uv": [ 15.0, 6.0, 14.49999999254942, 9.0 ] },
                "south": { "texture": "#0", "uv": [ 9.0, 6.0, 10.599999994039536, 8.399999991059303 ] },
                "west": { "texture": "#0", "uv": [ 9.0, 5.0, 9.299999989569187, 7.399999991059303 ] },
                "up": { "texture": "#0", "uv": [ 9.0, 3.0, 10.599999994039536, 3.299999989569187 ] },
                "down": { "texture": "#0", "uv": [ 7.0, 7.0, 8.599999994039536, 7.299999989569187 ] }
            }
        },
        {
            "name": "top",
            "from": [ 7.600000008940697, 15.100000031292439, 7.600000008940697 ], 
            "to": [ 8.400000005960464, 15.400000020861626, 8.400000005960464 ], 
            "faces": {
                "north": { "texture": "#0", "uv": [ 0.0, 10.0, 1.0, 10.49999999254942 ] },
                "east": { "texture": "#0", "uv": [ 4.0, 6.0, 5.0, 6.499999992549419 ] },
                "south": { "texture": "#0", "uv": [ 7.0, 7.0, 8.0, 7.499999992549419 ] },
                "west": { "texture": "#0", "uv": [ 10.0, 10.0, 10.400000005960464, 10.49999999254942 ] },
                "up": { "texture": "#0", "uv": [ 7.0, 11.0, 8.0, 12.0 ] },
                "down": { "texture": "#0", "uv": [ 4.0, 7.0, 5.0, 8.0 ] }
            }
        },
        {
            "name": "stem",
            "from": [ 7.799999997019768, 15.300000004470348, 7.799999997019768 ], 
            "to": [ 7.999999985098839, 16.100000001490116, 7.999999985098839 ], 
            "rotation": { "origin": [ 8.0, 15.400000020861626, 8.0 ], "axis": "x", "angle": 22.5 },
            "faces": {
                "north": { "texture": "#0", "uv": [ 12.0, 0.0, 12.199999988079071, 0.7999999970197678 ] },
                "east": { "texture": "#0", "uv": [ 13.0, 0.0, 13.199999988079071, 0.7999999970197678 ] },
                "south": { "texture": "#0", "uv": [ 14.0, 0.0, 14.199999988079071, 0.7999999970197678 ] },
                "west": { "texture": "#0", "uv": [ 15.0, 0.0, 15.199999988079071, 0.7999999970197678 ] },
                "up": { "texture": "#0", "uv": [ 12.0, 2.0, 12.199999988079071, 2.199999988079071 ] },
                "down": { "texture": "#0", "uv": [ 13.0, 2.0, 13.199999988079071, 2.199999988079071 ] }
            }
        }
    ]
}
