{
	"__comment": "model generated using mr_crayfish's model creator (http://mrcrayfish.com/modelcreator/)",
	"textures": {
		"particle": "drpmedieval:blocks/apiaries/apiary_plank_oak",
        "roof": "drpmedieval:blocks/apiaries/apiary_plank_oak",
		"wall": "drpmedieval:blocks/apiaries/apiary_bark_oak"
	},
	"elements": [
		{
			"from": [ 1.5, 0, 1.5 ],
			"to": [ 3.5, 3, 2.5 ],
			"faces": {
				"down": { "uv": [ 0, 0, 2, 1 ], "texture": "#wall" },
				"up": { "uv": [ 0, 0, 2, 1 ], "texture": "#wall" },
				"north": { "uv": [ 0, 0, 2, 3 ], "texture": "#wall" },
				"south": { "uv": [ 0, 0, 2, 3 ], "texture": "#wall" },
				"west": { "uv": [ 0, 0, 1, 3 ], "texture": "#wall" },
				"east": { "uv": [ 0, 0, 1, 3 ], "texture": "#wall" }
			}
		},
		{
			"from": [ 12.5, 0, 1.5 ],
			"to": [ 14.5, 3, 2.5 ],
			"faces": {
				"down": { "uv": [ 0, 0, 2, 1 ], "texture": "#wall" },
				"up": { "uv": [ 0, 0, 2, 1 ], "texture": "#wall" },
				"north": { "uv": [ 0, 0, 2, 3 ], "texture": "#wall" },
				"south": { "uv": [ 0, 0, 2, 3 ], "texture": "#wall" },
				"west": { "uv": [ 0, 0, 1, 3 ], "texture": "#wall" },
				"east": { "uv": [ 0, 0, 1, 3 ], "texture": "#wall" }
			}
		},
		{
			"from": [ 12.5, 0, 13.5 ],
			"to": [ 14.5, 3, 14.5 ],
			"faces": {
				"down": { "uv": [ 0, 0, 2, 1 ], "texture": "#wall" },
				"up": { "uv": [ 0, 0, 2, 1 ], "texture": "#wall" },
				"north": { "uv": [ 0, 0, 2, 3 ], "texture": "#wall" },
				"south": { "uv": [ 0, 0, 2, 3 ], "texture": "#wall" },
				"west": { "uv": [ 0, 0, 1, 3 ], "texture": "#wall" },
				"east": { "uv": [ 0, 0, 1, 3 ], "texture": "#wall" }
			}
		},
		{
			"from": [ 1.5, 0, 13.5 ],
			"to": [ 3.5, 3, 14.5 ],
			"faces": {
				"down": { "uv": [ 0, 0, 2, 1 ], "texture": "#wall" },
				"up": { "uv": [ 0, 0, 2, 1 ], "texture": "#wall" },
				"north": { "uv": [ 0, 0, 2, 3 ], "texture": "#wall" },
				"south": { "uv": [ 0, 0, 2, 3 ], "texture": "#wall" },
				"west": { "uv": [ 0, 0, 1, 3 ], "texture": "#wall" },
				"east": { "uv": [ 0, 0, 1, 3 ], "texture": "#wall" }
			}
		},
		{
			"from": [ 1.5, 0, 12.5 ],
			"to": [ 2.5, 3, 13.5 ],
			"faces": {
				"down": { "uv": [ 0, 0, 1, 1 ], "texture": "#wall" },
				"up": { "uv": [ 0, 0, 1, 1 ], "texture": "#wall" },
				"north": { "uv": [ 0, 0, 1, 3 ], "texture": "#wall" },
				"south": { "uv": [ 0, 0, 1, 3 ], "texture": "#wall" },
				"west": { "uv": [ 0, 0, 1, 3 ], "texture": "#wall" },
				"east": { "uv": [ 0, 0, 1, 3 ], "texture": "#wall" }
			}
		},
		{
			"from": [ 1.5, 0, 2.5 ],
			"to": [ 2.5, 3, 3.5 ],
			"faces": {
				"down": { "uv": [ 0, 0, 1, 1 ], "texture": "#wall" },
				"up": { "uv": [ 0, 0, 1, 1 ], "texture": "#wall" },
				"north": { "uv": [ 0, 0, 1, 3 ], "texture": "#wall" },
				"south": { "uv": [ 0, 0, 1, 3 ], "texture": "#wall" },
				"west": { "uv": [ 0, 0, 1, 3 ], "texture": "#wall" },
				"east": { "uv": [ 0, 0, 1, 3 ], "texture": "#wall" }
			}
		},
		{
			"from": [ 13.5, 0, 2.5 ],
			"to": [ 14.5, 3, 3.5 ],
			"faces": {
				"down": { "uv": [ 0, 0, 1, 1 ], "texture": "#wall" },
				"up": { "uv": [ 0, 0, 1, 1 ], "texture": "#wall" },
				"north": { "uv": [ 0, 0, 1, 3 ], "texture": "#wall" },
				"south": { "uv": [ 0, 0, 1, 3 ], "texture": "#wall" },
				"west": { "uv": [ 0, 0, 1, 3 ], "texture": "#wall" },
				"east": { "uv": [ 0, 0, 1, 3 ], "texture": "#wall" }
			}
		},
		{
			"from": [ 13.5, 0, 12.5 ],
			"to": [ 14.5, 3, 13.5 ],
			"faces": {
				"down": { "uv": [ 0, 0, 1, 1 ], "texture": "#wall" },
				"up": { "uv": [ 0, 0, 1, 1 ], "texture": "#wall" },
				"north": { "uv": [ 0, 0, 1, 3 ], "texture": "#wall" },
				"south": { "uv": [ 0, 0, 1, 3 ], "texture": "#wall" },
				"west": { "uv": [ 0, 0, 1, 3 ], "texture": "#wall" },
				"east": { "uv": [ 0, 0, 1, 3 ], "texture": "#wall" }
			}
		},
		{
			"from": [ 0.5, 3, 0.5 ],
			"to": [ 15.5, 4, 15.5 ],
			"faces": {
				"down": { "uv": [ 0, 0, 16, 16 ], "texture": "#wall" },
				"up": { "uv": [ 0, 0, 16, 16 ], "texture": "#wall" },
				"north": { "uv": [ 0, 0, 16, 1 ], "texture": "#wall" },
				"south": { "uv": [ 0, 0, 16, 1 ], "texture": "#wall" },
				"west": { "uv": [ 0, 0, 16, 1 ], "texture": "#wall" },
				"east": { "uv": [ 0, 0, 16, 1 ], "texture": "#wall" }
			}
		},
		{
			"from": [ 0.0004, 2.9996, 0.5 ],
			"to": [ 1.0004, 6.9996, 15.5 ],
			"rotation": { "origin": [ 1, 4, 8 ], "axis": "z", "angle": -22.5 },
			"faces": {
				"down": { "uv": [ 0, 0, 1, 15 ], "texture": "#roof" },
				"up": { "uv": [ 0, 0, 1, 15 ], "texture": "#roof" },
				"north": { "uv": [ 0, 0, 1, 4 ], "texture": "#roof" },
				"south": { "uv": [ 0, 0, 1, 4 ], "texture": "#roof" },
				"west": { "uv": [ 0, 12, 15, 16 ], "texture": "#roof" },
				"east": { "uv": [ 0, 12, 15, 16 ], "texture": "#roof" }
			}
		},
		{
			"from": [ 0.0004, 5.9996, 0.5 ],
			"to": [ 1.0004, 9.999599, 15.5 ],
			"rotation": { "origin": [ 1, 7, 8 ], "axis": "z", "angle": -22.5 },
			"faces": {
				"down": { "uv": [ 0, 0, 1, 15 ], "texture": "#roof" },
				"up": { "uv": [ 0, 0, 1, 15 ], "texture": "#roof" },
				"north": { "uv": [ 0, 0, 1, 4 ], "texture": "#roof" },
				"south": { "uv": [ 0, 0, 1, 4 ], "texture": "#roof" },
				"west": { "uv": [ 0, 8, 15, 12 ], "texture": "#roof" },
				"east": { "uv": [ 0, 8, 15, 12 ], "texture": "#roof" }
			}
		},
		{
			"from": [ 0.0004, 8.999599, 0.5 ],
			"to": [ 1.0004, 12.9996, 15.5 ],
			"rotation": { "origin": [ 1, 10, 8 ], "axis": "z", "angle": -22.5 },
			"faces": {
				"down": { "uv": [ 0, 0, 1, 15 ], "texture": "#roof" },
				"up": { "uv": [ 0, 0, 1, 15 ], "texture": "#roof" },
				"north": { "uv": [ 0, 0, 1, 4 ], "texture": "#roof" },
				"south": { "uv": [ 0, 0, 1, 4 ], "texture": "#roof" },
				"west": { "uv": [ 0, 4, 15, 8 ], "texture": "#roof" },
				"east": { "uv": [ 0, 4, 15, 8 ], "texture": "#roof" }
			}
		},
		{
			"from": [ -2.8002, 15.5034, -1 ],
			"to": [ 8.1998, 16.5034, 17 ],
			"rotation": { "origin": [ 8, 16, 8 ], "axis": "z", "angle": 22.5 },
			"faces": {
				"down": { "uv": [ 0, 0, 11, 16 ], "texture": "#wall" },
				"up": { "uv": [ 0, 0, 11, 16 ], "texture": "#wall" },
				"north": { "uv": [ 0, 0, 11, 1 ], "texture": "#wall" },
				"south": { "uv": [ 0, 0, 11, 1 ], "texture": "#wall" },
				"west": { "uv": [ 0, 0, 16, 1 ], "texture": "#wall" },
				"east": { "uv": [ 0, 0, 16, 1 ], "texture": "#wall" }
			}
		},
		{
			"from": [ 7.8002, 15.5, -1 ],
			"to": [ 18.8002, 16.5, 17 ],
			"rotation": { "origin": [ 8, 16, 8 ], "axis": "z", "angle": -22.5 },
			"faces": {
				"down": { "uv": [ 0, 0, 11, 16 ], "texture": "#wall" },
				"up": { "uv": [ 0, 0, 11, 16 ], "texture": "#wall" },
				"north": { "uv": [ 0, 0, 11, 1 ], "texture": "#wall" },
				"south": { "uv": [ 0, 0, 11, 1 ], "texture": "#wall" },
				"west": { "uv": [ 0, 0, 16, 1 ], "texture": "#wall" },
				"east": { "uv": [ 0, 0, 16, 1 ], "texture": "#wall" }
			}
		},
		{
			"from": [ 14.9996, 3, 0.5 ],
			"to": [ 15.9996, 7, 15.5 ],
			"rotation": { "origin": [ 15, 4, 8 ], "axis": "z", "angle": 22.5 },
			"faces": {
				"down": { "uv": [ 0, 0, 1, 15 ], "texture": "#roof" },
				"up": { "uv": [ 0, 0, 1, 15 ], "texture": "#roof" },
				"north": { "uv": [ 0, 0, 1, 4 ], "texture": "#roof" },
				"south": { "uv": [ 0, 0, 1, 4 ], "texture": "#roof" },
				"west": { "uv": [ 0, 12, 15, 16 ], "texture": "#roof" },
				"east": { "uv": [ 0, 12, 15, 16 ], "texture": "#roof" }
			}
		},
		{
			"from": [ 14.9996, 6, 0.5 ],
			"to": [ 15.9996, 10, 15.5 ],
			"rotation": { "origin": [ 15, 7, 8 ], "axis": "z", "angle": 22.5 },
			"faces": {
				"down": { "uv": [ 0, 0, 1, 15 ], "texture": "#roof" },
				"up": { "uv": [ 0, 0, 1, 15 ], "texture": "#roof" },
				"north": { "uv": [ 0, 0, 1, 4 ], "texture": "#roof" },
				"south": { "uv": [ 0, 0, 1, 4 ], "texture": "#roof" },
				"west": { "uv": [ 0, 8, 15, 12 ], "texture": "#roof" },
				"east": { "uv": [ 0, 7, 15, 11 ], "texture": "#roof" }
			}
		},
		{
			"from": [ 14.9996, 9, 0.5 ],
			"to": [ 15.9996, 13, 15.5 ],
			"rotation": { "origin": [ 15, 10, 8 ], "axis": "z", "angle": 22.5 },
			"faces": {
				"down": { "uv": [ 0, 0, 1, 15 ], "texture": "#roof" },
				"up": { "uv": [ 0, 0, 1, 15 ], "texture": "#roof" },
				"north": { "uv": [ 0, 0, 1, 4 ], "texture": "#roof" },
				"south": { "uv": [ 0, 0, 1, 4 ], "texture": "#roof" },
				"west": { "uv": [ 0, 4, 15, 8 ], "texture": "#roof" },
				"east": { "uv": [ 0, 4, 15, 8 ], "texture": "#roof" }
			}
		},
		{
			"from": [ 0.5, 3, 14.9996 ],
			"to": [ 15.5, 7, 15.9996 ],
			"rotation": { "origin": [ 8, 4, 15 ], "axis": "x", "angle": -22.5 },
			"faces": {
				"down": { "uv": [ 0, 0, 15, 1 ], "texture": "#roof" },
				"up": { "uv": [ 0, 0, 15, 1 ], "texture": "#roof" },
				"north": { "uv": [ 1, 12, 16, 16 ], "texture": "#roof" },
				"south": { "uv": [ 1, 12, 16, 16 ], "texture": "#roof" },
				"west": { "uv": [ 0, 0, 1, 4 ], "texture": "#roof" },
				"east": { "uv": [ 0, 0, 1, 4 ], "texture": "#roof" }
			}
		},
		{
			"from": [ 0.5, 6, 14.9996 ],
			"to": [ 15.5, 10, 15.9996 ],
			"rotation": { "origin": [ 8, 7, 15 ], "axis": "x", "angle": -22.5 },
			"faces": {
				"down": { "uv": [ 0, 0, 15, 1 ], "texture": "#roof" },
				"up": { "uv": [ 0, 0, 15, 1 ], "texture": "#roof" },
				"north": { "uv": [ 1, 7, 16, 11 ], "texture": "#roof" },
				"south": { "uv": [ 1, 7, 16, 11 ], "texture": "#roof" },
				"west": { "uv": [ 0, 0, 1, 4 ], "texture": "#roof" },
				"east": { "uv": [ 0, 0, 1, 4 ], "texture": "#roof" }
			}
		},
		{
			"from": [ 0.5, 9, 14.9996 ],
			"to": [ 15.5, 13, 15.9996 ],
			"rotation": { "origin": [ 8, 10, 15 ], "axis": "x", "angle": -22.5 },
			"faces": {
				"down": { "uv": [ 0, 0, 15, 1 ], "texture": "#roof" },
				"up": { "uv": [ 0, 0, 15, 1 ], "texture": "#roof" },
				"north": { "uv": [ 1, 4, 16, 8 ], "texture": "#roof" },
				"south": { "uv": [ 1, 4, 16, 8 ], "texture": "#roof" },
				"west": { "uv": [ 0, 0, 1, 4 ], "texture": "#roof" },
				"east": { "uv": [ 0, 0, 1, 4 ], "texture": "#roof" }
			}
		},
		{
			"from": [ 0.5, 12, 14.9996 ],
			"to": [ 15.5, 13, 15.9996 ],
			"rotation": { "origin": [ 8, 13, 15 ], "axis": "x", "angle": -22.5 },
			"faces": {
				"down": { "uv": [ 0, 0, 15, 1 ], "texture": "#roof" },
				"up": { "uv": [ 0, 0, 15, 1 ], "texture": "#roof" },
				"north": { "uv": [ 1, 3, 16, 4 ], "texture": "#roof" },
				"south": { "uv": [ 1, 3, 16, 4 ], "texture": "#roof" },
				"west": { "uv": [ 0, 0, 1, 1 ], "texture": "#roof" },
				"east": { "uv": [ 0, 0, 1, 1 ], "texture": "#roof" }
			}
		},
		{
			"from": [ 2.8, 13, 15 ],
			"to": [ 13.2, 14.1, 16 ],
			"rotation": { "origin": [ 8, 13, 15 ], "axis": "x", "angle": -22.5 },
			"faces": {
				"down": { "uv": [ 0, 0, 10.4, 1 ], "texture": "#roof" },
				"up": { "uv": [ 0, 0, 10.4, 1 ], "texture": "#roof" },
				"north": { "uv": [ 3.8, 2, 14.2, 3.1 ], "texture": "#roof" },
				"south": { "uv": [ 3.3, 2, 13.7, 3.1 ], "texture": "#roof" },
				"west": { "uv": [ 0, 0, 1, 1.1 ], "texture": "#roof" },
				"east": { "uv": [ 0, 0, 1, 1.1 ], "texture": "#roof" }
			}
		},
		{
			"from": [ 5.5, 14.1, 15.0004 ],
			"to": [ 10.5, 15.3, 16.0004 ],
			"rotation": { "origin": [ 8, 13, 15 ], "axis": "x", "angle": -22.5 },
			"faces": {
				"down": { "uv": [ 0, 0, -6, 3 ], "texture": "#roof" },
				"up": { "uv": [ 0, 0, 5, 1 ], "texture": "#roof" },
				"north": { "uv": [ 6, 1, 11, 2.2 ], "texture": "#roof" },
				"south": { "uv": [ 6, 1, 11, 2.2 ], "texture": "#roof" },
				"west": { "uv": [ 0, 0, -26, 2.2 ], "texture": "#roof" },
				"east": { "uv": [ 0, 0, 1, 1.2 ], "texture": "#roof" }
			}
		},
		{
			"from": [ 0.5, 2.9996, 0.0004 ],
			"to": [ 7, 6.9996, 1.0004 ],
			"rotation": { "origin": [ 8, 4, 1 ], "axis": "x", "angle": 22.5 },
			"faces": {
				"down": { "uv": [ 0, 0, 6.5, 1 ], "texture": "#roof" },
				"up": { "uv": [ 0, 0, 6.5, 1 ], "texture": "#roof" },
				"north": { "uv": [ 9, 12, 15.5, 16 ], "texture": "#roof" },
				"south": { "uv": [ 9, 12, 15.5, 16 ], "texture": "#roof" },
				"west": { "uv": [ 0, 0, 1, 4 ], "texture": "#roof" },
				"east": { "uv": [ 0, 0, 1, 4 ], "texture": "#roof" }
			}
		},
		{
			"from": [ 9, 2.9996, 0.0004 ],
			"to": [ 15.5, 6.9996, 1.0004 ],
			"rotation": { "origin": [ 8, 4, 1 ], "axis": "x", "angle": 22.5 },
			"faces": {
				"down": { "uv": [ 0, 0, 6.5, 1 ], "texture": "#roof" },
				"up": { "uv": [ 0, 0, 6.5, 1 ], "texture": "#roof" },
				"north": { "uv": [ 1, 12, 7.5, 16 ], "texture": "#roof" },
				"south": { "uv": [ 1, 12, 7.5, 16 ], "texture": "#roof" },
				"west": { "uv": [ 0, 0, 1, 4 ], "texture": "#roof" },
				"east": { "uv": [ 0, 0, 1, 4 ], "texture": "#roof" }
			}
		},
		{
			"from": [ 7, 4.9996, -0.0004 ],
			"to": [ 9, 6.9996, 0.9996 ],
			"rotation": { "origin": [ 8, 4, 1 ], "axis": "x", "angle": 22.5 },
			"faces": {
				"down": { "uv": [ 0, 0, 2, 1 ], "texture": "#roof" },
				"up": { "uv": [ 0, 0, 2, 1 ], "texture": "#roof" },
				"north": { "uv": [ 8, 12, 10, 14 ], "texture": "#roof" },
				"south": { "uv": [ 0, 0, 2, 2 ], "texture": "#roof" },
				"west": { "uv": [ 0, 0, 1, 2 ], "texture": "#roof" },
				"east": { "uv": [ 0, 0, 1, 2 ], "texture": "#roof" }
			}
		},
		{
			"from": [ 7, 3, -1 ],
			"to": [ 9, 4, 0.5 ],
			"faces": {
				"down": { "uv": [ 0, 0, 2, 1 ], "texture": "#wall" },
				"up": { "uv": [ 0, 0, 2, 1 ], "texture": "#wall" },
				"north": { "uv": [ 0, 0, 2, 1 ], "texture": "#wall" },
				"south": { "uv": [ 0, 0, 2, 1 ], "texture": "#wall" },
				"west": { "uv": [ 0, 0, 1, 1 ], "texture": "#wall" },
				"east": { "uv": [ 0, 0, 1, 1 ], "texture": "#wall" }
			}
		},
		{
			"from": [ 0.5, 5.9996, 0.0004 ],
			"to": [ 15.5, 9.999599, 1.0004 ],
			"rotation": { "origin": [ 8, 7, 1 ], "axis": "x", "angle": 22.5 },
			"faces": {
				"down": { "uv": [ 0, 0, 15, 1 ], "texture": "#roof" },
				"up": { "uv": [ 0, 0, 15, 1 ], "texture": "#roof" },
				"north": { "uv": [ 1, 8, 16, 12 ], "texture": "#roof" },
				"south": { "uv": [ 1, 8, 16, 12 ], "texture": "#roof" },
				"west": { "uv": [ 0, 0, 1, 4 ], "texture": "#roof" },
				"east": { "uv": [ 0, 0, 1, 4 ], "texture": "#roof" }
			}
		},
		{
			"from": [ 0.5, 8.999599, 0.0004 ],
			"to": [ 15.5, 12.9996, 1.0004 ],
			"rotation": { "origin": [ 8, 10, 1 ], "axis": "x", "angle": 22.5 },
			"faces": {
				"down": { "uv": [ 0, 0, 15, 1 ], "texture": "#roof" },
				"up": { "uv": [ 0, 0, 15, 1 ], "texture": "#roof" },
				"north": { "uv": [ 1, 4, 16, 8 ], "texture": "#roof" },
				"south": { "uv": [ 1, 4, 16, 8 ], "texture": "#roof" },
				"west": { "uv": [ 0, 0, 1, 4 ], "texture": "#roof" },
				"east": { "uv": [ 0, 0, 1, 4 ], "texture": "#roof" }
			}
		},
		{
			"from": [ 0.5, 11.9996, 0.0004 ],
			"to": [ 15.5, 12.9996, 1.0004 ],
			"rotation": { "origin": [ 8, 13, 1 ], "axis": "x", "angle": 22.5 },
			"faces": {
				"down": { "uv": [ 0, 0, 15, 1 ], "texture": "#roof" },
				"up": { "uv": [ 0, 0, 15, 1 ], "texture": "#roof" },
				"north": { "uv": [ 1, 3, 16, 4 ], "texture": "#roof" },
				"south": { "uv": [ 1, 3, 16, 4 ], "texture": "#roof" },
				"west": { "uv": [ 0, 0, 1, 1 ], "texture": "#roof" },
				"east": { "uv": [ 0, 0, 1, 1 ], "texture": "#roof" }
			}
		},
		{
			"from": [ 2.8, 12.9996, 0 ],
			"to": [ 13.2, 14.0996, 1 ],
			"rotation": { "origin": [ 8, 13, 1 ], "axis": "x", "angle": 22.5 },
			"faces": {
				"down": { "uv": [ 0, 0, 10.4, 1 ], "texture": "#roof" },
				"up": { "uv": [ 0, 0, 10.4, 1 ], "texture": "#roof" },
				"north": { "uv": [ 3.3, 1.9, 13.7, 3 ], "texture": "#roof" },
				"south": { "uv": [ 3.3, 2, 13.7, 3.1 ], "texture": "#roof" },
				"west": { "uv": [ 0, 0, 1, 1.1 ], "texture": "#roof" },
				"east": { "uv": [ 0, 0, 1, 1.1 ], "texture": "#roof" }
			}
		},
		{
			"from": [ 5.5, 13.9996, -0.0004 ],
			"to": [ 10.5, 15.1996, 0.9996 ],
			"rotation": { "origin": [ 8, 13, 1 ], "axis": "x", "angle": 22.5 },
			"faces": {
				"down": { "uv": [ 0, 0, 5, 1 ], "texture": "#roof" },
				"up": { "uv": [ 0, 0, 5, 1 ], "texture": "#roof" },
				"north": { "uv": [ 6, 0.8000002, 11, 2 ], "texture": "#roof" },
				"south": { "uv": [ 6, 1, 11, 2.2 ], "texture": "#roof" },
				"west": { "uv": [ 0, 0, 1, 1.2 ], "texture": "#roof" },
				"east": { "uv": [ 0, 0, 1, 1.2 ], "texture": "#roof" }
			}
		}
	],
	"display": {
		"thirdperson_righthand": {
			"translation":  [ 0, 2, 2 ],
			"scale":  [ 0.3, 0.3, 0.3 ]
		},
		"thirdperson_lefthand": {
			"translation":  [ 0, 2, 2 ],
			"scale":  [ 0.3, 0.3, 0.3 ]
		},
		"firstperson_righthand": {
			"rotation":  [ 0, 45, 0 ],
			"scale":  [ 0.4, 0.4, 0.4 ]
		},
		"firstperson_lefthand": {
			"rotation":  [ 0, 45, 0 ],
			"scale":  [ 0.4, 0.4, 0.4 ]
		},
		"gui": {
			"rotation":  [ 35, -135, 0 ],
			"scale":  [ 0.5, 0.5, 0.5 ]
		},
		"head": {
			"translation":  [ 0, 15, 0 ]
		},
		"ground": {
			"translation":  [ 0, 3, 0 ],
			"scale":  [ 0.25, 0.25, 0.25 ]
		},
		"fixed": {
			"scale":  [ 0.9, 0.9, 0.9 ]
		}
	}
}
