{
	"__comment": "model generated using mr_crayfish's model creator (http://mrcrayfish.com/modelcreator/)",
	"textures": {
		"particle": "#side",
        "0": "#side",
        "1": "#top",
		"texture": "blocks/water_still"
	},
	"elements": [
		{
			"from": [ 5, 0, 1 ],
			"to": [ 11, 3, 2 ],
			"faces": {
				"down": { "uv": [ 5, 0, 11, 1 ], "texture": "#1" },
				"up": { "uv": [ 5, 14, 11, 15 ], "texture": "#1" },
				"north": { "uv": [ 5, 13, 11, 16 ], "texture": "#0" },
				"south": { "uv": [ 5, 13, 11, 16 ], "texture": "#0" },
				"west": { "uv": [ 1, 13, 2, 16 ], "texture": "#0" },
				"east": { "uv": [ 14, 13, 15, 16 ], "texture": "#0" }
			}
		},
		{
			"from": [ 11, 0, 2 ],
			"to": [ 13, 3, 3 ],
			"faces": {
				"down": { "uv": [ 7, 1, 9, 2 ], "texture": "#1" },
				"up": { "uv": [ 3, 13, 5, 14 ], "texture": "#1" },
				"north": { "uv": [ 3, 13, 5, 16 ], "texture": "#0" },
				"south": { "uv": [ 11, 13, 13, 16 ], "texture": "#0" },
				"west": { "uv": [ 2, 13, 3, 16 ], "texture": "#0" },
				"east": { "uv": [ 13, 13, 14, 16 ], "texture": "#0" }
			}
		},
		{
			"from": [ 13, 0, 3 ],
			"to": [ 14, 3, 5 ],
			"faces": {
				"down": { "uv": [ 1, 4, 2, 6 ], "texture": "#1" },
				"up": { "uv": [ 2, 11, 3, 13 ], "texture": "#1" },
				"north": { "uv": [ 2, 13, 3, 16 ], "texture": "#0" },
				"south": { "uv": [ 13, 13, 14, 16 ], "texture": "#0" },
				"west": { "uv": [ 3, 13, 5, 16 ], "texture": "#0" },
				"east": { "uv": [ 11, 13, 13, 16 ], "texture": "#0" }
			}
		},
		{
			"from": [ 14, 0, 5 ],
			"to": [ 15, 3, 11 ],
			"faces": {
				"down": { "uv": [ 1, 6, 2, 12 ], "texture": "#1" },
				"up": { "uv": [ 1, 5, 2, 11 ], "texture": "#1" },
				"north": { "uv": [ 1, 13, 2, 16 ], "texture": "#0" },
				"south": { "uv": [ 14, 13, 15, 16 ], "texture": "#0" },
				"west": { "uv": [ 5, 13, 11, 16 ], "texture": "#0" },
				"east": { "uv": [ 5, 13, 11, 16 ], "texture": "#0" }
			}
		},
		{
			"from": [ 13, 0, 11 ],
			"to": [ 14, 3, 13 ],
			"faces": {
				"down": { "uv": [ 1, 4, 2, 6 ], "texture": "#1" },
				"up": { "uv": [ 2, 3, 3, 5 ], "texture": "#1" },
				"north": { "uv": [ 2, 13, 3, 16 ], "texture": "#0" },
				"south": { "uv": [ 13, 13, 14, 16 ], "texture": "#0" },
				"west": { "uv": [ 11, 13, 13, 16 ], "texture": "#0" },
				"east": { "uv": [ 3, 13, 5, 16 ], "texture": "#0" }
			}
		},
		{
			"from": [ 11, 0, 13 ],
			"to": [ 13, 3, 14 ],
			"faces": {
				"down": { "uv": [ 6, 1, 8, 2 ], "texture": "#1" },
				"up": { "uv": [ 3, 2, 5, 3 ], "texture": "#1" },
				"north": { "uv": [ 3, 13, 5, 16 ], "texture": "#0" },
				"south": { "uv": [ 11, 13, 13, 16 ], "texture": "#0" },
				"west": { "uv": [ 13, 13, 14, 16 ], "texture": "#0" },
				"east": { "uv": [ 2, 13, 3, 16 ], "texture": "#0" }
			}
		},
		{
			"from": [ 5, 0, 14 ],
			"to": [ 11, 3, 15 ],
			"faces": {
				"down": { "uv": [ 7, 14, 13, 15 ], "texture": "#1" },
				"up": { "uv": [ 5, 1, 11, 2 ], "texture": "#1" },
				"north": { "uv": [ 5, 13, 11, 16 ], "texture": "#0" },
				"south": { "uv": [ 5, 13, 11, 16 ], "texture": "#0" },
				"west": { "uv": [ 14, 13, 15, 16 ], "texture": "#0" },
				"east": { "uv": [ 1, 13, 2, 16 ], "texture": "#0" }
			}
		},
		{
			"from": [ 3, 0, 2 ],
			"to": [ 5, 3, 3 ],
			"faces": {
				"down": { "uv": [ 6, 14, 8, 15 ], "texture": "#1" },
				"up": { "uv": [ 11, 13, 13, 14 ], "texture": "#1" },
				"north": { "uv": [ 11, 13, 13, 16 ], "texture": "#0" },
				"south": { "uv": [ 3, 13, 5, 16 ], "texture": "#0" },
				"west": { "uv": [ 2, 13, 3, 16 ], "texture": "#0" },
				"east": { "uv": [ 14, 13, 15, 16 ], "texture": "#0" }
			}
		},
		{
			"from": [ 3, 0, 13 ],
			"to": [ 5, 3, 14 ],
			"faces": {
				"down": { "uv": [ 6, 1, 8, 2 ], "texture": "#1" },
				"up": { "uv": [ 11, 2, 13, 3 ], "texture": "#1" },
				"north": { "uv": [ 11, 13, 13, 16 ], "texture": "#0" },
				"south": { "uv": [ 3, 13, 5, 16 ], "texture": "#0" },
				"west": { "uv": [ 13, 13, 14, 16 ], "texture": "#0" },
				"east": { "uv": [ 13, 13, 14, 16 ], "texture": "#0" }
			}
		},
		{
			"from": [ 2, 0, 11 ],
			"to": [ 3, 3, 13 ],
			"faces": {
				"down": { "uv": [ 13, 12, 14, 14 ], "texture": "#1" },
				"up": { "uv": [ 13, 3, 14, 5 ], "texture": "#1" },
				"north": { "uv": [ 13, 13, 14, 16 ], "texture": "#0" },
				"south": { "uv": [ 2, 13, 3, 16 ], "texture": "#0" },
				"west": { "uv": [ 11, 13, 13, 16 ], "texture": "#0" },
				"east": { "uv": [ 3, 13, 5, 16 ], "texture": "#0" }
			}
		},
		{
			"from": [ 2, 0, 3 ],
			"to": [ 3, 3, 5 ],
			"faces": {
				"down": { "uv": [ 1, 5, 2, 7 ], "texture": "#1" },
				"up": { "uv": [ 13, 11, 14, 13 ], "texture": "#1" },
				"north": { "uv": [ 13, 13, 14, 16 ], "texture": "#0" },
				"south": { "uv": [ 2, 13, 3, 16 ], "texture": "#0" },
				"west": { "uv": [ 3, 13, 5, 16 ], "texture": "#0" },
				"east": { "uv": [ 11, 13, 13, 16 ], "texture": "#0" }
			}
		},
		{
			"from": [ 1, 0, 5 ],
			"to": [ 2, 3, 11 ],
			"faces": {
				"down": { "uv": [ 14, 6, 15, 12 ], "texture": "#1" },
				"up": { "uv": [ 14, 5, 15, 11 ], "texture": "#1" },
				"north": { "uv": [ 14, 13, 15, 16 ], "texture": "#0" },
				"south": { "uv": [ 1, 13, 2, 16 ], "texture": "#0" },
				"west": { "uv": [ 5, 13, 11, 16 ], "texture": "#0" },
				"east": { "uv": [ 5, 13, 11, 16 ], "texture": "#0" }
			}
		},
		{
			"from": [ 5, 3, 0 ],
			"to": [ 11, 13, 1 ],
			"faces": {
				"down": { "uv": [ 5, 0, 11, 1 ], "texture": "#1" },
				"up": { "uv": [ 4, 14, 10, 15 ], "texture": "#1" },
				"north": { "uv": [ 5, 3, 11, 13 ], "texture": "#0" },
				"south": { "uv": [ 5, 3, 11, 13 ], "texture": "#0" },
				"west": { "uv": [ 0, 3, 1, 13 ], "texture": "#0" },
				"east": { "uv": [ 15, 3, 16, 13 ], "texture": "#0" }
			}
		},
		{
			"from": [ 11, 3, 1 ],
			"to": [ 13, 13, 2 ],
			"faces": {
				"down": { "uv": [ 11, 1, 13, 2 ], "texture": "#1" },
				"up": { "uv": [ 6, 15, 8, 16 ], "texture": "#1" },
				"north": { "uv": [ 3, 3, 5, 13 ], "texture": "#0" },
				"south": { "uv": [ 11, 3, 13, 13 ], "texture": "#0" },
				"west": { "uv": [ 1, 3, 2, 13 ], "texture": "#0" },
				"east": { "uv": [ 14, 3, 15, 13 ], "texture": "#0" }
			}
		},
		{
			"from": [ 13, 3, 2 ],
			"to": [ 14, 13, 3 ],
			"faces": {
				"down": { "uv": [ 13, 2, 14, 3 ], "texture": "#1" },
				"up": { "uv": [ 2, 13, 3, 14 ], "texture": "#1" },
				"north": { "uv": [ 2, 3, 3, 13 ], "texture": "#0" },
				"south": { "uv": [ 13, 3, 14, 13 ], "texture": "#0" },
				"west": { "uv": [ 2, 3, 3, 13 ], "texture": "#0" },
				"east": { "uv": [ 13, 3, 14, 13 ], "texture": "#0" }
			}
		},
		{
			"from": [ 14, 3, 3 ],
			"to": [ 15, 13, 5 ],
			"faces": {
				"down": { "uv": [ 1, 4, 2, 6 ], "texture": "#1" },
				"up": { "uv": [ 1, 9, 2, 11 ], "texture": "#1" },
				"north": { "uv": [ 1, 3, 2, 13 ], "texture": "#0" },
				"south": { "uv": [ 14, 3, 15, 13 ], "texture": "#0" },
				"west": { "uv": [ 3, 3, 5, 13 ], "texture": "#0" },
				"east": { "uv": [ 11, 3, 13, 13 ], "texture": "#0" }
			}
		},
		{
			"from": [ 15, 3, 5 ],
			"to": [ 16, 13, 11 ],
			"faces": {
				"down": { "uv": [ 1, 6, 2, 12 ], "texture": "#1" },
				"up": { "uv": [ 1, 7, 2, 13 ], "texture": "#1" },
				"north": { "uv": [ 0, 3, 1, 13 ], "texture": "#0" },
				"south": { "uv": [ 15, 3, 16, 13 ], "texture": "#0" },
				"west": { "uv": [ 5, 3, 11, 13 ], "texture": "#0" },
				"east": { "uv": [ 5, 3, 11, 13 ], "texture": "#0" }
			}
		},
		{
			"from": [ 14, 3, 11 ],
			"to": [ 15, 13, 13 ],
			"faces": {
				"down": { "uv": [ 1, 4, 2, 6 ], "texture": "#1" },
				"up": { "uv": [ 1, 5, 2, 7 ], "texture": "#1" },
				"north": { "uv": [ 0, 3, 1, 13 ], "texture": "#0" },
				"south": { "uv": [ 14, 3, 15, 13 ], "texture": "#0" },
				"west": { "uv": [ 11, 3, 13, 13 ], "texture": "#0" },
				"east": { "uv": [ 3, 3, 5, 13 ], "texture": "#0" }
			}
		},
		{
			"from": [ 13, 3, 13 ],
			"to": [ 14, 13, 14 ],
			"faces": {
				"down": { "uv": [ 2, 2, 3, 3 ], "texture": "#1" },
				"up": { "uv": [ 2, 2, 3, 3 ], "texture": "#1" },
				"north": { "uv": [ 1, 3, 2, 13 ], "texture": "#0" },
				"south": { "uv": [ 13, 3, 14, 13 ], "texture": "#0" },
				"west": { "uv": [ 13, 3, 14, 13 ], "texture": "#0" },
				"east": { "uv": [ 2, 3, 3, 13 ], "texture": "#0" }
			}
		},
		{
			"from": [ 11, 3, 14 ],
			"to": [ 13, 13, 15 ],
			"faces": {
				"down": { "uv": [ 5, 14, 7, 15 ], "texture": "#1" },
				"up": { "uv": [ 6, 1, 8, 2 ], "texture": "#1" },
				"north": { "uv": [ 3, 3, 5, 13 ], "texture": "#0" },
				"south": { "uv": [ 11, 3, 13, 13 ], "texture": "#0" },
				"west": { "uv": [ 14, 3, 15, 13 ], "texture": "#0" },
				"east": { "uv": [ 1, 3, 2, 13 ], "texture": "#0" }
			}
		},
		{
			"from": [ 5, 3, 15 ],
			"to": [ 11, 13, 16 ],
			"faces": {
				"down": { "uv": [ 3, 14, 9, 15 ], "texture": "#1" },
				"up": { "uv": [ 4, 1, 10, 2 ], "texture": "#1" },
				"north": { "uv": [ 5, 3, 11, 13 ], "texture": "#0" },
				"south": { "uv": [ 5, 3, 11, 13 ], "texture": "#0" },
				"west": { "uv": [ 15, 3, 16, 13 ], "texture": "#0" },
				"east": { "uv": [ 0, 3, 1, 13 ], "texture": "#0" }
			}
		},
		{
			"from": [ 3, 3, 1 ],
			"to": [ 5, 13, 2 ],
			"faces": {
				"down": { "uv": [ 10, 14, 12, 15 ], "texture": "#1" },
				"up": { "uv": [ 7, 1, 9, 2 ], "texture": "#1" },
				"north": { "uv": [ 11, 3, 13, 13 ], "texture": "#0" },
				"south": { "uv": [ 3, 3, 5, 13 ], "texture": "#0" },
				"west": { "uv": [ 1, 3, 2, 13 ], "texture": "#0" },
				"east": { "uv": [ 14, 3, 15, 13 ], "texture": "#0" }
			}
		},
		{
			"from": [ 2, 3, 2 ],
			"to": [ 3, 13, 3 ],
			"faces": {
				"down": { "uv": [ 13, 13, 14, 14 ], "texture": "#1" },
				"up": { "uv": [ 13, 13, 14, 14 ], "texture": "#1" },
				"north": { "uv": [ 13, 3, 14, 13 ], "texture": "#0" },
				"south": { "uv": [ 2, 3, 3, 13 ], "texture": "#0" },
				"west": { "uv": [ 2, 3, 3, 13 ], "texture": "#0" },
				"east": { "uv": [ 13, 3, 14, 13 ], "texture": "#0" }
			}
		},
		{
			"from": [ 1, 3, 3 ],
			"to": [ 2, 13, 5 ],
			"faces": {
				"down": { "uv": [ 0, 5, 1, 7 ], "texture": "#1" },
				"up": { "uv": [ 15, 7, 16, 9 ], "texture": "#1" },
				"north": { "uv": [ 14, 3, 15, 13 ], "texture": "#0" },
				"south": { "uv": [ 1, 3, 2, 13 ], "texture": "#0" },
				"west": { "uv": [ 3, 3, 5, 13 ], "texture": "#0" },
				"east": { "uv": [ 11, 3, 13, 13 ], "texture": "#0" }
			}
		},
		{
			"from": [ 0, 3, 5 ],
			"to": [ 1, 13, 11 ],
			"faces": {
				"down": { "uv": [ 14, 6, 15, 12 ], "texture": "#1" },
				"up": { "uv": [ 15, 5, 16, 11 ], "texture": "#1" },
				"north": { "uv": [ 15, 3, 16, 13 ], "texture": "#0" },
				"south": { "uv": [ 0, 3, 1, 13 ], "texture": "#0" },
				"west": { "uv": [ 5, 3, 11, 13 ], "texture": "#0" },
				"east": { "uv": [ 5, 3, 11, 13 ], "texture": "#0" }
			}
		},
		{
			"from": [ 1, 3, 11 ],
			"to": [ 2, 13, 13 ],
			"faces": {
				"down": { "uv": [ 1, 5, 2, 7 ], "texture": "#1" },
				"up": { "uv": [ 14, 11, 15, 13 ], "texture": "#1" },
				"north": { "uv": [ 14, 3, 15, 13 ], "texture": "#0" },
				"south": { "uv": [ 1, 3, 2, 13 ], "texture": "#0" },
				"west": { "uv": [ 11, 3, 13, 13 ], "texture": "#0" },
				"east": { "uv": [ 3, 3, 5, 13 ], "texture": "#0" }
			}
		},
		{
			"from": [ 3, 3, 14 ],
			"to": [ 5, 13, 15 ],
			"faces": {
				"down": { "uv": [ 6, 1, 8, 2 ], "texture": "#1" },
				"up": { "uv": [ 9, 14, 11, 15 ], "texture": "#1" },
				"north": { "uv": [ 11, 3, 13, 13 ], "texture": "#0" },
				"south": { "uv": [ 3, 3, 5, 13 ], "texture": "#0" },
				"west": { "uv": [ 13, 3, 14, 13 ], "texture": "#0" },
				"east": { "uv": [ 2, 3, 3, 13 ], "texture": "#0" }
			}
		},
		{
			"from": [ 2, 3, 13 ],
			"to": [ 3, 13, 14 ],
			"faces": {
				"down": { "uv": [ 2, 13, 3, 14 ], "texture": "#1" },
				"up": { "uv": [ 13, 13, 14, 14 ], "texture": "#1" },
				"north": { "uv": [ 13, 4, 14, 14 ], "texture": "#0" },
				"south": { "uv": [ 2, 3, 3, 13 ], "texture": "#0" },
				"west": { "uv": [ 14, 3, 15, 13 ], "texture": "#0" },
				"east": { "uv": [ 1, 3, 2, 13 ], "texture": "#0" }
			}
		},
		{
			"from": [ 5, 13, 1 ],
			"to": [ 11, 16, 2 ],
			"faces": {
				"down": { "uv": [ 0, 0, 0, 2 ], "texture": "#-1" },
				"up": { "uv": [ 5, 0, 11, 1 ], "texture": "#1" },
				"north": { "uv": [ 5, 0, 11, 3 ], "texture": "#0" },
				"south": { "uv": [ 5, 0, 11, 3 ], "texture": "#0" },
				"west": { "uv": [ 1, 0, 2, 3 ], "texture": "#0" },
				"east": { "uv": [ 14, 0, 15, 3 ], "texture": "#0" }
			}
		},
		{
			"from": [ 11, 13, 2 ],
			"to": [ 13, 16, 3 ],
			"faces": {
				"down": { "uv": [ 0, 0, 2, 1 ], "texture": "#-1" },
				"up": { "uv": [ 3, 1, 5, 2 ], "texture": "#1" },
				"north": { "uv": [ 3, 0, 5, 3 ], "texture": "#0" },
				"south": { "uv": [ 11, 0, 13, 3 ], "texture": "#0" },
				"west": { "uv": [ 2, 0, 3, 3 ], "texture": "#0" },
				"east": { "uv": [ 13, 0, 14, 3 ], "texture": "#0" }
			}
		},
		{
			"from": [ 13, 13, 3 ],
			"to": [ 14, 16, 5 ],
			"faces": {
				"down": { "uv": [ 0, 0, 1, 2 ], "texture": "#-1" },
				"up": { "uv": [ 1, 5, 2, 7 ], "texture": "#1" },
				"north": { "uv": [ 2, 0, 3, 3 ], "texture": "#0" },
				"south": { "uv": [ 13, 0, 14, 3 ], "texture": "#0" },
				"west": { "uv": [ 3, 0, 5, 3 ], "texture": "#0" },
				"east": { "uv": [ 11, 0, 13, 3 ], "texture": "#0" }
			}
		},
		{
			"from": [ 14, 13, 5 ],
			"to": [ 15, 16, 11 ],
			"faces": {
				"down": { "uv": [ 0, 0, 1, 6 ], "texture": "#-1" },
				"up": { "uv": [ 14, 6, 15, 12 ], "texture": "#1" },
				"north": { "uv": [ 1, 0, 2, 3 ], "texture": "#0" },
				"south": { "uv": [ 14, 0, 15, 3 ], "texture": "#0" },
				"west": { "uv": [ 5, 0, 11, 3 ], "texture": "#0" },
				"east": { "uv": [ 5, 0, 11, 3 ], "texture": "#0" }
			}
		},
		{
			"from": [ 13, 13, 11 ],
			"to": [ 14, 16, 13 ],
			"faces": {
				"down": { "uv": [ 0, 0, 1, 2 ], "texture": "#-1" },
				"up": { "uv": [ 1, 9, 2, 11 ], "texture": "#1" },
				"north": { "uv": [ 2, 0, 3, 3 ], "texture": "#0" },
				"south": { "uv": [ 13, 0, 14, 3 ], "texture": "#0" },
				"west": { "uv": [ 11, 0, 13, 3 ], "texture": "#0" },
				"east": { "uv": [ 3, 0, 5, 3 ], "texture": "#0" }
			}
		},
		{
			"from": [ 11, 13, 13 ],
			"to": [ 13, 16, 14 ],
			"faces": {
				"down": { "uv": [ 0, 0, 2, 1 ], "texture": "#-1" },
				"up": { "uv": [ 6, 0, 8, 1 ], "texture": "#1" },
				"north": { "uv": [ 2, 0, 4, 3 ], "texture": "#0" },
				"south": { "uv": [ 11, 0, 13, 3 ], "texture": "#0" },
				"west": { "uv": [ 13, 0, 14, 3 ], "texture": "#0" },
				"east": { "uv": [ 2, 0, 3, 3 ], "texture": "#0" }
			}
		},
		{
			"from": [ 5, 13, 14 ],
			"to": [ 11, 16, 15 ],
			"faces": {
				"down": { "uv": [ 0, 0, 6, 1 ], "texture": "#-1" },
				"up": { "uv": [ 3, 14, 9, 15 ], "texture": "#1" },
				"north": { "uv": [ 5, 0, 11, 3 ], "texture": "#0" },
				"south": { "uv": [ 5, 0, 11, 3 ], "texture": "#0" },
				"west": { "uv": [ 14, 0, 15, 3 ], "texture": "#0" },
				"east": { "uv": [ 1, 0, 2, 3 ], "texture": "#0" }
			}
		},
		{
			"from": [ 3, 13, 2 ],
			"to": [ 5, 16, 3 ],
			"faces": {
				"down": { "uv": [ 0, 0, 2, 1 ], "texture": "#-1" },
				"up": { "uv": [ 6, 1, 8, 2 ], "texture": "#1" },
				"north": { "uv": [ 11, 0, 13, 3 ], "texture": "#0" },
				"south": { "uv": [ 3, 0, 5, 3 ], "texture": "#0" },
				"west": { "uv": [ 1, 0, 2, 3 ], "texture": "#0" },
				"east": { "uv": [ 13, 0, 14, 3 ], "texture": "#0" }
			}
		},
		{
			"from": [ 2, 13, 3 ],
			"to": [ 3, 16, 5 ],
			"faces": {
				"down": { "uv": [ 0, 0, 1, 2 ], "texture": "#-1" },
				"up": { "uv": [ 1, 4, 2, 6 ], "texture": "#1" },
				"north": { "uv": [ 13, 0, 14, 3 ], "texture": "#0" },
				"south": { "uv": [ 2, 0, 3, 3 ], "texture": "#0" },
				"west": { "uv": [ 3, 0, 5, 3 ], "texture": "#0" },
				"east": { "uv": [ 11, 0, 13, 3 ], "texture": "#0" }
			}
		},
		{
			"from": [ 3, 13, 13 ],
			"to": [ 5, 16, 14 ],
			"faces": {
				"down": { "uv": [ 0, 0, 2, 1 ], "texture": "#-1" },
				"up": { "uv": [ 6, 1, 8, 2 ], "texture": "#1" },
				"north": { "uv": [ 11, 0, 13, 3 ], "texture": "#0" },
				"south": { "uv": [ 3, 0, 5, 3 ], "texture": "#0" },
				"west": { "uv": [ 13, 0, 14, 3 ], "texture": "#0" },
				"east": { "uv": [ 2, 0, 3, 3 ], "texture": "#0" }
			}
		},
		{
			"from": [ 2, 13, 11 ],
			"to": [ 3, 16, 13 ],
			"faces": {
				"down": { "uv": [ 0, 0, 1, 2 ], "texture": "#-1" },
				"up": { "uv": [ 1, 4, 2, 6 ], "texture": "#1" },
				"north": { "uv": [ 13, 0, 14, 3 ], "texture": "#0" },
				"south": { "uv": [ 2, 0, 3, 3 ], "texture": "#0" },
				"west": { "uv": [ 11, 0, 13, 3 ], "texture": "#0" },
				"east": { "uv": [ 3, 0, 5, 3 ], "texture": "#0" }
			}
		},
		{
			"from": [ 1, 13, 5 ],
			"to": [ 2, 16, 11 ],
			"faces": {
				"down": { "uv": [ 0, 0, 2, 3 ], "texture": "#-1" },
				"up": { "uv": [ 15, 5, 16, 11 ], "texture": "#1" },
				"north": { "uv": [ 14, 0, 13, 3 ], "texture": "#0" },
				"south": { "uv": [ 1, 0, 2, 3 ], "texture": "#0" },
				"west": { "uv": [ 5, 0, 11, 3 ], "texture": "#0" },
				"east": { "uv": [ 5, 0, 11, 3 ], "texture": "#0" }
			}
		},
		{
			"from": [ 5, 1, 2 ],
			"to": [ 11, 2, 14 ],
			"faces": {
				"down": { "uv": [ 5, 2, 11, 14 ], "texture": "#1" },
				"up": { "uv": [ 5, 2, 11, 14 ], "texture": "#1" },
				"north": { "uv": [ 6, 8, 12, 9 ], "texture": "#-1" },
				"south": { "uv": [ 0, 0, 6, 1 ], "texture": "#-1" },
				"west": { "uv": [ 0, 0, 12, 1 ], "texture": "#-1" },
				"east": { "uv": [ 0, 0, 12, 1 ], "texture": "#-1" }
			}
		},
		{
			"from": [ 3, 1, 3 ],
			"to": [ 5, 2, 13 ],
			"faces": {
				"down": { "uv": [ 3, 3, 5, 13 ], "texture": "#1" },
				"up": { "uv": [ 3, 3, 5, 13 ], "texture": "#1" },
				"north": { "uv": [ 2, 4, 4, 5 ], "texture": "#-1" },
				"south": { "uv": [ 0, 0, 2, 1 ], "texture": "#-1" },
				"west": { "uv": [ 0, 0, 10, 1 ], "texture": "#-1" },
				"east": { "uv": [ 0, 0, 10, 1 ], "texture": "#-1" }
			}
		},
		{
			"from": [ 2, 1, 5 ],
			"to": [ 3, 2, 11 ],
			"faces": {
				"down": { "uv": [ 2, 5, 3, 11 ], "texture": "#1" },
				"up": { "uv": [ 2, 5, 3, 11 ], "texture": "#1" },
				"north": { "uv": [ 3, 3, 4, 4 ], "texture": "#-1" },
				"south": { "uv": [ 0, 0, 1, 1 ], "texture": "#-1" },
				"west": { "uv": [ 0, 0, 6, 1 ], "texture": "#-1" },
				"east": { "uv": [ 0, 0, 6, 1 ], "texture": "#-1" }
			}
		},
		{
			"from": [ 11, 1, 3 ],
			"to": [ 13, 2, 13 ],
			"faces": {
				"down": { "uv": [ 11, 3, 13, 13 ], "texture": "#1" },
				"up": { "uv": [ 11, 3, 13, 13 ], "texture": "#1" },
				"north": { "uv": [ 0, 0, 2, 1 ], "texture": "#-1" },
				"south": { "uv": [ 0, 0, 2, 1 ], "texture": "#-1" },
				"west": { "uv": [ 0, 0, 10, 1 ], "texture": "#-1" },
				"east": { "uv": [ 0, 0, 10, 1 ], "texture": "#-1" }
			}
		},
		{
			"from": [ 13, 1, 5 ],
			"to": [ 14, 2, 11 ],
			"faces": {
				"down": { "uv": [ 13, 5, 14, 11 ], "texture": "#1" },
				"up": { "uv": [ 13, 5, 14, 11 ], "texture": "#1" },
				"north": { "uv": [ 0, 0, 1, 1 ], "texture": "#-1" },
				"south": { "uv": [ 0, 0, 1, 1 ], "texture": "#-1" },
				"west": { "uv": [ 0, 0, 6, 1 ], "texture": "#-1" },
				"east": { "uv": [ 0, 0, 6, 1 ], "texture": "#-1" }
			}
		},
		{
			"__comment": "plane_y46",
			"from": [ 2, 14.5, 5 ],
			"to": [ 14, 14.501, 11 ],
			"faces": {
				"down": { "uv": [ 2, 5, 14, 11 ], "texture": "#texture" },
				"up": { "uv": [ 2, 5, 14, 11 ], "texture": "#texture" }
			}
		},
		{
			"__comment": "plane_y47",
			"from": [ 3, 14.5, 3 ],
			"to": [ 13, 14.501, 5 ],
			"faces": {
				"down": { "uv": [ 3, 11, 13, 13 ], "texture": "#texture" },
				"up": { "uv": [ 3, 3, 13, 5 ], "texture": "#texture" }
			}
		},
		{
			"__comment": "plane_y49",
			"from": [ 5, 14.5, 2 ],
			"to": [ 11, 14.501, 3 ],
			"faces": {
				"down": { "uv": [ 5, 13, 11, 14 ], "texture": "#texture" },
				"up": { "uv": [ 5, 2, 11, 3 ], "texture": "#texture" }
			}
		},
		{
			"__comment": "plane_y50",
			"from": [ 3, 14.5, 11 ],
			"to": [ 13, 14.501, 13 ],
			"faces": {
				"down": { "uv": [ 3, 3, 13, 5 ], "texture": "#texture" },
				"up": { "uv": [ 3, 11, 13, 13 ], "texture": "#texture" }
			}
		},
		{
			"__comment": "plane_y51",
			"from": [ 5, 14.5, 13 ],
			"to": [ 11, 14.501, 14 ],
			"faces": {
				"down": { "uv": [ 5, 2, 11, 3 ], "texture": "#texture" },
				"up": { "uv": [ 5, 13, 11, 14 ], "texture": "#texture" }
			}
		}
	],
	"display": {
		"thirdperson_righthand": {
			"translation":  [ 0, 2.5, 2 ],
			"scale":  [ 0.3, 0.3, 0.3 ]
		},
		"thirdperson_lefthand": {
			"translation":  [ 0, 2.5, 2 ],
			"scale":  [ 0.3, 0.3, 0.3 ]
		},
		"firstperson_righthand": {
			"rotation":  [ 0, 45, 0 ],
			"scale":  [ 0.4, 0.4, 0.4 ]
		},
		"firstperson_lefthand": {
			"rotation":  [ 0, 45, 0 ],
			"scale":  [ 0.4, 0.4, 0.4 ]
		},
		"gui": {
			"rotation":  [ 35, 45, 0 ],
			"scale":  [ 0.7, 0.7, 0.7 ]
		},
		"head": {
			"translation":  [ 0, 15, 0 ]
		},
		"ground": {
			"translation":  [ 0, 3, 0 ],
			"scale":  [ 0.25, 0.25, 0.25 ]
		}
	}
}
