{
	"__comment": "Designed by JTK222",
	"textures": {
		"particle": "#wood",
		"texture": "#wood",
		"metal": "#metal",
		"texture1": "#bottom",
		"texture2": "#top"
	},
	"elements": [
		{
			"__comment": "TableTop",
			"from": [ 0, 13.5, 1 ],
			"to": [ 16, 14.5, 15 ],
			"faces": {
				"down": { "uv": [ 0, 1, 16, 15 ], "texture": "#texture" },
				"up": { "uv": [ 0, 1, 16, 15 ], "texture": "#texture" },
				"north": { "uv": [ 0, 1.5, 16, 2.5 ], "texture": "#texture" },
				"south": { "uv": [ 0, 1.5, 16, 2.5 ], "texture": "#texture" },
				"west": { "uv": [ 1, 1.5, 15, 2.5 ], "texture": "#texture" },
				"east": { "uv": [ 1, 1.5, 15, 2.5 ], "texture": "#texture" }
			}
		},
		{
			"__comment": "LegEast1",
			"from": [ 14, 0.0624, 13.5258 ],
			"to": [ 15, 15.5624, 15.5258 ],
			"rotation": { "origin": [ 14, 0, 15.5 ], "axis": "x", "angle": -22.5 },
			"faces": {
				"down": { "uv": [ 14, 0.3477592, 15, 2.347759 ], "texture": "#texture" },
				"up": { "uv": [ 14, 13.65224, 15, 15.65224 ], "texture": "#texture" },
				"north": { "uv": [ 1, 1.197834, 2, 16 ], "texture": "#texture" },
				"south": { "uv": [ 14, 1.197834, 15, 16 ], "texture": "#texture" },
				"west": { "uv": [ 13.65224, 1.197834, 15.65224, 16 ], "texture": "#texture" },
				"east": { "uv": [ 0.3477592, 1.197834, 2.347759, 16 ], "texture": "#texture" }
			}
		},
		{
			"__comment": "LegEast2",
			"from": [ 14, 0, 0.5 ],
			"to": [ 15, 15.5, 2.5 ],
			"rotation": { "origin": [ 14, 0, 0.5 ], "axis": "x", "angle": 22.5 },
			"faces": {
				"down": { "uv": [ 14, 13.5, 15, 15.5 ], "texture": "#texture" },
				"up": { "uv": [ 14, 0.5, 15, 2.5 ], "texture": "#texture" },
				"north": { "uv": [ 1, 0.5, 2, 16 ], "texture": "#texture" },
				"south": { "uv": [ 14, 0.5, 15, 16 ], "texture": "#texture" },
				"west": { "uv": [ 0.5, 0.5, 2.5, 16 ], "texture": "#texture" },
				"east": { "uv": [ 13.5, 0.5, 15.5, 16 ], "texture": "#texture" }
			}
		},
		{
			"__comment": "LegWest1",
			"from": [ 1, 0.0624, 13.5258 ],
			"to": [ 2, 15.5624, 15.5258 ],
			"rotation": { "origin": [ 1, 0, 15.5 ], "axis": "x", "angle": -22.5 },
			"faces": {
				"down": { "uv": [ 1, 0.3477592, 2, 2.347759 ], "texture": "#texture" },
				"up": { "uv": [ 1, 13.65224, 2, 15.65224 ], "texture": "#texture" },
				"north": { "uv": [ 14, 1.197834, 15, 16 ], "texture": "#texture" },
				"south": { "uv": [ 1, 1.197834, 2, 16 ], "texture": "#texture" },
				"west": { "uv": [ 13.65224, 1.197834, 15.65224, 16 ], "texture": "#texture" },
				"east": { "uv": [ 0.3477592, 1.197834, 2.347759, 16 ], "texture": "#texture" }
			}
		},
		{
			"__comment": "LegWest2",
			"from": [ 1, 0, 0.5 ],
			"to": [ 2, 15.5, 2.5 ],
			"rotation": { "origin": [ 1, 0, 0.5 ], "axis": "x", "angle": 22.5 },
			"faces": {
				"down": { "uv": [ 1, 13.5, 2, 15.5 ], "texture": "#texture" },
				"up": { "uv": [ 1, 0.5, 2, 2.5 ], "texture": "#texture" },
				"north": { "uv": [ 14, 0.5, 15, 16 ], "texture": "#texture" },
				"south": { "uv": [ 1, 0.5, 2, 16 ], "texture": "#texture" },
				"west": { "uv": [ 0.5, 0.5, 2.5, 16 ], "texture": "#texture" },
				"east": { "uv": [ 13.5, 0.5, 15.5, 16 ], "texture": "#texture" }
			}
		},
		{
			"__comment": "ConnectionEast",
			"from": [ 14, 1.5, 3 ],
			"to": [ 15, 2.5, 13 ],
			"faces": {
				"down": { "uv": [ 14, 3, 15, 13 ], "texture": "#texture" },
				"up": { "uv": [ 14, 3, 15, 13 ], "texture": "#texture" },
				"north": { "uv": [ 1, 13.5, 2, 14.5 ], "texture": "#texture" },
				"south": { "uv": [ 14, 13.5, 15, 14.5 ], "texture": "#texture" },
				"west": { "uv": [ 3, 13.5, 13, 14.5 ], "texture": "#texture" },
				"east": { "uv": [ 3, 13.5, 13, 14.5 ], "texture": "#texture" }
			}
		},
		{
			"__comment": "ConnectionWest",
			"from": [ 1, 1.5, 3 ],
			"to": [ 2, 2.5, 13 ],
			"faces": {
				"down": { "uv": [ 1, 3, 2, 13 ], "texture": "#texture" },
				"up": { "uv": [ 1, 3, 2, 13 ], "texture": "#texture" },
				"north": { "uv": [ 14, 13.5, 15, 14.5 ], "texture": "#texture" },
				"south": { "uv": [ 1, 13.5, 2, 14.5 ], "texture": "#texture" },
				"west": { "uv": [ 3, 13.5, 13, 14.5 ], "texture": "#texture" },
				"east": { "uv": [ 3, 13.5, 13, 14.5 ], "texture": "#texture" }
			}
		},
		{
			"__comment": "CrossBar",
			"from": [ 2, 1.5, 7 ],
			"to": [ 14, 2.5, 9 ],
			"faces": {
				"down": { "uv": [ 2, 7, 14, 9 ], "texture": "#texture" },
				"up": { "uv": [ 2, 7, 14, 9 ], "texture": "#texture" },
				"north": { "uv": [ 2, 13.5, 14, 14.5 ], "texture": "#texture" },
				"south": { "uv": [ 2, 13.5, 14, 14.5 ], "texture": "#texture" },
				"west": { "uv": [ 7, 13.5, 9, 14.5 ], "texture": "#texture" },
				"east": { "uv": [ 7, 13.5, 9, 14.5 ], "texture": "#texture" }
			}
		},
		{
			"__comment": "Axle",
			"from": [ 7.5, 1, 7.5 ],
			"to": [ 8.5, 15, 8.5 ],
			"faces": {
				"down": { "uv": [ 7.5, 7.5, 8.5, 8.5 ], "texture": "#metal" },
				"up": { "uv": [ 7.5, 7.5, 8.5, 8.5 ], "texture": "#metal" },
				"north": { "uv": [ 7.5, 1, 8.5, 15 ], "texture": "#metal" },
				"south": { "uv": [ 7.5, 1, 8.5, 15 ], "texture": "#metal" },
				"west": { "uv": [ 7.5, 1, 8.5, 15 ], "texture": "#metal" },
				"east": { "uv": [ 7.5, 1, 8.5, 15 ], "texture": "#metal" }
			}
		},
		{
			"__comment": "FootWheel5",
			"from": [ 2.5, 3, 5.5 ],
			"to": [ 13.5, 3.5, 10.5 ],
			"faces": {
				"down": { "uv": [ 2.5, 5.5, 13.5, 10.5 ], "texture": "#texture1" },
				"up": { "uv": [ 2.5, 5.5, 13.5, 10.5 ], "texture": "#texture1" },
				"north": { "uv": [ 2.5, 12.5, 13.5, 13 ], "texture": "#texture1" },
				"south": { "uv": [ 2.5, 12.5, 13.5, 13 ], "texture": "#texture1" },
				"west": { "uv": [ 5.5, 12.5, 10.5, 13 ], "texture": "#texture1" },
				"east": { "uv": [ 5.5, 12.5, 10.5, 13 ], "texture": "#texture1" }
			}
		},
		{
			"__comment": "FootWheel9",
			"from": [ 5, 3, 13 ],
			"to": [ 11, 3.5, 13.5 ],
			"faces": {
				"down": { "uv": [ 5, 2.5, 11, 3 ], "texture": "#texture1" },
				"up": { "uv": [ 5, 13, 11, 13.5 ], "texture": "#texture1" },
				"north": { "uv": [ 5, 12.5, 11, 13 ], "texture": "#texture1" },
				"south": { "uv": [ 5, 12.5, 11, 13 ], "texture": "#texture1" },
				"west": { "uv": [ 13, 12.5, 13.5, 13 ], "texture": "#texture1" },
				"east": { "uv": [ 2.5, 12.5, 3, 13 ], "texture": "#texture1" }
			}
		},
		{
			"__comment": "FootWheel8",
			"from": [ 4.5, 3, 12.5 ],
			"to": [ 11.5, 3.5, 13 ],
			"faces": {
				"down": { "uv": [ 4.5, 3, 11.5, 3.5 ], "texture": "#texture1" },
				"up": { "uv": [ 4.5, 12.5, 11.5, 13 ], "texture": "#texture1" },
				"north": { "uv": [ 4.5, 12.5, 11.5, 13 ], "texture": "#texture1" },
				"south": { "uv": [ 4.5, 12.5, 11.5, 13 ], "texture": "#texture1" },
				"west": { "uv": [ 12.5, 12.5, 13, 13 ], "texture": "#texture1" },
				"east": { "uv": [ 3, 12.5, 3.5, 13 ], "texture": "#texture1" }
			}
		},
		{
			"__comment": "FootWheel6",
			"from": [ 3, 3, 10.5 ],
			"to": [ 13, 3.5, 11.5 ],
			"faces": {
				"down": { "uv": [ 3, 4.5, 13, 5.5 ], "texture": "#texture1" },
				"up": { "uv": [ 3, 10.5, 13, 11.5 ], "texture": "#texture1" },
				"north": { "uv": [ 3, 12.5, 13, 13 ], "texture": "#texture1" },
				"south": { "uv": [ 3, 12.5, 13, 13 ], "texture": "#texture1" },
				"west": { "uv": [ 10.5, 12.5, 11.5, 13 ], "texture": "#texture1" },
				"east": { "uv": [ 4.5, 12.5, 5.5, 13 ], "texture": "#texture1" }
			}
		},
		{
			"__comment": "FootWheel7",
			"from": [ 3.5, 3, 11.5 ],
			"to": [ 12.5, 3.5, 12.5 ],
			"faces": {
				"down": { "uv": [ 3.5, 3.5, 12.5, 4.5 ], "texture": "#texture1" },
				"up": { "uv": [ 3.5, 11.5, 12.5, 12.5 ], "texture": "#texture1" },
				"north": { "uv": [ 3.5, 12.5, 12.5, 13 ], "texture": "#texture1" },
				"south": { "uv": [ 3.5, 12.5, 12.5, 13 ], "texture": "#texture1" },
				"west": { "uv": [ 11.5, 12.5, 12.5, 13 ], "texture": "#texture1" },
				"east": { "uv": [ 3.5, 12.5, 4.5, 13 ], "texture": "#texture1" }
			}
		},
		{
			"__comment": "FootWheel1",
			"from": [ 5.5, 3, 2.5 ],
			"to": [ 10.5, 3.5, 3 ],
			"faces": {
				"down": { "uv": [ 5.5, 13, 10.5, 13.5 ], "texture": "#texture1" },
				"up": { "uv": [ 5.5, 2.5, 10.5, 3 ], "texture": "#texture1" },
				"north": { "uv": [ 5.5, 12.5, 10.5, 13 ], "texture": "#texture1" },
				"south": { "uv": [ 5.5, 12.5, 10.5, 13 ], "texture": "#texture1" },
				"west": { "uv": [ 2.5, 12.5, 3, 13 ], "texture": "#texture1" },
				"east": { "uv": [ 13, 12.5, 13.5, 13 ], "texture": "#texture1" }
			}
		},
		{
			"__comment": "FootWheel4",
			"from": [ 3, 3, 4.5 ],
			"to": [ 13, 3.5, 5.5 ],
			"faces": {
				"down": { "uv": [ 3, 10.5, 13, 11.5 ], "texture": "#texture1" },
				"up": { "uv": [ 3, 4.5, 13, 5.5 ], "texture": "#texture1" },
				"north": { "uv": [ 3, 12.5, 13, 13 ], "texture": "#texture1" },
				"south": { "uv": [ 3, 12.5, 13, 13 ], "texture": "#texture1" },
				"west": { "uv": [ 4.5, 12.5, 5.5, 13 ], "texture": "#texture1" },
				"east": { "uv": [ 10.5, 12.5, 11.5, 13 ], "texture": "#texture1" }
			}
		},
		{
			"__comment": "FootWheel3",
			"from": [ 3.5, 3, 3.5 ],
			"to": [ 12.5, 3.5, 4.5 ],
			"faces": {
				"down": { "uv": [ 3.5, 11.5, 12.5, 12.5 ], "texture": "#texture1" },
				"up": { "uv": [ 3.5, 3.5, 12.5, 4.5 ], "texture": "#texture1" },
				"north": { "uv": [ 3.5, 12.5, 12.5, 13 ], "texture": "#texture1" },
				"south": { "uv": [ 3.5, 12.5, 12.5, 13 ], "texture": "#texture1" },
				"west": { "uv": [ 3.5, 12.5, 4.5, 13 ], "texture": "#texture1" },
				"east": { "uv": [ 11.5, 12.5, 12.5, 13 ], "texture": "#texture1" }
			}
		},
		{
			"__comment": "FootWheel2",
			"from": [ 4.5, 3, 3 ],
			"to": [ 11.5, 3.5, 3.5 ],
			"faces": {
				"down": { "uv": [ 4.5, 12.5, 11.5, 13 ], "texture": "#texture1" },
				"up": { "uv": [ 4.5, 3, 11.5, 3.5 ], "texture": "#texture1" },
				"north": { "uv": [ 4.5, 12.5, 11.5, 13 ], "texture": "#texture1" },
				"south": { "uv": [ 4.5, 12.5, 11.5, 13 ], "texture": "#texture1" },
				"west": { "uv": [ 3, 12.5, 3.5, 13 ], "texture": "#texture1" },
				"east": { "uv": [ 12.5, 12.5, 13, 13 ], "texture": "#texture1" }
			}
		},
		{
			"__comment": "Cube21",
			"from": [ 4.5, 15, 6.5 ],
			"to": [ 11.5, 16, 9.5 ],
			"faces": {
				"down": { "uv": [ 4.5, 6.5, 11.5, 9.5 ], "texture": "#texture2" },
				"up": { "uv": [ 4.5, 6.5, 11.5, 9.5 ], "texture": "#texture2" },
				"north": { "uv": [ 4.5, 0, 11.5, 1 ], "texture": "#texture2" },
				"south": { "uv": [ 4.5, 0, 11.5, 1 ], "texture": "#texture2" },
				"west": { "uv": [ 6.5, 0, 9.5, 1 ], "texture": "#texture2" },
				"east": { "uv": [ 6.5, 0, 9.5, 1 ], "texture": "#texture2" }
			}
		},
		{
			"__comment": "Cube22",
			"from": [ 5, 15, 9.5 ],
			"to": [ 11, 16, 10.5 ],
			"faces": {
				"down": { "uv": [ 5, 5.5, 11, 6.5 ], "texture": "#texture2" },
				"up": { "uv": [ 5, 9.5, 11, 10.5 ], "texture": "#texture2" },
				"north": { "uv": [ 5, 0, 11, 1 ], "texture": "#texture2" },
				"south": { "uv": [ 5, 0, 11, 1 ], "texture": "#texture2" },
				"west": { "uv": [ 9.5, 0, 10.5, 1 ], "texture": "#texture2" },
				"east": { "uv": [ 5.5, 0, 6.5, 1 ], "texture": "#texture2" }
			}
		},
		{
			"__comment": "Cube23",
			"from": [ 6.5, 15, 11 ],
			"to": [ 9.5, 16, 11.5 ],
			"faces": {
				"down": { "uv": [ 6.5, 4.5, 9.5, 5 ], "texture": "#texture2" },
				"up": { "uv": [ 6.5, 11, 9.5, 11.5 ], "texture": "#texture2" },
				"north": { "uv": [ 6.5, 0, 9.5, 1 ], "texture": "#texture2" },
				"south": { "uv": [ 6.5, 0, 9.5, 1 ], "texture": "#texture2" },
				"west": { "uv": [ 11, 0, 11.5, 1 ], "texture": "#texture2" },
				"east": { "uv": [ 4.5, 0, 5, 1 ], "texture": "#texture2" }
			}
		},
		{
			"__comment": "Cube23",
			"from": [ 6.5, 15, 4.5 ],
			"to": [ 9.5, 16, 5 ],
			"faces": {
				"down": { "uv": [ 6.5, 11, 9.5, 11.5 ], "texture": "#texture2" },
				"up": { "uv": [ 6.5, 4.5, 9.5, 5 ], "texture": "#texture2" },
				"north": { "uv": [ 6.5, 0, 9.5, 1 ], "texture": "#texture2" },
				"south": { "uv": [ 6.5, 0, 9.5, 1 ], "texture": "#texture2" },
				"west": { "uv": [ 4.5, 0, 5, 1 ], "texture": "#texture2" },
				"east": { "uv": [ 11, 0, 11.5, 1 ], "texture": "#texture2" }
			}
		},
		{
			"__comment": "Cube22",
			"from": [ 5, 15, 5.5 ],
			"to": [ 11, 16, 6.5 ],
			"faces": {
				"down": { "uv": [ 5, 9.5, 11, 10.5 ], "texture": "#texture2" },
				"up": { "uv": [ 5, 5.5, 11, 6.5 ], "texture": "#texture2" },
				"north": { "uv": [ 5, 0, 11, 1 ], "texture": "#texture2" },
				"south": { "uv": [ 5, 0, 11, 1 ], "texture": "#texture2" },
				"west": { "uv": [ 5.5, 0, 6.5, 1 ], "texture": "#texture2" },
				"east": { "uv": [ 9.5, 0, 10.5, 1 ], "texture": "#texture2" }
			}
		},
		{
			"__comment": "Cube23",
			"from": [ 5.5, 15, 5 ],
			"to": [ 10.5, 16, 5.5 ],
			"faces": {
				"down": { "uv": [ 5.5, 10.5, 10.5, 11 ], "texture": "#texture2" },
				"up": { "uv": [ 5.5, 5, 10.5, 5.5 ], "texture": "#texture2" },
				"north": { "uv": [ 5.5, 0, 10.5, 1 ], "texture": "#texture2" },
				"south": { "uv": [ 5.5, 0, 10.5, 1 ], "texture": "#texture2" },
				"west": { "uv": [ 5, 0, 5.5, 1 ], "texture": "#texture2" },
				"east": { "uv": [ 10.5, 0, 11, 1 ], "texture": "#texture2" }
			}
		},
		{
			"__comment": "Cube23",
			"from": [ 5.5, 15, 10.5 ],
			"to": [ 10.5, 16, 11 ],
			"faces": {
				"down": { "uv": [ 5.5, 5, 10.5, 5.5 ], "texture": "#texture2" },
				"up": { "uv": [ 5.5, 10.5, 10.5, 11 ], "texture": "#texture2" },
				"north": { "uv": [ 5.5, 0, 10.5, 1 ], "texture": "#texture2" },
				"south": { "uv": [ 5.5, 0, 10.5, 1 ], "texture": "#texture2" },
				"west": { "uv": [ 10.5, 0, 11, 1 ], "texture": "#texture2" },
				"east": { "uv": [ 5, 0, 5.5, 1 ], "texture": "#texture2" }
			}
		}
	]
}