{
	"__comment": "Designed by JTK222",
	"textures": {
		"particle": "drpmedieval:blocks/clocks/numbers_bottom_right",
		"outside": "drpmedieval:blocks/clocks/wood",
		"texture": "drpmedieval:blocks/clocks/numbers_bottom_right"
	},
	"elements": [ 	 
		{
			"__comment": "Center",
			"from": [ 13, 2, 14 ],
			"to": [ 16, 4, 16 ],
			"faces": {
				"down": { "uv": [ 13, 1.907349E-06, 16, 2.000002 ], "texture": "#outside" },
				"up": { "uv": [ 13, 14, 16, 16 ], "texture": "#outside" },
				"north": { "uv": [ 3.814697E-06, 12, 3.000004, 14 ], "texture": "#outside" },
				"south": { "uv": [ 13, 12, 16, 14 ], "texture": "#outside" },
				"west": { "uv": [ 14, 12, 16, 14 ], "texture": "#outside" },
				"east": { "uv": [ 1.907349E-06, 12, 2.000002, 14 ], "texture": "#outside" }
			}
		},
		{
			"__comment": "Numbers",
			"from": [ 12, 4, 15 ],
			"to": [ 16, 16, 16 ],
			"faces": {
				"down": { "uv": [ 11.99999, 2.861023E-06, 15.99999, 1.000003 ], "texture": "#texture" },
				"up": { "uv": [ 11.99999, 15, 15.99999, 16 ], "texture": "#texture" },
				"north": { "uv": [ 5.722046E-06, 0, 4.000006, 12 ], "texture": "#texture" },
				"south": { "uv": [ 11.99999, 0, 15.99999, 12 ], "texture": "#texture" },
				"west": { "uv": [ 15, 0, 16, 12 ], "texture": "#texture" },
				"east": { "uv": [ 2.861023E-06, 0, 1.000003, 12 ], "texture": "#texture" }
			}
		},
		{
			"__comment": "Box5",
			"from": [ 2, 13, 14 ],
			"to": [ 4, 16, 16 ],
			"faces": {
				"down": { "uv": [ 2, 3.814697E-06, 4, 2.000004 ], "texture": "#outside" },
				"up": { "uv": [ 2, 14, 4, 16 ], "texture": "#outside" },
				"north": { "uv": [ 12, 3.814697E-06, 14, 3.000004 ], "texture": "#outside" },
				"south": { "uv": [ 2, 3.814697E-06, 4, 3.000004 ], "texture": "#outside" },
				"west": { "uv": [ 14, 3.814697E-06, 16, 3.000004 ], "texture": "#outside" },
				"east": { "uv": [ 3.814697E-06, 3.814697E-06, 2.000004, 3.000004 ], "texture": "#outside" }
			}
		},
		{
			"__comment": "Box6",
			"from": [ 11, 3, 14 ],
			"to": [ 13, 5, 16 ],
			"faces": {
				"down": { "uv": [ 11, 1.907349E-06, 13, 2.000002 ], "texture": "#outside" },
				"up": { "uv": [ 11, 14, 13, 16 ], "texture": "#outside" },
				"north": { "uv": [ 3.000004, 11, 5.000004, 13 ], "texture": "#outside" },
				"south": { "uv": [ 11, 11, 13, 13 ], "texture": "#outside" },
				"west": { "uv": [ 14, 11, 16, 13 ], "texture": "#outside" },
				"east": { "uv": [ 1.907349E-06, 11, 2.000002, 13 ], "texture": "#outside" }
			}
		},
		{
			"__comment": "Box7",
			"from": [ 3, 11, 14 ],
			"to": [ 5, 13, 16 ],
			"faces": {
				"down": { "uv": [ 3, 1.907349E-06, 5, 2.000002 ], "texture": "#outside" },
				"up": { "uv": [ 3, 14, 5, 16 ], "texture": "#outside" },
				"north": { "uv": [ 11, 3.000003, 13, 5.000003 ], "texture": "#outside" },
				"south": { "uv": [ 3, 3.000003, 5, 5.000003 ], "texture": "#outside" },
				"west": { "uv": [ 14, 3.000003, 16, 5.000003 ], "texture": "#outside" },
				"east": { "uv": [ 1.907349E-06, 3.000003, 2.000002, 5.000003 ], "texture": "#outside" }
			}
		},
		{
			"__comment": "Box8",
			"from": [ 9, 4, 14 ],
			"to": [ 12, 6, 16 ],
			"faces": {
				"down": { "uv": [ 8.999998, 3.814697E-06, 12, 2.000004 ], "texture": "#outside" },
				"up": { "uv": [ 8.999998, 14, 12, 16 ], "texture": "#outside" },
				"north": { "uv": [ 4.000002, 10, 7.000002, 12 ], "texture": "#outside" },
				"south": { "uv": [ 8.999998, 10, 12, 12 ], "texture": "#outside" },
				"west": { "uv": [ 14, 10, 16, 12 ], "texture": "#outside" },
				"east": { "uv": [ 3.814697E-06, 10, 2.000004, 12 ], "texture": "#outside" }
			}
		},
		{
			"__comment": "Box9",
			"from": [ 4, 9, 14 ],
			"to": [ 6, 12, 16 ],
			"faces": {
				"down": { "uv": [ 4, 1.907349E-06, 6, 2.000002 ], "texture": "#outside" },
				"up": { "uv": [ 4, 14, 6, 16 ], "texture": "#outside" },
				"north": { "uv": [ 10, 4.000003, 12, 7.000003 ], "texture": "#outside" },
				"south": { "uv": [ 4, 4.000003, 6, 7.000003 ], "texture": "#outside" },
				"west": { "uv": [ 14, 4.000003, 16, 7.000003 ], "texture": "#outside" },
				"east": { "uv": [ 1.907349E-06, 4.000003, 2.000002, 7.000003 ], "texture": "#outside" }
			}
		},
		{
			"__comment": "Box10",
			"from": [ 7, 5, 14 ],
			"to": [ 10, 7, 16 ],
			"faces": {
				"down": { "uv": [ 6.999998, 3.814697E-06, 9.999998, 2.000004 ], "texture": "#outside" },
				"up": { "uv": [ 6.999998, 14, 9.999998, 16 ], "texture": "#outside" },
				"north": { "uv": [ 6.000002, 9, 9.000002, 11 ], "texture": "#outside" },
				"south": { "uv": [ 6.999998, 9, 9.999998, 11 ], "texture": "#outside" },
				"west": { "uv": [ 14, 9, 16, 11 ], "texture": "#outside" },
				"east": { "uv": [ 3.814697E-06, 9, 2.000004, 11 ], "texture": "#outside" }
			}
		},
		{
			"__comment": "Box11",
			"from": [ 5, 7, 14 ],
			"to": [ 7, 10, 16 ],
			"faces": {
				"down": { "uv": [ 4.999999, 2.861023E-06, 6.999999, 2.000003 ], "texture": "#outside" },
				"up": { "uv": [ 4.999999, 14, 6.999999, 16 ], "texture": "#outside" },
				"north": { "uv": [ 9.000001, 6.000002, 11, 9.000002 ], "texture": "#outside" },
				"south": { "uv": [ 4.999999, 6.000002, 6.999999, 9.000002 ], "texture": "#outside" },
				"west": { "uv": [ 14, 6.000002, 16, 9.000002 ], "texture": "#outside" },
				"east": { "uv": [ 2.861023E-06, 6.000002, 2.000003, 9.000002 ], "texture": "#outside" }
			}
		},
		{
			"__comment": "Box13",
			"from": [ 6, 6, 14 ],
			"to": [ 8, 8, 16 ],
			"faces": {
				"down": { "uv": [ 5.999999, 3.814697E-06, 7.999999, 2.000004 ], "texture": "#outside" },
				"up": { "uv": [ 5.999999, 14, 7.999999, 16 ], "texture": "#outside" },
				"north": { "uv": [ 8.000001, 8.000001, 10, 10 ], "texture": "#outside" },
				"south": { "uv": [ 5.999999, 8.000001, 7.999999, 10 ], "texture": "#outside" },
				"west": { "uv": [ 14, 8.000001, 16, 10 ], "texture": "#outside" },
				"east": { "uv": [ 3.814697E-06, 8.000001, 2.000004, 10 ], "texture": "#outside" }
			}
		},
		{
			"__comment": "Box15",
			"from": [ 9, 6, 15 ],
			"to": [ 12, 16, 16 ],
			"faces": {
				"down": { "uv": [ 8.999996, 1.907349E-06, 12, 1.000002 ], "texture": "#texture" },
				"up": { "uv": [ 8.999996, 15, 12, 16 ], "texture": "#texture" },
				"north": { "uv": [ 4.000004, 0, 7.000004, 10 ], "texture": "#texture" },
				"south": { "uv": [ 8.999996, 0, 12, 10 ], "texture": "#texture" },
				"west": { "uv": [ 15, 0, 16, 10 ], "texture": "#texture" },
				"east": { "uv": [ 1.907349E-06, 0, 1.000002, 10 ], "texture": "#texture" }
			}
		},
		{
			"__comment": "Box16",
			"from": [ 5, 9, 15 ],
			"to": [ 7, 16, 16 ],
			"faces": {
				"down": { "uv": [ 4.999998, 1.907349E-06, 6.999998, 1.000002 ], "texture": "#texture" },
				"up": { "uv": [ 4.999998, 15, 6.999998, 16 ], "texture": "#texture" },
				"north": { "uv": [ 9.000002, 2.861023E-06, 11, 7.000003 ], "texture": "#texture" },
				"south": { "uv": [ 4.999998, 2.861023E-06, 6.999998, 7.000003 ], "texture": "#texture" },
				"west": { "uv": [ 15, 2.861023E-06, 16, 7.000003 ], "texture": "#texture" },
				"east": { "uv": [ 1.907349E-06, 2.861023E-06, 1.000002, 7.000003 ], "texture": "#texture" }
			}
		},
		{
			"__comment": "Box17",
			"from": [ 7, 7, 15 ],
			"to": [ 9, 16, 16 ],
			"faces": {
				"down": { "uv": [ 6.999997, 1.907349E-06, 8.999996, 1.000002 ], "texture": "#texture" },
				"up": { "uv": [ 6.999997, 15, 8.999996, 16 ], "texture": "#texture" },
				"north": { "uv": [ 7.000003, 1.907349E-06, 9.000004, 9.000002 ], "texture": "#texture" },
				"south": { "uv": [ 6.999997, 1.907349E-06, 8.999996, 9.000002 ], "texture": "#texture" },
				"west": { "uv": [ 15, 1.907349E-06, 16, 9.000002 ], "texture": "#texture" },
				"east": { "uv": [ 1.907349E-06, 1.907349E-06, 1.000002, 9.000002 ], "texture": "#texture" }
			}
		},
		{
			"__comment": "Box18",
			"from": [ 4, 12, 15 ],
			"to": [ 5, 16, 16 ],
			"faces": {
				"down": { "uv": [ 4, 1.907349E-06, 5, 1.000002 ], "texture": "#texture" },
				"up": { "uv": [ 4, 15, 5, 16 ], "texture": "#texture" },
				"north": { "uv": [ 11, 4.768372E-06, 12, 4.000005 ], "texture": "#texture" },
				"south": { "uv": [ 4, 4.768372E-06, 5, 4.000005 ], "texture": "#texture" },
				"west": { "uv": [ 15, 4.768372E-06, 16, 4.000005 ], "texture": "#texture" },
				"east": { "uv": [ 1.907349E-06, 4.768372E-06, 1.000002, 4.000005 ], "texture": "#texture" }
			}
		}
	]
}