{
	"__comment": "Designed by JTK222",
	"textures": {
		"particle": "drpmedieval:blocks/clocks/numbers_left",
		"outside": "drpmedieval:blocks/clocks/wood",
		"texture": "drpmedieval:blocks/clocks/numbers_left"
	},
	"elements": [ 	 
		{
			"__comment": "Center",
			"from": [ 13, 13, 14 ],
			"to": [ 15, 16, 16 ],
			"faces": {
				"down": { "uv": [ 13, 0, 15, 2 ], "texture": "#outside" },
				"up": { "uv": [ 13, 14, 15, 16 ], "texture": "#outside" },
				"north": { "uv": [ 1.000002, 2.861023E-06, 3.000002, 3.000003 ], "texture": "#outside" },
				"south": { "uv": [ 13, 2.861023E-06, 15, 3.000003 ], "texture": "#outside" },
				"west": { "uv": [ 14, 2.861023E-06, 16, 3.000003 ], "texture": "#outside" },
				"east": { "uv": [ 0, 2.861023E-06, 2, 3.000003 ], "texture": "#outside" }
			}
		},
		{
			"__comment": "Center",
			"from": [ 14, 3, 14 ],
			"to": [ 16, 13, 16 ],
			"faces": {
				"down": { "uv": [ 14, 1.907349E-06, 16, 2.000002 ], "texture": "#outside" },
				"up": { "uv": [ 14, 14, 16, 16 ], "texture": "#outside" },
				"north": { "uv": [ 1.907349E-06, 3.000002, 2.000002, 13 ], "texture": "#outside" },
				"south": { "uv": [ 14, 3.000002, 16, 13 ], "texture": "#outside" },
				"west": { "uv": [ 14, 3.000002, 16, 13 ], "texture": "#outside" },
				"east": { "uv": [ 1.907349E-06, 3.000002, 2.000002, 13 ], "texture": "#outside" }
			}
		},
		{
			"__comment": "Center",
			"from": [ 13, 0, 14 ],
			"to": [ 15, 3, 16 ],
			"faces": {
				"down": { "uv": [ 13, 1.907349E-06, 15, 2.000002 ], "texture": "#outside" },
				"up": { "uv": [ 13, 14, 15, 16 ], "texture": "#outside" },
				"north": { "uv": [ 1, 13, 3, 16 ], "texture": "#outside" },
				"south": { "uv": [ 13, 13, 15, 16 ], "texture": "#outside" },
				"west": { "uv": [ 14, 13, 16, 16 ], "texture": "#outside" },
				"east": { "uv": [ 1.907349E-06, 13, 2.000002, 16 ], "texture": "#outside" }
			}
		},
		{
			"__comment": "Numbers",
			"from": [ 0, 0, 15 ],
			"to": [ 14, 16, 16 ],
			"faces": {
				"down": { "uv": [ 0, 1.907349E-06, 14, 1.000002 ], "texture": "#texture" },
				"up": { "uv": [ 0, 15, 14, 16 ], "texture": "#texture" },
				"north": { "uv": [ 2.000002, 9.536743E-07, 16, 16 ], "texture": "#texture" },
				"south": { "uv": [ 0, 9.536743E-07, 14, 16 ], "texture": "#texture" },
				"west": { "uv": [ 15, 9.536743E-07, 16, 16 ], "texture": "#texture" },
				"east": { "uv": [ 1.907349E-06, 9.536743E-07, 1.000002, 16 ], "texture": "#texture" }
			}
		}
	]
}