{
	"__comment": "Designed by JTK222",
	"textures": {
		"particle": "drpmedieval:blocks/clocks/numbers_top_right",
		"outside": "drpmedieval:blocks/clocks/wood",
		"texture": "drpmedieval:blocks/clocks/numbers_top_right"
	},
	"elements": [ 	 
		{
			"__comment": "Center",
			"from": [ 2, 0, 14 ],
			"to": [ 4, 3, 16 ],
			"faces": {
				"down": { "uv": [ 2.000003, 3.814697E-06, 4.000003, 2.000004 ], "texture": "#outside" },
				"up": { "uv": [ 2.000003, 14, 4.000003, 16 ], "texture": "#outside" },
				"north": { "uv": [ 12, 13, 14, 16 ], "texture": "#outside" },
				"south": { "uv": [ 2.000003, 13, 4.000003, 16 ], "texture": "#outside" },
				"west": { "uv": [ 14, 13, 16, 16 ], "texture": "#outside" },
				"east": { "uv": [ 3.814697E-06, 13, 2.000004, 16 ], "texture": "#outside" }
			}
		},
		{
			"__comment": "Numbers",
			"from": [ 4, 0, 15 ],
			"to": [ 16, 4, 16 ],
			"faces": {
				"down": { "uv": [ 4, 5.722046E-06, 16, 1.000006 ], "texture": "#texture" },
				"up": { "uv": [ 4, 14.99999, 16, 15.99999 ], "texture": "#texture" },
				"north": { "uv": [ 0, 11.99999, 12, 15.99999 ], "texture": "#texture" },
				"south": { "uv": [ 4, 11.99999, 16, 15.99999 ], "texture": "#texture" },
				"west": { "uv": [ 14.99999, 11.99999, 15.99999, 15.99999 ], "texture": "#texture" },
				"east": { "uv": [ 5.722046E-06, 11.99999, 1.000006, 15.99999 ], "texture": "#texture" }
			}
		},
		{
			"__comment": "Box5",
			"from": [ 13, 12, 14 ],
			"to": [ 16, 14, 16 ],
			"faces": {
				"down": { "uv": [ 12.99999, 3.814697E-06, 15.99999, 2.000004 ], "texture": "#outside" },
				"up": { "uv": [ 12.99999, 14, 15.99999, 16 ], "texture": "#outside" },
				"north": { "uv": [ 5.722046E-06, 2.000003, 3.000006, 4.000003 ], "texture": "#outside" },
				"south": { "uv": [ 12.99999, 2.000003, 15.99999, 4.000003 ], "texture": "#outside" },
				"west": { "uv": [ 14, 2.000003, 16, 4.000003 ], "texture": "#outside" },
				"east": { "uv": [ 3.814697E-06, 2.000003, 2.000004, 4.000003 ], "texture": "#outside" }
			}
		},
		{
			"__comment": "Box6",
			"from": [ 3, 3, 14 ],
			"to": [ 5, 5, 16 ],
			"faces": {
				"down": { "uv": [ 3.000002, 3.814697E-06, 5.000002, 2.000004 ], "texture": "#outside" },
				"up": { "uv": [ 3.000002, 14, 5.000002, 16 ], "texture": "#outside" },
				"north": { "uv": [ 11, 11, 13, 13 ], "texture": "#outside" },
				"south": { "uv": [ 3.000002, 11, 5.000002, 13 ], "texture": "#outside" },
				"west": { "uv": [ 14, 11, 16, 13 ], "texture": "#outside" },
				"east": { "uv": [ 3.814697E-06, 11, 2.000004, 13 ], "texture": "#outside" }
			}
		},
		{
			"__comment": "Box7",
			"from": [ 11, 11, 14 ],
			"to": [ 13, 13, 16 ],
			"faces": {
				"down": { "uv": [ 11, 1.907349E-06, 13, 2.000002 ], "texture": "#outside" },
				"up": { "uv": [ 11, 14, 13, 16 ], "texture": "#outside" },
				"north": { "uv": [ 3.000004, 3.000003, 5.000004, 5.000003 ], "texture": "#outside" },
				"south": { "uv": [ 11, 3.000003, 13, 5.000003 ], "texture": "#outside" },
				"west": { "uv": [ 14, 3.000003, 16, 5.000003 ], "texture": "#outside" },
				"east": { "uv": [ 1.907349E-06, 3.000003, 2.000002, 5.000003 ], "texture": "#outside" }
			}
		},
		{
			"__comment": "Box8",
			"from": [ 4, 4, 14 ],
			"to": [ 6, 7, 16 ],
			"faces": {
				"down": { "uv": [ 4, 5.722046E-06, 6, 2.000006 ], "texture": "#outside" },
				"up": { "uv": [ 4, 13.99999, 6, 15.99999 ], "texture": "#outside" },
				"north": { "uv": [ 10, 8.999999, 12, 12 ], "texture": "#outside" },
				"south": { "uv": [ 4, 8.999999, 6, 12 ], "texture": "#outside" },
				"west": { "uv": [ 13.99999, 8.999999, 15.99999, 12 ], "texture": "#outside" },
				"east": { "uv": [ 5.722046E-06, 8.999999, 2.000006, 12 ], "texture": "#outside" }
			}
		},
		{
			"__comment": "Box9",
			"from": [ 9, 10, 14 ],
			"to": [ 12, 12, 16 ],
			"faces": {
				"down": { "uv": [ 8.999996, 1.907349E-06, 12, 2.000002 ], "texture": "#outside" },
				"up": { "uv": [ 8.999996, 14, 12, 16 ], "texture": "#outside" },
				"north": { "uv": [ 4.000004, 4.000002, 7.000004, 6.000002 ], "texture": "#outside" },
				"south": { "uv": [ 8.999996, 4.000002, 12, 6.000002 ], "texture": "#outside" },
				"west": { "uv": [ 14, 4.000002, 16, 6.000002 ], "texture": "#outside" },
				"east": { "uv": [ 1.907349E-06, 4.000002, 2.000002, 6.000002 ], "texture": "#outside" }
			}
		},
		{
			"__comment": "Box10",
			"from": [ 5, 6, 14 ],
			"to": [ 7, 9, 16 ],
			"faces": {
				"down": { "uv": [ 5, 5.722046E-06, 7, 2.000006 ], "texture": "#outside" },
				"up": { "uv": [ 5, 13.99999, 7, 15.99999 ], "texture": "#outside" },
				"north": { "uv": [ 9, 7, 11, 10 ], "texture": "#outside" },
				"south": { "uv": [ 5, 7, 7, 10 ], "texture": "#outside" },
				"west": { "uv": [ 13.99999, 7, 15.99999, 10 ], "texture": "#outside" },
				"east": { "uv": [ 5.722046E-06, 7, 2.000006, 10 ], "texture": "#outside" }
			}
		},
		{
			"__comment": "Box11",
			"from": [ 7, 9, 14 ],
			"to": [ 10, 11, 16 ],
			"faces": {
				"down": { "uv": [ 6.999998, 4.768372E-06, 9.999998, 2.000005 ], "texture": "#outside" },
				"up": { "uv": [ 6.999998, 14, 9.999998, 16 ], "texture": "#outside" },
				"north": { "uv": [ 6.000002, 5.000001, 9.000002, 7.000001 ], "texture": "#outside" },
				"south": { "uv": [ 6.999998, 5.000001, 9.999998, 7.000001 ], "texture": "#outside" },
				"west": { "uv": [ 14, 5.000001, 16, 7.000001 ], "texture": "#outside" },
				"east": { "uv": [ 4.768372E-06, 5.000001, 2.000005, 7.000001 ], "texture": "#outside" }
			}
		},
		{
			"__comment": "Box13",
			"from": [ 6, 8, 14 ],
			"to": [ 8, 10, 16 ],
			"faces": {
				"down": { "uv": [ 5.999999, 4.768372E-06, 7.999999, 2.000005 ], "texture": "#outside" },
				"up": { "uv": [ 5.999999, 14, 7.999999, 16 ], "texture": "#outside" },
				"north": { "uv": [ 8.000001, 6, 10, 8 ], "texture": "#outside" },
				"south": { "uv": [ 5.999999, 6, 7.999999, 8 ], "texture": "#outside" },
				"west": { "uv": [ 14, 6, 16, 8 ], "texture": "#outside" },
				"east": { "uv": [ 4.768372E-06, 6, 2.000005, 8 ], "texture": "#outside" }
			}
		},
		{
			"__comment": "Box15",
			"from": [ 6, 4, 15 ],
			"to": [ 16, 7, 16 ],
			"faces": {
				"down": { "uv": [ 5.999998, 3.814697E-06, 16, 1.000004 ], "texture": "#texture" },
				"up": { "uv": [ 5.999998, 15, 16, 16 ], "texture": "#texture" },
				"north": { "uv": [ 1.907349E-06, 8.999996, 10, 12 ], "texture": "#texture" },
				"south": { "uv": [ 5.999998, 8.999996, 16, 12 ], "texture": "#texture" },
				"west": { "uv": [ 15, 8.999996, 16, 12 ], "texture": "#texture" },
				"east": { "uv": [ 3.814697E-06, 8.999996, 1.000004, 12 ], "texture": "#texture" }
			}
		},
		{
			"__comment": "Box16",
			"from": [ 9, 9, 15 ],
			"to": [ 16, 11, 16 ],
			"faces": {
				"down": { "uv": [ 8.999996, 2.861023E-06, 16, 1.000003 ], "texture": "#texture" },
				"up": { "uv": [ 8.999996, 15, 16, 16 ], "texture": "#texture" },
				"north": { "uv": [ 3.814697E-06, 5, 7.000004, 7 ], "texture": "#texture" },
				"south": { "uv": [ 8.999996, 5, 16, 7 ], "texture": "#texture" },
				"west": { "uv": [ 15, 5, 16, 7 ], "texture": "#texture" },
				"east": { "uv": [ 2.861023E-06, 5, 1.000003, 7 ], "texture": "#texture" }
			}
		},
		{
			"__comment": "Box17",
			"from": [ 7, 7, 15 ],
			"to": [ 16, 9, 16 ],
			"faces": {
				"down": { "uv": [ 6.999996, 3.814697E-06, 16, 1.000004 ], "texture": "#texture" },
				"up": { "uv": [ 6.999996, 15, 16, 16 ], "texture": "#texture" },
				"north": { "uv": [ 3.814697E-06, 6.999998, 9.000004, 8.999998 ], "texture": "#texture" },
				"south": { "uv": [ 6.999996, 6.999998, 16, 8.999998 ], "texture": "#texture" },
				"west": { "uv": [ 15, 6.999998, 16, 8.999998 ], "texture": "#texture" },
				"east": { "uv": [ 3.814697E-06, 6.999998, 1.000004, 8.999998 ], "texture": "#texture" }
			}
		},
		{
			"__comment": "Box18",
			"from": [ 12, 11, 15 ],
			"to": [ 16, 12, 16 ],
			"faces": {
				"down": { "uv": [ 11.99999, 1.907349E-06, 15.99999, 1.000002 ], "texture": "#texture" },
				"up": { "uv": [ 11.99999, 15, 15.99999, 16 ], "texture": "#texture" },
				"north": { "uv": [ 5.722046E-06, 4.000003, 4.000006, 5.000003 ], "texture": "#texture" },
				"south": { "uv": [ 11.99999, 4.000003, 15.99999, 5.000003 ], "texture": "#texture" },
				"west": { "uv": [ 15, 4.000003, 16, 5.000003 ], "texture": "#texture" },
				"east": { "uv": [ 1.907349E-06, 4.000003, 1.000002, 5.000003 ], "texture": "#texture" }
			}
		}
	]
}