{
	"__comment": "Designed by JTK222",
	"textures": {
		"particle": "drpmedieval:blocks/clocks/numbers_right",
		"outside": "drpmedieval:blocks/clocks/wood",
		"texture": "drpmedieval:blocks/clocks/numbers_right"
	},
	"elements": [ 	 
		{
			"__comment": "Center",
			"from": [ 1, 0, 14 ],
			"to": [ 3, 3, 16 ],
			"faces": {
				"down": { "uv": [ 1.000003, 5.722046E-06, 3.000003, 2.000006 ], "texture": "#outside" },
				"up": { "uv": [ 1.000003, 13.99999, 3.000003, 15.99999 ], "texture": "#outside" },
				"north": { "uv": [ 13, 13, 15, 16 ], "texture": "#outside" },
				"south": { "uv": [ 1.000003, 13, 3.000003, 16 ], "texture": "#outside" },
				"west": { "uv": [ 13.99999, 13, 15.99999, 16 ], "texture": "#outside" },
				"east": { "uv": [ 5.722046E-06, 13, 2.000006, 16 ], "texture": "#outside" }
			}
		},
		{
			"__comment": "Center",
			"from": [ 0, 3, 14 ],
			"to": [ 2, 13, 16 ],
			"faces": {
				"down": { "uv": [ 1.430511E-06, 5.722046E-06, 2.000001, 2.000006 ], "texture": "#outside" },
				"up": { "uv": [ 1.430511E-06, 13.99999, 2.000001, 15.99999 ], "texture": "#outside" },
				"north": { "uv": [ 14, 3, 16, 13 ], "texture": "#outside" },
				"south": { "uv": [ 1.430511E-06, 3, 2.000001, 13 ], "texture": "#outside" },
				"west": { "uv": [ 13.99999, 3, 15.99999, 13 ], "texture": "#outside" },
				"east": { "uv": [ 5.722046E-06, 3, 2.000006, 13 ], "texture": "#outside" }
			}
		},
		{
			"__comment": "Center",
			"from": [ 1, 13, 14 ],
			"to": [ 3, 16, 16 ],
			"faces": {
				"down": { "uv": [ 1, 6.67572E-06, 3, 2.000007 ], "texture": "#outside" },
				"up": { "uv": [ 1, 13.99999, 3, 15.99999 ], "texture": "#outside" },
				"north": { "uv": [ 13, 4.768372E-06, 15, 3.000005 ], "texture": "#outside" },
				"south": { "uv": [ 1, 4.768372E-06, 3, 3.000005 ], "texture": "#outside" },
				"west": { "uv": [ 13.99999, 4.768372E-06, 15.99999, 3.000005 ], "texture": "#outside" },
				"east": { "uv": [ 6.67572E-06, 4.768372E-06, 2.000007, 3.000005 ], "texture": "#outside" }
			}
		},
		{
			"__comment": "Numbers",
			"from": [ 2, 0, 15 ],
			"to": [ 16, 16, 16 ],
			"faces": {
				"down": { "uv": [ 1.999999, 5.722046E-06, 16, 1.000006 ], "texture": "#texture" },
				"up": { "uv": [ 1.999999, 14.99999, 16, 15.99999 ], "texture": "#texture" },
				"north": { "uv": [ 9.536743E-07, 0, 14, 16 ], "texture": "#texture" },
				"south": { "uv": [ 1.999999, 0, 16, 16 ], "texture": "#texture" },
				"west": { "uv": [ 14.99999, 0, 15.99999, 16 ], "texture": "#texture" },
				"east": { "uv": [ 5.722046E-06, 0, 1.000006, 16 ], "texture": "#texture" }
			}
		}
	]
}