{
	"__comment": "Designed by JTK222",
	"textures": {
		"particle": "drpmedieval:blocks/clocks/numbers_top_left",
		"outside": "drpmedieval:blocks/clocks/wood",
		"texture": "drpmedieval:blocks/clocks/numbers_top_left"
	},
	"elements": [ 	 
		{
			"__comment": "Center",
			"from": [ 0, 12, 14 ],
			"to": [ 3, 14, 16 ],
			"faces": {
				"down": { "uv": [ 0, 0, 3, 2 ], "texture": "#outside" },
				"up": { "uv": [ 0, 14, 3, 16 ], "texture": "#outside" },
				"north": { "uv": [ 13, 2, 16, 4 ], "texture": "#outside" },
				"south": { "uv": [ 0, 2, 3, 4 ], "texture": "#outside" },
				"west": { "uv": [ 14, 2, 16, 4 ], "texture": "#outside" },
				"east": { "uv": [ 0, 2, 2, 4 ], "texture": "#outside" }
			}
		},
		{
			"__comment": "Numbers",
			"from": [ 0, 0, 15 ],
			"to": [ 4, 12, 16 ],
			"faces": {
				"down": { "uv": [ 0, 0, 4, 1 ], "texture": "#texture" },
				"up": { "uv": [ 0, 15, 4, 16 ], "texture": "#texture" },
				"north": { "uv": [ 12, 4, 16, 16 ], "texture": "#texture" },
				"south": { "uv": [ 0, 4, 4, 16 ], "texture": "#texture" },
				"west": { "uv": [ 15, 4, 16, 16 ], "texture": "#texture" },
				"east": { "uv": [ 0, 4, 1, 16 ], "texture": "#texture" }
			}
		},
		{
			"__comment": "Box5",
			"from": [ 12, 0, 14 ],
			"to": [ 14, 3, 16 ],
			"faces": {
				"down": { "uv": [ 12, 0, 14, 2 ], "texture": "#outside" },
				"up": { "uv": [ 12, 14, 14, 16 ], "texture": "#outside" },
				"north": { "uv": [ 2, 13, 4, 16 ], "texture": "#outside" },
				"south": { "uv": [ 12, 13, 14, 16 ], "texture": "#outside" },
				"west": { "uv": [ 14, 13, 16, 16 ], "texture": "#outside" },
				"east": { "uv": [ 0, 13, 2, 16 ], "texture": "#outside" }
			}
		},
		{
			"__comment": "Box6",
			"from": [ 3, 11, 14 ],
			"to": [ 5, 13, 16 ],
			"faces": {
				"down": { "uv": [ 3, 0, 5, 2 ], "texture": "#outside" },
				"up": { "uv": [ 3, 14, 5, 16 ], "texture": "#outside" },
				"north": { "uv": [ 11, 3, 13, 5 ], "texture": "#outside" },
				"south": { "uv": [ 3, 3, 5, 5 ], "texture": "#outside" },
				"west": { "uv": [ 14, 3, 16, 5 ], "texture": "#outside" },
				"east": { "uv": [ 0, 3, 2, 5 ], "texture": "#outside" }
			}
		},
		{
			"__comment": "Box7",
			"from": [ 11, 3, 14 ],
			"to": [ 13, 5, 16 ],
			"faces": {
				"down": { "uv": [ 11, 0, 13, 2 ], "texture": "#outside" },
				"up": { "uv": [ 11, 14, 13, 16 ], "texture": "#outside" },
				"north": { "uv": [ 3, 11, 5, 13 ], "texture": "#outside" },
				"south": { "uv": [ 11, 11, 13, 13 ], "texture": "#outside" },
				"west": { "uv": [ 14, 11, 16, 13 ], "texture": "#outside" },
				"east": { "uv": [ 0, 11, 2, 13 ], "texture": "#outside" }
			}
		},
		{
			"__comment": "Box8",
			"from": [ 4, 10, 14 ],
			"to": [ 7, 12, 16 ],
			"faces": {
				"down": { "uv": [ 4, 0, 7, 2 ], "texture": "#outside" },
				"up": { "uv": [ 4, 14, 7, 16 ], "texture": "#outside" },
				"north": { "uv": [ 9, 4, 12, 6 ], "texture": "#outside" },
				"south": { "uv": [ 4, 4, 7, 6 ], "texture": "#outside" },
				"west": { "uv": [ 14, 4, 16, 6 ], "texture": "#outside" },
				"east": { "uv": [ 0, 4, 2, 6 ], "texture": "#outside" }
			}
		},
		{
			"__comment": "Box9",
			"from": [ 10, 4, 14 ],
			"to": [ 12, 7, 16 ],
			"faces": {
				"down": { "uv": [ 10, 0, 12, 2 ], "texture": "#outside" },
				"up": { "uv": [ 10, 14, 12, 16 ], "texture": "#outside" },
				"north": { "uv": [ 4, 9, 6, 12 ], "texture": "#outside" },
				"south": { "uv": [ 10, 9, 12, 12 ], "texture": "#outside" },
				"west": { "uv": [ 14, 9, 16, 12 ], "texture": "#outside" },
				"east": { "uv": [ 0, 9, 2, 12 ], "texture": "#outside" }
			}
		},
		{
			"__comment": "Box10",
			"from": [ 6, 9, 14 ],
			"to": [ 9, 11, 16 ],
			"faces": {
				"down": { "uv": [ 6, 0, 9, 2 ], "texture": "#outside" },
				"up": { "uv": [ 6, 14, 9, 16 ], "texture": "#outside" },
				"north": { "uv": [ 7, 5, 10, 7 ], "texture": "#outside" },
				"south": { "uv": [ 6, 5, 9, 7 ], "texture": "#outside" },
				"west": { "uv": [ 14, 5, 16, 7 ], "texture": "#outside" },
				"east": { "uv": [ 0, 5, 2, 7 ], "texture": "#outside" }
			}
		},
		{
			"__comment": "Box11",
			"from": [ 9, 6, 14 ],
			"to": [ 11, 9, 16 ],
			"faces": {
				"down": { "uv": [ 9, 0, 11, 2 ], "texture": "#outside" },
				"up": { "uv": [ 9, 14, 11, 16 ], "texture": "#outside" },
				"north": { "uv": [ 5, 7, 7, 10 ], "texture": "#outside" },
				"south": { "uv": [ 9, 7, 11, 10 ], "texture": "#outside" },
				"west": { "uv": [ 14, 7, 16, 10 ], "texture": "#outside" },
				"east": { "uv": [ 0, 7, 2, 10 ], "texture": "#outside" }
			}
		},
		{
			"__comment": "Box13",
			"from": [ 8, 8, 14 ],
			"to": [ 10, 10, 16 ],
			"faces": {
				"down": { "uv": [ 8, 0, 10, 2 ], "texture": "#outside" },
				"up": { "uv": [ 8, 14, 10, 16 ], "texture": "#outside" },
				"north": { "uv": [ 6, 6, 8, 8 ], "texture": "#outside" },
				"south": { "uv": [ 8, 6, 10, 8 ], "texture": "#outside" },
				"west": { "uv": [ 14, 6, 16, 8 ], "texture": "#outside" },
				"east": { "uv": [ 0, 6, 2, 8 ], "texture": "#outside" }
			}
		},
		{
			"__comment": "Box15",
			"from": [ 4, 0, 15 ],
			"to": [ 7, 10, 16 ],
			"faces": {
				"down": { "uv": [ 4, 1, 7, 2 ], "texture": "#texture" },
				"up": { "uv": [ 4, 14, 7, 15 ], "texture": "#texture" },
				"north": { "uv": [ 9, 6, 12, 16 ], "texture": "#texture" },
				"south": { "uv": [ 4, 6, 7, 16 ], "texture": "#texture" },
				"west": { "uv": [ 14, 6, 15, 16 ], "texture": "#texture" },
				"east": { "uv": [ 1, 6, 2, 16 ], "texture": "#texture" }
			}
		},
		{
			"__comment": "Box16",
			"from": [ 9, 0, 15 ],
			"to": [ 11, 7, 16 ],
			"faces": {
				"down": { "uv": [ 9, 0, 11, 1 ], "texture": "#texture" },
				"up": { "uv": [ 9, 15, 11, 16 ], "texture": "#texture" },
				"north": { "uv": [ 5, 9, 7, 16 ], "texture": "#texture" },
				"south": { "uv": [ 9, 9, 11, 16 ], "texture": "#texture" },
				"west": { "uv": [ 15, 9, 16, 16 ], "texture": "#texture" },
				"east": { "uv": [ 0, 9, 1, 16 ], "texture": "#texture" }
			}
		},
		{
			"__comment": "Box17",
			"from": [ 7, 0, 15 ],
			"to": [ 9, 9, 16 ],
			"faces": {
				"down": { "uv": [ 7, 0, 9, 1 ], "texture": "#texture" },
				"up": { "uv": [ 7, 15, 9, 16 ], "texture": "#texture" },
				"north": { "uv": [ 7, 7, 9, 16 ], "texture": "#texture" },
				"south": { "uv": [ 7, 7, 9, 16 ], "texture": "#texture" },
				"west": { "uv": [ 15, 7, 16, 16 ], "texture": "#texture" },
				"east": { "uv": [ 0, 7, 1, 16 ], "texture": "#texture" }
			}
		},
		{
			"__comment": "Box18",
			"from": [ 11, 0, 15 ],
			"to": [ 12, 4, 16 ],
			"faces": {
				"down": { "uv": [ 11, 0, 12, 1 ], "texture": "#texture" },
				"up": { "uv": [ 11, 15, 12, 16 ], "texture": "#texture" },
				"north": { "uv": [ 4, 12, 5, 16 ], "texture": "#texture" },
				"south": { "uv": [ 11, 12, 12, 16 ], "texture": "#texture" },
				"west": { "uv": [ 15, 12, 16, 16 ], "texture": "#texture" },
				"east": { "uv": [ 0, 12, 1, 16 ], "texture": "#texture" }
			}
		}
	]
}