{
	"__comment": "Designed by JTK222",
	"textures": {
		"particle": "drpmedieval:blocks/clocks/numbers_top",
		"outside": "drpmedieval:blocks/clocks/wood",
		"texture": "drpmedieval:blocks/clocks/numbers_top"
	},
	"elements": [ 	 
		{
			"__comment": "Center",
			"from": [ 0, 13, 14 ],
			"to": [ 3, 15, 16 ],
			"faces": {
				"down": { "uv": [ 0, 0, 3, 2 ], "texture": "#outside" },
				"up": { "uv": [ 0, 14, 3, 16 ], "texture": "#outside" },
				"north": { "uv": [ 13, 1, 16, 3 ], "texture": "#outside" },
				"south": { "uv": [ 0, 1, 3, 3 ], "texture": "#outside" },
				"west": { "uv": [ 14, 1, 16, 3 ], "texture": "#outside" },
				"east": { "uv": [ 0, 1, 2, 3 ], "texture": "#outside" }
			}
		},
		{
			"__comment": "Center",
			"from": [ 3, 14, 14 ],
			"to": [ 13, 16, 16 ],
			"faces": {
				"down": { "uv": [ 3, 0, 13, 2 ], "texture": "#outside" },
				"up": { "uv": [ 3, 14, 13, 16 ], "texture": "#outside" },
				"north": { "uv": [ 3, 0, 13, 2 ], "texture": "#outside" },
				"south": { "uv": [ 3, 0, 13, 2 ], "texture": "#outside" },
				"west": { "uv": [ 14, 0, 16, 2 ], "texture": "#outside" },
				"east": { "uv": [ 0, 0, 2, 2 ], "texture": "#outside" }
			}
		},
		{
			"__comment": "Center",
			"from": [ 13, 13, 14 ],
			"to": [ 16, 15, 16 ],
			"faces": {
				"down": { "uv": [ 13, 0, 16, 2 ], "texture": "#outside" },
				"up": { "uv": [ 13, 14, 16, 16 ], "texture": "#outside" },
				"north": { "uv": [ 0, 1, 3, 3 ], "texture": "#outside" },
				"south": { "uv": [ 13, 1, 16, 3 ], "texture": "#outside" },
				"west": { "uv": [ 14, 1, 16, 3 ], "texture": "#outside" },
				"east": { "uv": [ 0, 1, 2, 3 ], "texture": "#outside" }
			}
		},
		{
			"__comment": "Numbers",
			"from": [ 0, 0, 15 ],
			"to": [ 16, 14, 16 ],
			"faces": {
				"down": { "uv": [ 0, 0, 16, 1 ], "texture": "#texture" },
				"up": { "uv": [ 0, 15, 16, 16 ], "texture": "#texture" },
				"north": { "uv": [ 0, 2, 16, 16 ], "texture": "#texture" },
				"south": { "uv": [ 0, 2, 16, 16 ], "texture": "#texture" },
				"west": { "uv": [ 15, 2, 16, 16 ], "texture": "#texture" },
				"east": { "uv": [ 0, 2, 1, 16 ], "texture": "#texture" }
			}
		}
	]
}