{
	"__comment": "Designed by Rolfaal with Cubik Studio - https://cubik.studio",
	"textures": {
		"particle": "drpmedieval:blocks/forge/stone_bricks",
		"stone_brick": "drpmedieval:blocks/forge/stone_bricks",
		"metal": "drpmedieval:blocks/forge/metal"
	},
	"elements": [ 	 
		{
			"__comment": "Box1",
			"from": [ 0, -0.0009, 13 ],
			"to": [ 1.5, 7.9991, 17 ],
			"rotation": { "origin": [ 0, 0, 13 ], "axis": "y", "angle": 22.5 },
			"faces": {
				"down": { "uv": [ 0.4999986, 0, 1.999999, 2 ], "texture": "#stone_brick" },
				"up": { "uv": [ 0.4999986, 14, 1.999999, 16 ], "texture": "#stone_brick" },
				"north": { "uv": [ 14, 8, 15.5, 16 ], "texture": "#stone_brick" },
				"south": { "uv": [ 0.4999986, 8, 1.999999, 16 ], "texture": "#stone_brick" },
				"west": { "uv": [ 14, 8, 16, 16 ], "texture": "#stone_brick" },
				"east": { "uv": [ 0, 8, 2, 16 ], "texture": "#stone_brick" }
			}
		},
		{
			"__comment": "Box1",
			"from": [ 14.5, -0.0009, 13 ],
			"to": [ 16, 7.9991, 17 ],
			"rotation": { "origin": [ 16, 0, 13 ], "axis": "y", "angle": -22.5 },
			"faces": {
				"down": { "uv": [ 14.5, 0, 16, 3.5 ], "texture": "#stone_brick" },
				"up": { "uv": [ 14.5, 12.5, 16, 16 ], "texture": "#stone_brick" },
				"north": { "uv": [ 0, 8, 1.5, 16 ], "texture": "#stone_brick" },
				"south": { "uv": [ 14.5, 8, 16, 16 ], "texture": "#stone_brick" },
				"west": { "uv": [ 12.5, 8, 16, 16 ], "texture": "#stone_brick" },
				"east": { "uv": [ 0, 8, 3.5, 16 ], "texture": "#stone_brick" }
			}
		},
		{
			"__comment": "Box1",
			"from": [ 3, 0, 0 ],
			"to": [ 13, 8, 1.5 ],
			"faces": {
				"down": { "uv": [ 3, 14.5, 13, 16 ], "texture": "#stone_brick" },
				"up": { "uv": [ 3, 0, 13, 1.5 ], "texture": "#stone_brick" },
				"north": { "uv": [ 3, 8, 13, 16 ], "texture": "#stone_brick" },
				"south": { "uv": [ 3, 8, 13, 16 ], "texture": "#stone_brick" },
				"west": { "uv": [ 0, 8, 1.5, 16 ], "texture": "#stone_brick" },
				"east": { "uv": [ 14.5, 8, 16, 16 ], "texture": "#stone_brick" }
			}
		},
		{
			"__comment": "Box1",
			"from": [ 2.5, 0, 1 ],
			"to": [ 13.5, 1, 16 ],
			"faces": {
				"down": { "uv": [ 2.5, 0, 13.5, 15 ], "texture": "#stone_brick" },
				"up": { "uv": [ 2.5, 1.000001, 13.5, 16 ], "texture": "#stone_brick" },
				"north": { "uv": [ 2.5, 15, 13.5, 16 ], "texture": "#stone_brick" },
				"south": { "uv": [ 2.5, 15, 13.5, 16 ], "texture": "#stone_brick" },
				"west": { "uv": [ 1.000001, 15, 16, 16 ], "texture": "#stone_brick" },
				"east": { "uv": [ 0, 15, 15, 16 ], "texture": "#stone_brick" }
			}
		},
		{
			"__comment": "Box1",
			"from": [ 13.5, 0, 2.5 ],
			"to": [ 15, 1, 16 ],
			"faces": {
				"down": { "uv": [ 13.5, 0, 15, 13.49999 ], "texture": "#stone_brick" },
				"up": { "uv": [ 13.5, 2.50001, 15, 16 ], "texture": "#stone_brick" },
				"north": { "uv": [ 1, 15, 2.5, 16 ], "texture": "#stone_brick" },
				"south": { "uv": [ 13.5, 15, 15, 16 ], "texture": "#stone_brick" },
				"west": { "uv": [ 2.50001, 15, 16, 16 ], "texture": "#stone_brick" },
				"east": { "uv": [ 0, 15, 13.49999, 16 ], "texture": "#stone_brick" }
			}
		},
		{
			"__comment": "Box1",
			"from": [ 1, 0, 2.5 ],
			"to": [ 2.5, 1, 16 ],
			"faces": {
				"down": { "uv": [ 1, 0, 2.5, 13.49999 ], "texture": "#stone_brick" },
				"up": { "uv": [ 1, 2.50001, 2.5, 16 ], "texture": "#stone_brick" },
				"north": { "uv": [ 13.5, 15, 15, 16 ], "texture": "#stone_brick" },
				"south": { "uv": [ 1, 15, 2.5, 16 ], "texture": "#stone_brick" },
				"west": { "uv": [ 2.50001, 15, 16, 16 ], "texture": "#stone_brick" },
				"east": { "uv": [ 0, 15, 13.49999, 16 ], "texture": "#stone_brick" }
			}
		},
		{
			"__comment": "Box1",
			"from": [ 2.5, 4.5, 1 ],
			"to": [ 13.5, 5.5, 16 ],
			"faces": {
				"down": { "uv": [ 2.5, 0, 13.5, 15 ], "texture": "#stone_brick" },
				"up": { "uv": [ 2.5, 1.000001, 13.5, 16 ], "texture": "#stone_brick" },
				"north": { "uv": [ 2.5, 10.5, 13.5, 11.5 ], "texture": "#stone_brick" },
				"south": { "uv": [ 2.5, 10.5, 13.5, 11.5 ], "texture": "#stone_brick" },
				"west": { "uv": [ 1.000001, 10.5, 16, 11.5 ], "texture": "#stone_brick" },
				"east": { "uv": [ 0, 10.5, 15, 11.5 ], "texture": "#stone_brick" }
			}
		},
		{
			"__comment": "Box1",
			"from": [ 1.5, 0, 1 ],
			"to": [ 3, 10.5, 2.5 ],
			"rotation": { "origin": [ 1.5, 0, 2.5 ], "axis": "y", "angle": 45 },
			"faces": {
				"down": { "uv": [ 0.4393411, 13.06066, 1.939341, 14.56066 ], "texture": "#metal" },
				"up": { "uv": [ 0.4393411, 1.439342, 1.939341, 2.939342 ], "texture": "#metal" },
				"north": { "uv": [ 14.06066, 5.5, 15.56066, 16 ], "texture": "#metal" },
				"south": { "uv": [ 0.4393411, 5.5, 1.939341, 16 ], "texture": "#metal" },
				"west": { "uv": [ 1.439341, 5.5, 2.939341, 16 ], "texture": "#metal" },
				"east": { "uv": [ 13.06066, 5.5, 14.56066, 16 ], "texture": "#metal" }
			}
		},
		{
			"__comment": "Box1",
			"from": [ 14.25, 8.5, 1.5 ],
			"to": [ 15.25, 9.5, 15.5 ],
			"faces": {
				"down": { "uv": [ 14.25, 0.5, 15.25, 14.5 ], "texture": "#metal" },
				"up": { "uv": [ 14.25, 1.5, 15.25, 15.5 ], "texture": "#metal" },
				"north": { "uv": [ 0.75, 6.5, 1.75, 7.5 ], "texture": "#metal" },
				"south": { "uv": [ 14.25, 6.5, 15.25, 7.5 ], "texture": "#metal" },
				"west": { "uv": [ 1.5, 6.5, 15.5, 7.5 ], "texture": "#metal" },
				"east": { "uv": [ 0.5, 6.5, 14.5, 7.5 ], "texture": "#metal" }
			}
		},
		{
			"__comment": "Box1",
			"from": [ 1.5, 8.5, 0.75 ],
			"to": [ 14.5, 9.5, 1.75 ],
			"faces": {
				"down": { "uv": [ 1.5, 14.25, 14.5, 15.25 ], "texture": "#metal" },
				"up": { "uv": [ 1.5, 0.75, 14.5, 1.75 ], "texture": "#metal" },
				"north": { "uv": [ 1.5, 6.5, 14.5, 7.5 ], "texture": "#metal" },
				"south": { "uv": [ 1.5, 6.5, 14.5, 7.5 ], "texture": "#metal" },
				"west": { "uv": [ 0.75, 6.5, 1.75, 7.5 ], "texture": "#metal" },
				"east": { "uv": [ 14.25, 6.5, 15.25, 7.5 ], "texture": "#metal" }
			}
		},
		{
			"__comment": "Box1",
			"from": [ 0.75, 8.5, 1.5 ],
			"to": [ 1.75, 9.5, 15.5 ],
			"faces": {
				"down": { "uv": [ 0.75, 0.5, 1.75, 14.5 ], "texture": "#metal" },
				"up": { "uv": [ 0.75, 1.5, 1.75, 15.5 ], "texture": "#metal" },
				"north": { "uv": [ 14.25, 6.5, 15.25, 7.5 ], "texture": "#metal" },
				"south": { "uv": [ 0.75, 6.5, 1.75, 7.5 ], "texture": "#metal" },
				"west": { "uv": [ 1.5, 6.5, 15.5, 7.5 ], "texture": "#metal" },
				"east": { "uv": [ 0.5, 6.5, 14.5, 7.5 ], "texture": "#metal" }
			}
		},
		{
			"__comment": "Box1",
			"from": [ 12.5, -0.0009999999, 0.5 ],
			"to": [ 13.5, 7.999, 4.5 ],
			"rotation": { "origin": [ 13, 0, 1 ], "axis": "y", "angle": 45 },
			"faces": {
				"down": { "uv": [ 12.2929, 11, 13.2929, 15 ], "texture": "#stone_brick" },
				"up": { "uv": [ 12.2929, 1, 13.2929, 5 ], "texture": "#stone_brick" },
				"north": { "uv": [ 2.7071, 8.000999, 3.7071, 16 ], "texture": "#stone_brick" },
				"south": { "uv": [ 12.2929, 8.000999, 13.2929, 16 ], "texture": "#stone_brick" },
				"west": { "uv": [ 1, 8.000999, 5, 16 ], "texture": "#stone_brick" },
				"east": { "uv": [ 11, 8.000999, 15, 16 ], "texture": "#stone_brick" }
			}
		},
		{
			"__comment": "Box1",
			"from": [ 2.5, -0.0009999999, 0.5 ],
			"to": [ 3.5, 7.999, 4.5 ],
			"rotation": { "origin": [ 3, 0, 1 ], "axis": "y", "angle": -45 },
			"faces": {
				"down": { "uv": [ 3, 11.7071, 4, 15.7071 ], "texture": "#stone_brick" },
				"up": { "uv": [ 3, 0.2929001, 4, 4.2929 ], "texture": "#stone_brick" },
				"north": { "uv": [ 12, 8.000999, 13, 16 ], "texture": "#stone_brick" },
				"south": { "uv": [ 3, 8.000999, 4, 16 ], "texture": "#stone_brick" },
				"west": { "uv": [ 0.2929, 8.000999, 4.2929, 16 ], "texture": "#stone_brick" },
				"east": { "uv": [ 11.7071, 8.000999, 15.7071, 16 ], "texture": "#stone_brick" }
			}
		},
		{
			"__comment": "Box1",
			"from": [ 0, 0, 3 ],
			"to": [ 1.5, 8, 14 ],
			"faces": {
				"down": { "uv": [ 0, 2, 1.499999, 13 ], "texture": "#stone_brick" },
				"up": { "uv": [ 0, 3, 1.499999, 14 ], "texture": "#stone_brick" },
				"north": { "uv": [ 14.5, 8, 16, 16 ], "texture": "#stone_brick" },
				"south": { "uv": [ 0, 8, 1.499999, 16 ], "texture": "#stone_brick" },
				"west": { "uv": [ 3, 8, 14, 16 ], "texture": "#stone_brick" },
				"east": { "uv": [ 2, 8, 13, 16 ], "texture": "#stone_brick" }
			}
		},
		{
			"__comment": "Box1",
			"from": [ 14.5, 0, 3 ],
			"to": [ 16, 8, 14 ],
			"faces": {
				"down": { "uv": [ 14.5, 2, 16, 13 ], "texture": "#stone_brick" },
				"up": { "uv": [ 14.5, 3, 16, 14 ], "texture": "#stone_brick" },
				"north": { "uv": [ 0, 8, 1.5, 16 ], "texture": "#stone_brick" },
				"south": { "uv": [ 14.5, 8, 16, 16 ], "texture": "#stone_brick" },
				"west": { "uv": [ 3, 8, 14, 16 ], "texture": "#stone_brick" },
				"east": { "uv": [ 2, 8, 13, 16 ], "texture": "#stone_brick" }
			}
		},
		{
			"__comment": "Box1",
			"from": [ 13.5, 4.5, 2 ],
			"to": [ 14.5, 5.5, 3 ],
			"faces": {
				"down": { "uv": [ 13.5, 13, 14.5, 14 ], "texture": "#stone_brick" },
				"up": { "uv": [ 13.5, 2, 14.5, 3 ], "texture": "#stone_brick" },
				"north": { "uv": [ 1.5, 10.5, 2.5, 11.5 ], "texture": "#stone_brick" },
				"south": { "uv": [ 13.5, 10.5, 14.5, 11.5 ], "texture": "#stone_brick" },
				"west": { "uv": [ 2, 10.5, 3, 11.5 ], "texture": "#stone_brick" },
				"east": { "uv": [ 13, 10.5, 14, 11.5 ], "texture": "#stone_brick" }
			}
		},
		{
			"__comment": "Box1",
			"from": [ 13.5, 4.5, 3 ],
			"to": [ 15, 5.5, 15.5 ],
			"faces": {
				"down": { "uv": [ 13.5, 0.5, 15, 13 ], "texture": "#stone_brick" },
				"up": { "uv": [ 13.5, 3, 15, 15.5 ], "texture": "#stone_brick" },
				"north": { "uv": [ 1, 10.5, 2.5, 11.5 ], "texture": "#stone_brick" },
				"south": { "uv": [ 13.5, 10.5, 15, 11.5 ], "texture": "#stone_brick" },
				"west": { "uv": [ 3, 10.5, 15.5, 11.5 ], "texture": "#stone_brick" },
				"east": { "uv": [ 0.5, 10.5, 13, 11.5 ], "texture": "#stone_brick" }
			}
		},
		{
			"__comment": "Box1",
			"from": [ 1.5, 4.5, 2 ],
			"to": [ 2.5, 5.5, 3 ],
			"faces": {
				"down": { "uv": [ 1.5, 13, 2.5, 14 ], "texture": "#stone_brick" },
				"up": { "uv": [ 1.5, 2, 2.5, 3 ], "texture": "#stone_brick" },
				"north": { "uv": [ 13.5, 10.5, 14.5, 11.5 ], "texture": "#stone_brick" },
				"south": { "uv": [ 1.5, 10.5, 2.5, 11.5 ], "texture": "#stone_brick" },
				"west": { "uv": [ 2, 10.5, 3, 11.5 ], "texture": "#stone_brick" },
				"east": { "uv": [ 13, 10.5, 14, 11.5 ], "texture": "#stone_brick" }
			}
		},
		{
			"__comment": "Box1",
			"from": [ 1, 4.5, 3 ],
			"to": [ 2.5, 5.5, 15.5 ],
			"faces": {
				"down": { "uv": [ 1, 0.5, 2.5, 13 ], "texture": "#stone_brick" },
				"up": { "uv": [ 1, 3, 2.5, 15.5 ], "texture": "#stone_brick" },
				"north": { "uv": [ 13.5, 10.5, 15, 11.5 ], "texture": "#stone_brick" },
				"south": { "uv": [ 1, 10.5, 2.5, 11.5 ], "texture": "#stone_brick" },
				"west": { "uv": [ 3, 10.5, 15.5, 11.5 ], "texture": "#stone_brick" },
				"east": { "uv": [ 0.5, 10.5, 13, 11.5 ], "texture": "#stone_brick" }
			}
		},
		{
			"__comment": "Box1",
			"from": [ 13, 0, 1 ],
			"to": [ 14.5, 10.5, 2.5 ],
			"rotation": { "origin": [ 14.5, 0, 2.5 ], "axis": "y", "angle": -45 },
			"faces": {
				"down": { "uv": [ 14.5, 14.12132, 16, 15.62132 ], "texture": "#metal" },
				"up": { "uv": [ 14.5, 0.378684, 16, 1.878684 ], "texture": "#metal" },
				"north": { "uv": [ 0, 5.5, 1.5, 16 ], "texture": "#metal" },
				"south": { "uv": [ 14.5, 5.5, 16, 16 ], "texture": "#metal" },
				"west": { "uv": [ 0.3786838, 5.5, 1.878684, 16 ], "texture": "#metal" },
				"east": { "uv": [ 14.12132, 5.5, 15.62132, 16 ], "texture": "#metal" }
			}
		}
	]
}