{
	"__comment": "Designed by Rolfaal with Cubik Studio - https://cubik.studio",
	"textures": {
		"particle": "drpmedieval:blocks/forge/stone_bricks",
		"stone_brick": "drpmedieval:blocks/forge/stone_bricks",
		"metal": "drpmedieval:blocks/forge/metal"
	},
	"elements": [ 	 
		{
			"__comment": "Box1",
			"from": [ 12.5, -0.0009999999, 19.5 ],
			"to": [ 13.5, 7.999, 23.5 ],
			"rotation": { "origin": [ 13, 0, 23 ], "axis": "y", "angle": -45 },
			"faces": {
				"down": { "uv": [ 15.1213, 7.8284, 16, 11.8284 ], "texture": "#stone_brick" },
				"up": { "uv": [ 15.1213, 4.1716, 16, 8.1716 ], "texture": "#stone_brick" },
				"north": { "uv": [ 0, 8.001001, 0.8787003, 16 ], "texture": "#stone_brick" },
				"south": { "uv": [ 15.1213, 8.001001, 16, 16 ], "texture": "#stone_brick" },
				"west": { "uv": [ 4.1716, 8.001001, 8.1716, 16 ], "texture": "#stone_brick" },
				"east": { "uv": [ 7.8284, 8.001001, 11.8284, 16 ], "texture": "#stone_brick" }
			}
		},
		{
			"__comment": "Box1",
			"from": [ 3, 0, 22.5 ],
			"to": [ 13, 8, 24 ],
			"faces": {
				"down": { "uv": [ 3.000001, 8, 13, 9.5 ], "texture": "#stone_brick" },
				"up": { "uv": [ 3.000001, 6.5, 13, 8 ], "texture": "#stone_brick" },
				"north": { "uv": [ 2.999999, 8, 13, 16 ], "texture": "#stone_brick" },
				"south": { "uv": [ 3.000001, 8, 13, 16 ], "texture": "#stone_brick" },
				"west": { "uv": [ 6.5, 8, 8, 16 ], "texture": "#stone_brick" },
				"east": { "uv": [ 8, 8, 9.5, 16 ], "texture": "#stone_brick" }
			}
		},
		{
			"__comment": "Box1",
			"from": [ 14.3269, -0.0009999999, 7.0692 ],
			"to": [ 15.8269, 7.999, 11.0692 ],
			"rotation": { "origin": [ 16, 0, 11 ], "axis": "y", "angle": 22.5 },
			"faces": {
				"down": { "uv": [ 14, 0, 15.5, 2 ], "texture": "#stone_brick" },
				"up": { "uv": [ 14, 14, 15.5, 16 ], "texture": "#stone_brick" },
				"north": { "uv": [ 0.5000019, 8, 2.000002, 16 ], "texture": "#stone_brick" },
				"south": { "uv": [ 14, 8, 15.5, 16 ], "texture": "#stone_brick" },
				"west": { "uv": [ 14, 8, 16, 16 ], "texture": "#stone_brick" },
				"east": { "uv": [ 0, 8, 2, 16 ], "texture": "#stone_brick" }
			}
		},
		{
			"__comment": "Box1",
			"from": [ 0.1745, -0.0009999999, 7.0038 ],
			"to": [ 1.6745, 7.999, 11.0038 ],
			"rotation": { "origin": [ 0, 0, 11 ], "axis": "y", "angle": -22.5 },
			"faces": {
				"down": { "uv": [ 0.9567001, 0, 2.4567, 0.8097 ], "texture": "#stone_brick" },
				"up": { "uv": [ 0.9567001, 15.1903, 2.4567, 16 ], "texture": "#stone_brick" },
				"north": { "uv": [ 13.5433, 8.000999, 15.0433, 16 ], "texture": "#stone_brick" },
				"south": { "uv": [ 0.9567001, 8.000999, 2.4567, 16 ], "texture": "#stone_brick" },
				"west": { "uv": [ 15.1903, 8.000999, 16, 16 ], "texture": "#stone_brick" },
				"east": { "uv": [ 0, 8.000999, 0.8097, 16 ], "texture": "#stone_brick" }
			}
		},
		{
			"__comment": "Box1",
			"from": [ 2.5, 0, 8 ],
			"to": [ 13.5, 1, 23 ],
			"faces": {
				"down": { "uv": [ 2.5, 0, 13.5, 8 ], "texture": "#stone_brick" },
				"up": { "uv": [ 2.5, 8, 13.5, 16 ], "texture": "#stone_brick" },
				"north": { "uv": [ 2.5, 15, 13.5, 16 ], "texture": "#stone_brick" },
				"south": { "uv": [ 2.5, 15, 13.5, 16 ], "texture": "#stone_brick" },
				"west": { "uv": [ 8, 15, 16, 16 ], "texture": "#stone_brick" },
				"east": { "uv": [ 0, 15, 8, 16 ], "texture": "#stone_brick" }
			}
		},
		{
			"__comment": "Box1",
			"from": [ 0, -0.0009, 5 ],
			"to": [ 1.5, 7.9991, 9 ],
			"rotation": { "origin": [ 0, 0, 5 ], "axis": "y", "angle": 22.5 },
			"faces": {
				"down": { "uv": [ 0.4999986, 0, 1.999999, 2 ], "texture": "#stone_brick" },
				"up": { "uv": [ 0.4999986, 14, 1.999999, 16 ], "texture": "#stone_brick" },
				"north": { "uv": [ 14, 8, 15.5, 16 ], "texture": "#stone_brick" },
				"south": { "uv": [ 0.4999986, 8, 1.999999, 16 ], "texture": "#stone_brick" },
				"west": { "uv": [ 14, 8, 16, 16 ], "texture": "#stone_brick" },
				"east": { "uv": [ 0, 8, 2, 16 ], "texture": "#stone_brick" }
			}
		},
		{
			"__comment": "Box1",
			"from": [ 14.5015, -0.0009, 4.9346 ],
			"to": [ 16.0015, 7.9991, 8.9346 ],
			"rotation": { "origin": [ 16, 0, 5 ], "axis": "y", "angle": -22.5 },
			"faces": {
				"down": { "uv": [ 14.5, 0, 16, 3.5 ], "texture": "#stone_brick" },
				"up": { "uv": [ 14.5, 12.5, 16, 16 ], "texture": "#stone_brick" },
				"north": { "uv": [ 0, 8, 1.5, 16 ], "texture": "#stone_brick" },
				"south": { "uv": [ 14.5, 8, 16, 16 ], "texture": "#stone_brick" },
				"west": { "uv": [ 12.5, 8, 16, 16 ], "texture": "#stone_brick" },
				"east": { "uv": [ 0, 8, 3.5, 16 ], "texture": "#stone_brick" }
			}
		},
		{
			"__comment": "Box1",
			"from": [ 3, 0, -8 ],
			"to": [ 13, 8, -6.5 ],
			"faces": {
				"down": { "uv": [ 3, 6.5, 13, 8 ], "texture": "#stone_brick" },
				"up": { "uv": [ 3, 8, 13, 9.5 ], "texture": "#stone_brick" },
				"north": { "uv": [ 3, 8, 13, 16 ], "texture": "#stone_brick" },
				"south": { "uv": [ 3, 8, 13, 16 ], "texture": "#stone_brick" },
				"west": { "uv": [ 8, 8, 9.5, 16 ], "texture": "#stone_brick" },
				"east": { "uv": [ 6.5, 8, 8, 16 ], "texture": "#stone_brick" }
			}
		},
		{
			"__comment": "Box1",
			"from": [ 1, 0, 8 ],
			"to": [ 2.5, 1, 21.5 ],
			"faces": {
				"down": { "uv": [ 1, 0, 2.5, 7.999989 ], "texture": "#stone_brick" },
				"up": { "uv": [ 1, 8.000011, 2.5, 16 ], "texture": "#stone_brick" },
				"north": { "uv": [ 13.5, 15, 15, 16 ], "texture": "#stone_brick" },
				"south": { "uv": [ 1, 15, 2.5, 16 ], "texture": "#stone_brick" },
				"west": { "uv": [ 8.000011, 15, 16, 16 ], "texture": "#stone_brick" },
				"east": { "uv": [ 0, 15, 7.999989, 16 ], "texture": "#stone_brick" }
			}
		},
		{
			"__comment": "Box1",
			"from": [ 2.5, 0, -7 ],
			"to": [ 13.5, 1, 8 ],
			"faces": {
				"down": { "uv": [ 2.5, 7.999999, 13.5, 16 ], "texture": "#stone_brick" },
				"up": { "uv": [ 2.5, 0, 13.5, 8.000001 ], "texture": "#stone_brick" },
				"north": { "uv": [ 2.5, 15, 13.5, 16 ], "texture": "#stone_brick" },
				"south": { "uv": [ 2.5, 15, 13.5, 16 ], "texture": "#stone_brick" },
				"west": { "uv": [ 0, 15, 8.000001, 16 ], "texture": "#stone_brick" },
				"east": { "uv": [ 7.999999, 15, 16, 16 ], "texture": "#stone_brick" }
			}
		},
		{
			"__comment": "Box1",
			"from": [ 13.5, 0, 8 ],
			"to": [ 15, 1, 21.5 ],
			"faces": {
				"down": { "uv": [ 13.5, 0, 15, 7.999989 ], "texture": "#stone_brick" },
				"up": { "uv": [ 13.5, 8.000011, 15, 16 ], "texture": "#stone_brick" },
				"north": { "uv": [ 1, 15, 2.5, 16 ], "texture": "#stone_brick" },
				"south": { "uv": [ 13.5, 15, 15, 16 ], "texture": "#stone_brick" },
				"west": { "uv": [ 8.000011, 15, 16, 16 ], "texture": "#stone_brick" },
				"east": { "uv": [ 0, 15, 7.999989, 16 ], "texture": "#stone_brick" }
			}
		},
		{
			"__comment": "Box1",
			"from": [ 13.5, 0, -5.5 ],
			"to": [ 15, 1, 8 ],
			"faces": {
				"down": { "uv": [ 13.5, 7.99999, 15, 16 ], "texture": "#stone_brick" },
				"up": { "uv": [ 13.5, 0, 15, 8.00001 ], "texture": "#stone_brick" },
				"north": { "uv": [ 1, 15, 2.5, 16 ], "texture": "#stone_brick" },
				"south": { "uv": [ 13.5, 15, 15, 16 ], "texture": "#stone_brick" },
				"west": { "uv": [ 0, 15, 8.00001, 16 ], "texture": "#stone_brick" },
				"east": { "uv": [ 7.99999, 15, 16, 16 ], "texture": "#stone_brick" }
			}
		},
		{
			"__comment": "Box1",
			"from": [ 1, 0, -5.5 ],
			"to": [ 2.5, 1, 8 ],
			"faces": {
				"down": { "uv": [ 1, 7.99999, 2.5, 16 ], "texture": "#stone_brick" },
				"up": { "uv": [ 1, 0, 2.5, 8.00001 ], "texture": "#stone_brick" },
				"north": { "uv": [ 13.5, 15, 15, 16 ], "texture": "#stone_brick" },
				"south": { "uv": [ 1, 15, 2.5, 16 ], "texture": "#stone_brick" },
				"west": { "uv": [ 0, 15, 8.00001, 16 ], "texture": "#stone_brick" },
				"east": { "uv": [ 7.99999, 15, 16, 16 ], "texture": "#stone_brick" }
			}
		},
		{
			"__comment": "Box1",
			"from": [ 13.5, 0, 21 ],
			"to": [ 15, 10.5, 22.5 ],
			"rotation": { "origin": [ 13.5, 0, 22.5 ], "axis": "y", "angle": -45 },
			"faces": {
				"down": { "uv": [ 1, 0.9999981, 2.5, 2.499998 ], "texture": "#metal" },
				"up": { "uv": [ 1, 13.5, 2.5, 15 ], "texture": "#metal" },
				"north": { "uv": [ 13.5, 5.5, 15, 16 ], "texture": "#metal" },
				"south": { "uv": [ 1, 5.5, 2.5, 16 ], "texture": "#metal" },
				"west": { "uv": [ 13.5, 5.5, 15, 16 ], "texture": "#metal" },
				"east": { "uv": [ 0.9999981, 5.5, 2.499998, 16 ], "texture": "#metal" }
			}
		},
		{
			"__comment": "Box1",
			"from": [ 2.5, 4.5, 8 ],
			"to": [ 13.5, 5.5, 23 ],
			"faces": {
				"down": { "uv": [ 2.5, 0, 13.5, 8 ], "texture": "#stone_brick" },
				"up": { "uv": [ 2.5, 8, 13.5, 16 ], "texture": "#stone_brick" },
				"north": { "uv": [ 2.5, 10.5, 13.5, 11.5 ], "texture": "#stone_brick" },
				"south": { "uv": [ 2.5, 10.5, 13.5, 11.5 ], "texture": "#stone_brick" },
				"west": { "uv": [ 8, 10.5, 16, 11.5 ], "texture": "#stone_brick" },
				"east": { "uv": [ 0, 10.5, 8, 11.5 ], "texture": "#stone_brick" }
			}
		},
		{
			"__comment": "Box1",
			"from": [ 2.5, 4.5, -7 ],
			"to": [ 13.5, 5.5, 8 ],
			"faces": {
				"down": { "uv": [ 2.5, 7.999999, 13.5, 16 ], "texture": "#stone_brick" },
				"up": { "uv": [ 2, 1, 12.5, 16 ], "texture": "#stone_brick" },
				"north": { "uv": [ 2.5, 10.5, 13.5, 11.5 ], "texture": "#stone_brick" },
				"south": { "uv": [ 2.5, 10.5, 13.5, 11.5 ], "texture": "#stone_brick" },
				"west": { "uv": [ 0, 10.5, 8.000001, 11.5 ], "texture": "#stone_brick" },
				"east": { "uv": [ 7.999999, 10.5, 16, 11.5 ], "texture": "#stone_brick" }
			}
		},
		{
			"__comment": "Box1",
			"from": [ 13.5, 4.5, 21 ],
			"to": [ 14.5, 5.5, 22 ],
			"faces": {
				"down": { "uv": [ 13.5, 10, 14.5, 11 ], "texture": "#stone_brick" },
				"up": { "uv": [ 13.5, 5, 14.5, 6 ], "texture": "#stone_brick" },
				"north": { "uv": [ 1.5, 10.5, 2.5, 11.5 ], "texture": "#stone_brick" },
				"south": { "uv": [ 13.5, 10.5, 14.5, 11.5 ], "texture": "#stone_brick" },
				"west": { "uv": [ 5, 10.5, 6, 11.5 ], "texture": "#stone_brick" },
				"east": { "uv": [ 10, 10.5, 11, 11.5 ], "texture": "#stone_brick" }
			}
		},
		{
			"__comment": "Box1",
			"from": [ 14, 0, 7.25 ],
			"to": [ 15.5, 10, 8.75 ],
			"faces": {
				"down": { "uv": [ 14, 7.25, 15.5, 8.75 ], "texture": "#metal" },
				"up": { "uv": [ 14, 7.25, 15.5, 8.75 ], "texture": "#metal" },
				"north": { "uv": [ 0.5, 6, 2, 16 ], "texture": "#metal" },
				"south": { "uv": [ 14, 6, 15.5, 16 ], "texture": "#metal" },
				"west": { "uv": [ 7.25, 6, 8.75, 16 ], "texture": "#metal" },
				"east": { "uv": [ 7.25, 6, 8.75, 16 ], "texture": "#metal" }
			}
		},
		{
			"__comment": "Box1",
			"from": [ 1.5, 0, -7 ],
			"to": [ 3, 10.5, -5.5 ],
			"rotation": { "origin": [ 1.5, 0, -5.5 ], "axis": "y", "angle": 45 },
			"faces": {
				"down": { "uv": [ 0.4393411, 5.060658, 1.939341, 6.560658 ], "texture": "#metal" },
				"up": { "uv": [ 0.4393411, 9.439342, 1.939341, 10.93934 ], "texture": "#metal" },
				"north": { "uv": [ 14.06066, 5.5, 15.56066, 16 ], "texture": "#metal" },
				"south": { "uv": [ 0.4393411, 5.5, 1.939341, 16 ], "texture": "#metal" },
				"west": { "uv": [ 9.439342, 5.5, 10.93934, 16 ], "texture": "#metal" },
				"east": { "uv": [ 5.060658, 5.5, 6.560658, 16 ], "texture": "#metal" }
			}
		},
		{
			"__comment": "Box1",
			"from": [ 14.25, 8.5, 8.5 ],
			"to": [ 15.25, 9.5, 22.5 ],
			"faces": {
				"down": { "uv": [ 14.25, 0, 15.25, 7.5 ], "texture": "#metal" },
				"up": { "uv": [ 14.25, 8.5, 15.25, 16 ], "texture": "#metal" },
				"north": { "uv": [ 0.75, 6.5, 1.75, 7.5 ], "texture": "#metal" },
				"south": { "uv": [ 14.25, 6.5, 15.25, 7.5 ], "texture": "#metal" },
				"west": { "uv": [ 8.5, 6.5, 16, 7.5 ], "texture": "#metal" },
				"east": { "uv": [ 0, 6.5, 7.5, 7.5 ], "texture": "#metal" }
			}
		},
		{
			"__comment": "Box1",
			"from": [ 14.25, 8.5, -6.5 ],
			"to": [ 15.25, 9.5, 7.5 ],
			"faces": {
				"down": { "uv": [ 14.25, 8.5, 15.25, 16 ], "texture": "#metal" },
				"up": { "uv": [ 14.25, 0, 15.25, 7.5 ], "texture": "#metal" },
				"north": { "uv": [ 0.75, 6.5, 1.75, 7.5 ], "texture": "#metal" },
				"south": { "uv": [ 14.25, 6.5, 15.25, 7.5 ], "texture": "#metal" },
				"west": { "uv": [ 0, 6.5, 7.5, 7.5 ], "texture": "#metal" },
				"east": { "uv": [ 8.5, 6.5, 16, 7.5 ], "texture": "#metal" }
			}
		},
		{
			"__comment": "Box1",
			"from": [ 1.5, 8.5, -7.25 ],
			"to": [ 14.5, 9.5, -6.25 ],
			"faces": {
				"down": { "uv": [ 1.5, 6.25, 14.5, 7.25 ], "texture": "#metal" },
				"up": { "uv": [ 1.5, 8.75, 14.5, 9.75 ], "texture": "#metal" },
				"north": { "uv": [ 1.5, 6.5, 14.5, 7.5 ], "texture": "#metal" },
				"south": { "uv": [ 1.5, 6.5, 14.5, 7.5 ], "texture": "#metal" },
				"west": { "uv": [ 8.75, 6.5, 9.75, 7.5 ], "texture": "#metal" },
				"east": { "uv": [ 6.25, 6.5, 7.25, 7.5 ], "texture": "#metal" }
			}
		},
		{
			"__comment": "Box1",
			"from": [ 0.75, 8.5, -6.5 ],
			"to": [ 1.75, 9.5, 7.5 ],
			"faces": {
				"down": { "uv": [ 0.75, 8.5, 1.75, 16 ], "texture": "#metal" },
				"up": { "uv": [ 0.75, 0, 1.75, 7.5 ], "texture": "#metal" },
				"north": { "uv": [ 14.25, 6.5, 15.25, 7.5 ], "texture": "#metal" },
				"south": { "uv": [ 0.75, 6.5, 1.75, 7.5 ], "texture": "#metal" },
				"west": { "uv": [ 0, 6.5, 7.5, 7.5 ], "texture": "#metal" },
				"east": { "uv": [ 8.5, 6.5, 16, 7.5 ], "texture": "#metal" }
			}
		},
		{
			"__comment": "Box1",
			"from": [ 0.75, 8.5, 8.5 ],
			"to": [ 1.75, 9.5, 22.5 ],
			"faces": {
				"down": { "uv": [ 0.75, 0, 1.75, 7.5 ], "texture": "#metal" },
				"up": { "uv": [ 0.75, 8.5, 1.75, 16 ], "texture": "#metal" },
				"north": { "uv": [ 14.25, 6.5, 15.25, 7.5 ], "texture": "#metal" },
				"south": { "uv": [ 0.75, 6.5, 1.75, 7.5 ], "texture": "#metal" },
				"west": { "uv": [ 8.5, 6.5, 16, 7.5 ], "texture": "#metal" },
				"east": { "uv": [ 0, 6.5, 7.5, 7.5 ], "texture": "#metal" }
			}
		},
		{
			"__comment": "Box1",
			"from": [ 1.5, 8.5, 22.25 ],
			"to": [ 14.5, 9.5, 23.25 ],
			"faces": {
				"down": { "uv": [ 1.5, 8.75, 14.5, 9.75 ], "texture": "#metal" },
				"up": { "uv": [ 1.5, 6.25, 14.5, 7.25 ], "texture": "#metal" },
				"north": { "uv": [ 1.5, 6.5, 14.5, 7.5 ], "texture": "#metal" },
				"south": { "uv": [ 1.5, 6.5, 14.5, 7.5 ], "texture": "#metal" },
				"west": { "uv": [ 6.25, 6.5, 7.25, 7.5 ], "texture": "#metal" },
				"east": { "uv": [ 8.75, 6.5, 9.75, 7.5 ], "texture": "#metal" }
			}
		},
		{
			"__comment": "Box1",
			"from": [ 12.5, -0.0009999999, -7.5 ],
			"to": [ 13.5, 7.999, -3.5 ],
			"rotation": { "origin": [ 13, 0, -7 ], "axis": "y", "angle": 45 },
			"faces": {
				"down": { "uv": [ 12.2929, 3, 13.2929, 7 ], "texture": "#stone_brick" },
				"up": { "uv": [ 12.2929, 9, 13.2929, 13 ], "texture": "#stone_brick" },
				"north": { "uv": [ 2.7071, 8.000999, 3.7071, 16 ], "texture": "#stone_brick" },
				"south": { "uv": [ 12.2929, 8.000999, 13.2929, 16 ], "texture": "#stone_brick" },
				"west": { "uv": [ 9, 8.000999, 13, 16 ], "texture": "#stone_brick" },
				"east": { "uv": [ 3, 8.000999, 7, 16 ], "texture": "#stone_brick" }
			}
		},
		{
			"__comment": "Box1",
			"from": [ 0.5, 0, 7.25 ],
			"to": [ 2, 10, 8.75 ],
			"faces": {
				"down": { "uv": [ 0.5, 7.25, 2, 8.75 ], "texture": "#metal" },
				"up": { "uv": [ 0.5, 7.25, 2, 8.75 ], "texture": "#metal" },
				"north": { "uv": [ 14, 6, 15.5, 16 ], "texture": "#metal" },
				"south": { "uv": [ 0.5, 6, 2, 16 ], "texture": "#metal" },
				"west": { "uv": [ 7.25, 6, 8.75, 16 ], "texture": "#metal" },
				"east": { "uv": [ 7.25, 6, 8.75, 16 ], "texture": "#metal" }
			}
		},
		{
			"__comment": "Box1",
			"from": [ 2.5, -0.0009999999, -7.5 ],
			"to": [ 3.5, 7.999, -3.5 ],
			"rotation": { "origin": [ 3, 0, -7 ], "axis": "y", "angle": -45 },
			"faces": {
				"down": { "uv": [ 3, 3.7071, 4, 7.7071 ], "texture": "#stone_brick" },
				"up": { "uv": [ 3, 8.2929, 4, 12.2929 ], "texture": "#stone_brick" },
				"north": { "uv": [ 12, 8.000999, 13, 16 ], "texture": "#stone_brick" },
				"south": { "uv": [ 3, 8.000999, 4, 16 ], "texture": "#stone_brick" },
				"west": { "uv": [ 8.2929, 8.000999, 12.2929, 16 ], "texture": "#stone_brick" },
				"east": { "uv": [ 3.7071, 8.000999, 7.7071, 16 ], "texture": "#stone_brick" }
			}
		},
		{
			"__comment": "Box1",
			"from": [ 2.5, -0.0009999999, 19.5 ],
			"to": [ 3.5, 7.999, 23.5 ],
			"rotation": { "origin": [ 3.000001, 0, 23 ], "axis": "y", "angle": 45 },
			"faces": {
				"down": { "uv": [ 0.1716001, 7.1213, 1.1716, 11.1213 ], "texture": "#stone_brick" },
				"up": { "uv": [ 0.1716001, 4.8787, 1.1716, 8.8787 ], "texture": "#stone_brick" },
				"north": { "uv": [ 14.8284, 8.001001, 15.8284, 16 ], "texture": "#stone_brick" },
				"south": { "uv": [ 0.1716001, 8.001001, 1.1716, 16 ], "texture": "#stone_brick" },
				"west": { "uv": [ 4.8787, 8.001001, 8.8787, 16 ], "texture": "#stone_brick" },
				"east": { "uv": [ 7.1213, 8.001001, 11.1213, 16 ], "texture": "#stone_brick" }
			}
		},
		{
			"__comment": "Box1",
			"from": [ 0, 0, 10 ],
			"to": [ 1.5, 8, 21 ],
			"faces": {
				"down": { "uv": [ 8.34465E-07, 0, 1.500001, 6 ], "texture": "#stone_brick" },
				"up": { "uv": [ 8.34465E-07, 10, 1.500001, 16 ], "texture": "#stone_brick" },
				"north": { "uv": [ 14.5, 8, 16, 16 ], "texture": "#stone_brick" },
				"south": { "uv": [ 8.34465E-07, 8, 1.500001, 16 ], "texture": "#stone_brick" },
				"west": { "uv": [ 10, 8, 16, 16 ], "texture": "#stone_brick" },
				"east": { "uv": [ 0, 8, 6, 16 ], "texture": "#stone_brick" }
			}
		},
		{
			"__comment": "Box1",
			"from": [ 0, 0, -5 ],
			"to": [ 1.5, 8, 6 ],
			"faces": {
				"down": { "uv": [ 0, 10, 1.499999, 16 ], "texture": "#stone_brick" },
				"up": { "uv": [ 0, 0, 1.499999, 6 ], "texture": "#stone_brick" },
				"north": { "uv": [ 14.5, 8, 16, 16 ], "texture": "#stone_brick" },
				"south": { "uv": [ 0, 8, 1.499999, 16 ], "texture": "#stone_brick" },
				"west": { "uv": [ 0, 8, 6, 16 ], "texture": "#stone_brick" },
				"east": { "uv": [ 10, 8, 16, 16 ], "texture": "#stone_brick" }
			}
		},
		{
			"__comment": "Box1",
			"from": [ 14.5, 0, 10 ],
			"to": [ 16, 8, 21 ],
			"faces": {
				"down": { "uv": [ 14.5, 0, 16, 6 ], "texture": "#stone_brick" },
				"up": { "uv": [ 14.5, 10, 16, 16 ], "texture": "#stone_brick" },
				"north": { "uv": [ 1.907349E-06, 8, 1.500002, 16 ], "texture": "#stone_brick" },
				"south": { "uv": [ 14.5, 8, 16, 16 ], "texture": "#stone_brick" },
				"west": { "uv": [ 10, 8, 16, 16 ], "texture": "#stone_brick" },
				"east": { "uv": [ 0, 8, 6, 16 ], "texture": "#stone_brick" }
			}
		},
		{
			"__comment": "Box1",
			"from": [ 14.5, 0, -5 ],
			"to": [ 16, 8, 6 ],
			"faces": {
				"down": { "uv": [ 14.5, 10, 16, 16 ], "texture": "#stone_brick" },
				"up": { "uv": [ 14.5, 0, 16, 6 ], "texture": "#stone_brick" },
				"north": { "uv": [ 0, 8, 1.5, 16 ], "texture": "#stone_brick" },
				"south": { "uv": [ 14.5, 8, 16, 16 ], "texture": "#stone_brick" },
				"west": { "uv": [ 0, 8, 6, 16 ], "texture": "#stone_brick" },
				"east": { "uv": [ 10, 8, 16, 16 ], "texture": "#stone_brick" }
			}
		},
		{
			"__comment": "Box1",
			"from": [ 0.5, 0, 21 ],
			"to": [ 2, 10.5, 22.5 ],
			"rotation": { "origin": [ 0.5, 0, 22.5 ], "axis": "y", "angle": -45 },
			"faces": {
				"down": { "uv": [ 1, 0.9999981, 2.5, 2.499998 ], "texture": "#metal" },
				"up": { "uv": [ 1, 13.5, 2.5, 15 ], "texture": "#metal" },
				"north": { "uv": [ 13.5, 5.5, 15, 16 ], "texture": "#metal" },
				"south": { "uv": [ 1, 5.5, 2.5, 16 ], "texture": "#metal" },
				"west": { "uv": [ 13.5, 5.5, 15, 16 ], "texture": "#metal" },
				"east": { "uv": [ 0.9999981, 5.5, 2.499998, 16 ], "texture": "#metal" }
			}
		},
		{
			"__comment": "Box1",
			"from": [ 13.5, 4.5, 8.5 ],
			"to": [ 15, 5.5, 21 ],
			"faces": {
				"down": { "uv": [ 13.5, 0, 15, 7.5 ], "texture": "#stone_brick" },
				"up": { "uv": [ 13.5, 8.5, 15, 16 ], "texture": "#stone_brick" },
				"north": { "uv": [ 1, 10.5, 2.5, 11.5 ], "texture": "#stone_brick" },
				"south": { "uv": [ 13.5, 10.5, 15, 11.5 ], "texture": "#stone_brick" },
				"west": { "uv": [ 8.5, 10.5, 16, 11.5 ], "texture": "#stone_brick" },
				"east": { "uv": [ 0, 10.5, 7.5, 11.5 ], "texture": "#stone_brick" }
			}
		},
		{
			"__comment": "Box1",
			"from": [ 13.5, 4.5, -6 ],
			"to": [ 14.5, 5.5, -5 ],
			"faces": {
				"down": { "uv": [ 13.5, 5, 14.5, 6 ], "texture": "#stone_brick" },
				"up": { "uv": [ 13.5, 10, 14.5, 11 ], "texture": "#stone_brick" },
				"north": { "uv": [ 1.5, 10.5, 2.5, 11.5 ], "texture": "#stone_brick" },
				"south": { "uv": [ 13.5, 10.5, 14.5, 11.5 ], "texture": "#stone_brick" },
				"west": { "uv": [ 10, 10.5, 11, 11.5 ], "texture": "#stone_brick" },
				"east": { "uv": [ 5, 10.5, 6, 11.5 ], "texture": "#stone_brick" }
			}
		},
		{
			"__comment": "Box1",
			"from": [ 13.5, 4.5, -5 ],
			"to": [ 15, 5.5, 7.5 ],
			"faces": {
				"down": { "uv": [ 13.5, 8.5, 15, 16 ], "texture": "#stone_brick" },
				"up": { "uv": [ 13.5, 0, 15, 7.5 ], "texture": "#stone_brick" },
				"north": { "uv": [ 1, 10.5, 2.5, 11.5 ], "texture": "#stone_brick" },
				"south": { "uv": [ 13.5, 10.5, 15, 11.5 ], "texture": "#stone_brick" },
				"west": { "uv": [ 0, 10.5, 7.5, 11.5 ], "texture": "#stone_brick" },
				"east": { "uv": [ 8.5, 10.5, 16, 11.5 ], "texture": "#stone_brick" }
			}
		},
		{
			"__comment": "Box1",
			"from": [ 1.5, 4.5, 21 ],
			"to": [ 2.5, 5.5, 22 ],
			"faces": {
				"down": { "uv": [ 1.5, 10, 2.5, 11 ], "texture": "#stone_brick" },
				"up": { "uv": [ 1.5, 5, 2.5, 6 ], "texture": "#stone_brick" },
				"north": { "uv": [ 13.5, 10.5, 14.5, 11.5 ], "texture": "#stone_brick" },
				"south": { "uv": [ 1.5, 10.5, 2.5, 11.5 ], "texture": "#stone_brick" },
				"west": { "uv": [ 5, 10.5, 6, 11.5 ], "texture": "#stone_brick" },
				"east": { "uv": [ 10, 10.5, 11, 11.5 ], "texture": "#stone_brick" }
			}
		},
		{
			"__comment": "Box1",
			"from": [ 1, 4.5, 8.5 ],
			"to": [ 2.5, 5.5, 21 ],
			"faces": {
				"down": { "uv": [ 1, 0, 2.5, 7.5 ], "texture": "#stone_brick" },
				"up": { "uv": [ 1, 8.5, 2.5, 16 ], "texture": "#stone_brick" },
				"north": { "uv": [ 13.5, 10.5, 15, 11.5 ], "texture": "#stone_brick" },
				"south": { "uv": [ 1, 10.5, 2.5, 11.5 ], "texture": "#stone_brick" },
				"west": { "uv": [ 8.5, 10.5, 16, 11.5 ], "texture": "#stone_brick" },
				"east": { "uv": [ 0, 10.5, 7.5, 11.5 ], "texture": "#stone_brick" }
			}
		},
		{
			"__comment": "Box1",
			"from": [ 1.5, 4.5, -6 ],
			"to": [ 2.5, 5.5, -5 ],
			"faces": {
				"down": { "uv": [ 1.5, 5, 2.5, 6 ], "texture": "#stone_brick" },
				"up": { "uv": [ 1.5, 10, 2.5, 11 ], "texture": "#stone_brick" },
				"north": { "uv": [ 13.5, 10.5, 14.5, 11.5 ], "texture": "#stone_brick" },
				"south": { "uv": [ 1.5, 10.5, 2.5, 11.5 ], "texture": "#stone_brick" },
				"west": { "uv": [ 10, 10.5, 11, 11.5 ], "texture": "#stone_brick" },
				"east": { "uv": [ 5, 10.5, 6, 11.5 ], "texture": "#stone_brick" }
			}
		},
		{
			"__comment": "Box1",
			"from": [ 1, 4.5, -5 ],
			"to": [ 2.5, 5.5, 7.5 ],
			"faces": {
				"down": { "uv": [ 1, 8.5, 2.5, 16 ], "texture": "#stone_brick" },
				"up": { "uv": [ 1, 0, 2.5, 7.5 ], "texture": "#stone_brick" },
				"north": { "uv": [ 13.5, 10.5, 15, 11.5 ], "texture": "#stone_brick" },
				"south": { "uv": [ 1, 10.5, 2.5, 11.5 ], "texture": "#stone_brick" },
				"west": { "uv": [ 0, 10.5, 7.5, 11.5 ], "texture": "#stone_brick" },
				"east": { "uv": [ 8.5, 10.5, 16, 11.5 ], "texture": "#stone_brick" }
			}
		},
		{
			"__comment": "Box1",
			"from": [ 13, 0, -7 ],
			"to": [ 14.5, 10.5, -5.5 ],
			"rotation": { "origin": [ 14.5, 0, -5.5 ], "axis": "y", "angle": -45 },
			"faces": {
				"down": { "uv": [ 14.5, 6.121315, 16, 7.621315 ], "texture": "#metal" },
				"up": { "uv": [ 14.5, 8.378685, 16, 9.878685 ], "texture": "#metal" },
				"north": { "uv": [ 0, 5.5, 1.5, 16 ], "texture": "#metal" },
				"south": { "uv": [ 14.5, 5.5, 16, 16 ], "texture": "#metal" },
				"west": { "uv": [ 8.378685, 5.5, 9.878685, 16 ], "texture": "#metal" },
				"east": { "uv": [ 6.121315, 5.5, 7.621315, 16 ], "texture": "#metal" }
			}
		}
	],
	"display": {
		"thirdperson_righthand": {
			"rotation":  [ 75, 45, 0 ],
			"translation":  [ 0, 2.5, 0 ],
			"scale":  [ 0.375, 0.375, 0.375 ]
		},
		"thirdperson_lefthand": {
			"rotation":  [ 75, 45, 0 ],
			"translation":  [ 0, 2.5, 0 ],
			"scale":  [ 0.375, 0.375, 0.375 ]
		},
		"firstperson_righthand": {
			"scale":  [ 0.4, 0.4, 0.4 ]
		},
		"firstperson_lefthand": {
			"scale":  [ 0.4, 0.4, 0.4 ]
		},
		"gui": {
			"rotation":  [ 30, 225, 0 ],
			"scale":  [ 0.4, 0.4, 0.4 ]
		},
		"ground": {
			"translation":  [ 0, 3, 0 ],
			"scale":  [ 0.25, 0.25, 0.25 ]
		},
		"fixed": {
			"scale":  [ 0.5, 0.5, 0.5 ]
		}
	}
}