{   "parent": "block/block",
    "textures": {
        "particle": "drpmedieval:blocks/dry_clay/dry_clay",
        "all": "drpmedieval:blocks/dry_clay/dry_clay",
        "overlay_top": "drpmedieval:blocks/dry_clay/dry_clay_grass",
        "overlay": "drpmedieval:blocks/dry_clay/dry_clay_grass_side"
    },
    "elements": [
        {   "from": [ 0, 0, 0 ],
            "to": [ 16, 16, 16 ],
            "faces": {
                "down":  { "uv": [ 0, 0, 16, 16 ], "texture": "#all", "cullface": "down" },
                "up":    { "uv": [ 0, 0, 16, 16 ], "texture": "#all",    "cullface": "up"},
                "north": { "uv": [ 0, 0, 16, 16 ], "texture": "#all",   "cullface": "north" },
                "south": { "uv": [ 0, 0, 16, 16 ], "texture": "#all",   "cullface": "south" },
                "west":  { "uv": [ 0, 0, 16, 16 ], "texture": "#all",   "cullface": "west" },
                "east":  { "uv": [ 0, 0, 16, 16 ], "texture": "#all",   "cullface": "east" }
            }
        },
        {   "from": [ 0, 0, 0 ],
            "to": [ 16, 16, 16 ],
            "faces": {
                "up": { "uv": [ 0, 0, 16, 16 ], "texture": "#overlay_top", "tintindex": 0, "cullface": "up" },
                "north": { "uv": [ 0, 0, 16, 16 ], "texture": "#overlay", "tintindex": 0, "cullface": "north" },
                "south": { "uv": [ 0, 0, 16, 16 ], "texture": "#overlay", "tintindex": 0, "cullface": "south" },
                "west":  { "uv": [ 0, 0, 16, 16 ], "texture": "#overlay", "tintindex": 0, "cullface": "west" },
                "east":  { "uv": [ 0, 0, 16, 16 ], "texture": "#overlay", "tintindex": 0, "cullface": "east" }
            }
        }
    ]
}
